ID,F,S11,Lfeed,Lp,Lslot,Lslot_plus,Rc,Wfeed,Wp,Wslot,Wslot_plus,t,xsub,ysub
0,1,-0.559710954,10,30,6,6.65,6,3,32,2,1.7,8.6,43,52
0,1.010033445,-0.572361098,10,30,6,6.65,6,3,32,2,1.7,8.6,43,52
0,1.02006689,-0.585944636,10,30,6,6.65,6,3,32,2,1.7,8.6,43,52
0,1.030100334,-0.600592492,10,30,6,6.65,6,3,32,2,1.7,8.6,43,52
0,1.040133779,-0.616302922,10,30,6,6.65,6,3,32,2,1.7,8.6,43,52
0,1.050167224,-0.633187527,10,30,6,6.65,6,3,32,2,1.7,8.6,43,52
0,1.060200669,-0.651244813,10,30,6,6.65,6,3,32,2,1.7,8.6,43,52
0,1.070234114,-0.670548429,10,30,6,6.65,6,3,32,2,1.7,8.6,43,52
0,1.080267559,-0.691141527,10,30,6,6.65,6,3,32,2,1.7,8.6,43,52
0,1.090301003,-0.713038383,10,30,6,6.65,6,3,32,2,1.7,8.6,43,52
0,1.100334448,-0.736332836,10,30,6,6.65,6,3,32,2,1.7,8.6,43,52
0,1.110367893,-0.760987724,10,30,6,6.65,6,3,32,2,1.7,8.6,43,52
0,1.120401338,-0.787112053,10,30,6,6.65,6,3,32,2,1.7,8.6,43,52
0,1.130434783,-0.814673021,10,30,6,6.65,6,3,32,2,1.7,8.6,43,52
0,1.140468227,-0.843727635,10,30,6,6.65,6,3,32,2,1.7,8.6,43,52
0,1.150501672,-0.874302199,10,30,6,6.65,6,3,32,2,1.7,8.6,43,52
0,1.160535117,-0.906383322,10,30,6,6.65,6,3,32,2,1.7,8.6,43,52
0,1.170568562,-0.94005478,10,30,6,6.65,6,3,32,2,1.7,8.6,43,52
0,1.180602007,-0.975247951,10,30,6,6.65,6,3,32,2,1.7,8.6,43,52
0,1.190635452,-1.012057426,10,30,6,6.65,6,3,32,2,1.7,8.6,43,52
0,1.200668896,-1.050428468,10,30,6,6.65,6,3,32,2,1.7,8.6,43,52
0,1.210702341,-1.090394583,10,30,6,6.65,6,3,32,2,1.7,8.6,43,52
0,1.220735786,-1.131967332,10,30,6,6.65,6,3,32,2,1.7,8.6,43,52
0,1.230769231,-1.175102708,10,30,6,6.65,6,3,32,2,1.7,8.6,43,52
0,1.240802676,-1.219874451,10,30,6,6.65,6,3,32,2,1.7,8.6,43,52
0,1.25083612,-1.266187937,10,30,6,6.65,6,3,32,2,1.7,8.6,43,52
0,1.260869565,-1.314116847,10,30,6,6.65,6,3,32,2,1.7,8.6,43,52
0,1.27090301,-1.363587782,10,30,6,6.65,6,3,32,2,1.7,8.6,43,52
0,1.280936455,-1.414612004,10,30,6,6.65,6,3,32,2,1.7,8.6,43,52
0,1.2909699,-1.467182191,10,30,6,6.65,6,3,32,2,1.7,8.6,43,52
0,1.301003344,-1.521236289,10,30,6,6.65,6,3,32,2,1.7,8.6,43,52
0,1.311036789,-1.576825546,10,30,6,6.65,6,3,32,2,1.7,8.6,43,52
0,1.321070234,-1.633840071,10,30,6,6.65,6,3,32,2,1.7,8.6,43,52
0,1.331103679,-1.692327059,10,30,6,6.65,6,3,32,2,1.7,8.6,43,52
0,1.341137124,-1.752200875,10,30,6,6.65,6,3,32,2,1.7,8.6,43,52
0,1.351170569,-1.813450698,10,30,6,6.65,6,3,32,2,1.7,8.6,43,52
0,1.361204013,-1.876051843,10,30,6,6.65,6,3,32,2,1.7,8.6,43,52
0,1.371237458,-1.939925385,10,30,6,6.65,6,3,32,2,1.7,8.6,43,52
0,1.381270903,-2.00509919,10,30,6,6.65,6,3,32,2,1.7,8.6,43,52
0,1.391304348,-2.07145652,10,30,6,6.65,6,3,32,2,1.7,8.6,43,52
0,1.401337793,-2.139010279,10,30,6,6.65,6,3,32,2,1.7,8.6,43,52
0,1.411371237,-2.207676882,10,30,6,6.65,6,3,32,2,1.7,8.6,43,52
0,1.421404682,-2.277418835,10,30,6,6.65,6,3,32,2,1.7,8.6,43,52
0,1.431438127,-2.348193104,10,30,6,6.65,6,3,32,2,1.7,8.6,43,52
0,1.441471572,-2.419918584,10,30,6,6.65,6,3,32,2,1.7,8.6,43,52
0,1.451505017,-2.49258867,10,30,6,6.65,6,3,32,2,1.7,8.6,43,52
0,1.461538462,-2.56609228,10,30,6,6.65,6,3,32,2,1.7,8.6,43,52
0,1.471571906,-2.640413986,10,30,6,6.65,6,3,32,2,1.7,8.6,43,52
0,1.481605351,-2.715465831,10,30,6,6.65,6,3,32,2,1.7,8.6,43,52
0,1.491638796,-2.791196403,10,30,6,6.65,6,3,32,2,1.7,8.6,43,52
0,1.501672241,-2.86755011,10,30,6,6.65,6,3,32,2,1.7,8.6,43,52
0,1.511705686,-2.9444442,10,30,6,6.65,6,3,32,2,1.7,8.6,43,52
0,1.52173913,-3.021844188,10,30,6,6.65,6,3,32,2,1.7,8.6,43,52
0,1.531772575,-3.099655103,10,30,6,6.65,6,3,32,2,1.7,8.6,43,52
0,1.54180602,-3.17782947,10,30,6,6.65,6,3,32,2,1.7,8.6,43,52
0,1.551839465,-3.256293689,10,30,6,6.65,6,3,32,2,1.7,8.6,43,52
0,1.56187291,-3.334985949,10,30,6,6.65,6,3,32,2,1.7,8.6,43,52
0,1.571906355,-3.413838117,10,30,6,6.65,6,3,32,2,1.7,8.6,43,52
0,1.581939799,-3.492786439,10,30,6,6.65,6,3,32,2,1.7,8.6,43,52
0,1.591973244,-3.571766112,10,30,6,6.65,6,3,32,2,1.7,8.6,43,52
0,1.602006689,-3.65071233,10,30,6,6.65,6,3,32,2,1.7,8.6,43,52
0,1.612040134,-3.729562007,10,30,6,6.65,6,3,32,2,1.7,8.6,43,52
0,1.622073579,-3.808252368,10,30,6,6.65,6,3,32,2,1.7,8.6,43,52
0,1.632107023,-3.886727049,10,30,6,6.65,6,3,32,2,1.7,8.6,43,52
0,1.642140468,-3.964920523,10,30,6,6.65,6,3,32,2,1.7,8.6,43,52
0,1.652173913,-4.042788975,10,30,6,6.65,6,3,32,2,1.7,8.6,43,52
0,1.662207358,-4.120254542,10,30,6,6.65,6,3,32,2,1.7,8.6,43,52
0,1.672240803,-4.197290173,10,30,6,6.65,6,3,32,2,1.7,8.6,43,52
0,1.682274247,-4.273826241,10,30,6,6.65,6,3,32,2,1.7,8.6,43,52
0,1.692307692,-4.349826379,10,30,6,6.65,6,3,32,2,1.7,8.6,43,52
0,1.702341137,-4.425245725,10,30,6,6.65,6,3,32,2,1.7,8.6,43,52
0,1.712374582,-4.500027993,10,30,6,6.65,6,3,32,2,1.7,8.6,43,52
0,1.722408027,-4.574165687,10,30,6,6.65,6,3,32,2,1.7,8.6,43,52
0,1.732441472,-4.647573506,10,30,6,6.65,6,3,32,2,1.7,8.6,43,52
0,1.742474916,-4.72026712,10,30,6,6.65,6,3,32,2,1.7,8.6,43,52
0,1.752508361,-4.792185777,10,30,6,6.65,6,3,32,2,1.7,8.6,43,52
0,1.762541806,-4.863316998,10,30,6,6.65,6,3,32,2,1.7,8.6,43,52
0,1.772575251,-4.93363898,10,30,6,6.65,6,3,32,2,1.7,8.6,43,52
0,1.782608696,-5.003113595,10,30,6,6.65,6,3,32,2,1.7,8.6,43,52
0,1.79264214,-5.07176063,10,30,6,6.65,6,3,32,2,1.7,8.6,43,52
0,1.802675585,-5.139511323,10,30,6,6.65,6,3,32,2,1.7,8.6,43,52
0,1.81270903,-5.206406702,10,30,6,6.65,6,3,32,2,1.7,8.6,43,52
0,1.822742475,-5.272407568,10,30,6,6.65,6,3,32,2,1.7,8.6,43,52
0,1.83277592,-5.337520564,10,30,6,6.65,6,3,32,2,1.7,8.6,43,52
0,1.842809365,-5.401748876,10,30,6,6.65,6,3,32,2,1.7,8.6,43,52
0,1.852842809,-5.465068734,10,30,6,6.65,6,3,32,2,1.7,8.6,43,52
0,1.862876254,-5.527522001,10,30,6,6.65,6,3,32,2,1.7,8.6,43,52
0,1.872909699,-5.589058736,10,30,6,6.65,6,3,32,2,1.7,8.6,43,52
0,1.882943144,-5.649735919,10,30,6,6.65,6,3,32,2,1.7,8.6,43,52
0,1.892976589,-5.709529627,10,30,6,6.65,6,3,32,2,1.7,8.6,43,52
0,1.903010033,-5.768464628,10,30,6,6.65,6,3,32,2,1.7,8.6,43,52
0,1.913043478,-5.826553392,10,30,6,6.65,6,3,32,2,1.7,8.6,43,52
0,1.923076923,-5.883785149,10,30,6,6.65,6,3,32,2,1.7,8.6,43,52
0,1.933110368,-5.940213167,10,30,6,6.65,6,3,32,2,1.7,8.6,43,52
0,1.943143813,-5.99579809,10,30,6,6.65,6,3,32,2,1.7,8.6,43,52
0,1.953177258,-6.050601879,10,30,6,6.65,6,3,32,2,1.7,8.6,43,52
0,1.963210702,-6.104611539,10,30,6,6.65,6,3,32,2,1.7,8.6,43,52
0,1.973244147,-6.15785005,10,30,6,6.65,6,3,32,2,1.7,8.6,43,52
0,1.983277592,-6.21033981,10,30,6,6.65,6,3,32,2,1.7,8.6,43,52
0,1.993311037,-6.262071602,10,30,6,6.65,6,3,32,2,1.7,8.6,43,52
0,2.003344482,-6.31309398,10,30,6,6.65,6,3,32,2,1.7,8.6,43,52
0,2.013377926,-6.363379901,10,30,6,6.65,6,3,32,2,1.7,8.6,43,52
0,2.023411371,-6.412980125,10,30,6,6.65,6,3,32,2,1.7,8.6,43,52
0,2.033444816,-6.461884066,10,30,6,6.65,6,3,32,2,1.7,8.6,43,52
0,2.043478261,-6.510111916,10,30,6,6.65,6,3,32,2,1.7,8.6,43,52
0,2.053511706,-6.557682646,10,30,6,6.65,6,3,32,2,1.7,8.6,43,52
0,2.063545151,-6.604583267,10,30,6,6.65,6,3,32,2,1.7,8.6,43,52
0,2.073578595,-6.650858341,10,30,6,6.65,6,3,32,2,1.7,8.6,43,52
0,2.08361204,-6.696478285,10,30,6,6.65,6,3,32,2,1.7,8.6,43,52
0,2.093645485,-6.741484117,10,30,6,6.65,6,3,32,2,1.7,8.6,43,52
0,2.10367893,-6.785866765,10,30,6,6.65,6,3,32,2,1.7,8.6,43,52
0,2.113712375,-6.829635775,10,30,6,6.65,6,3,32,2,1.7,8.6,43,52
0,2.123745819,-6.872809533,10,30,6,6.65,6,3,32,2,1.7,8.6,43,52
0,2.133779264,-6.915369706,10,30,6,6.65,6,3,32,2,1.7,8.6,43,52
0,2.143812709,-6.957354445,10,30,6,6.65,6,3,32,2,1.7,8.6,43,52
0,2.153846154,-6.998733436,10,30,6,6.65,6,3,32,2,1.7,8.6,43,52
0,2.163879599,-7.039542258,10,30,6,6.65,6,3,32,2,1.7,8.6,43,52
0,2.173913043,-7.079770379,10,30,6,6.65,6,3,32,2,1.7,8.6,43,52
0,2.183946488,-7.119425652,10,30,6,6.65,6,3,32,2,1.7,8.6,43,52
0,2.193979933,-7.158521565,10,30,6,6.65,6,3,32,2,1.7,8.6,43,52
0,2.204013378,-7.197043624,10,30,6,6.65,6,3,32,2,1.7,8.6,43,52
0,2.214046823,-7.235026937,10,30,6,6.65,6,3,32,2,1.7,8.6,43,52
0,2.224080268,-7.272443902,10,30,6,6.65,6,3,32,2,1.7,8.6,43,52
0,2.234113712,-7.309331538,10,30,6,6.65,6,3,32,2,1.7,8.6,43,52
0,2.244147157,-7.345679955,10,30,6,6.65,6,3,32,2,1.7,8.6,43,52
0,2.254180602,-7.381501126,10,30,6,6.65,6,3,32,2,1.7,8.6,43,52
0,2.264214047,-7.416813342,10,30,6,6.65,6,3,32,2,1.7,8.6,43,52
0,2.274247492,-7.45160451,10,30,6,6.65,6,3,32,2,1.7,8.6,43,52
0,2.284280936,-7.485914085,10,30,6,6.65,6,3,32,2,1.7,8.6,43,52
0,2.294314381,-7.51972525,10,30,6,6.65,6,3,32,2,1.7,8.6,43,52
0,2.304347826,-7.55307223,10,30,6,6.65,6,3,32,2,1.7,8.6,43,52
0,2.314381271,-7.585959312,10,30,6,6.65,6,3,32,2,1.7,8.6,43,52
0,2.324414716,-7.618401183,10,30,6,6.65,6,3,32,2,1.7,8.6,43,52
0,2.334448161,-7.650421536,10,30,6,6.65,6,3,32,2,1.7,8.6,43,52
0,2.344481605,-7.682019584,10,30,6,6.65,6,3,32,2,1.7,8.6,43,52
0,2.35451505,-7.713235678,10,30,6,6.65,6,3,32,2,1.7,8.6,43,52
0,2.364548495,-7.74406417,10,30,6,6.65,6,3,32,2,1.7,8.6,43,52
0,2.37458194,-7.774542428,10,30,6,6.65,6,3,32,2,1.7,8.6,43,52
0,2.384615385,-7.804679614,10,30,6,6.65,6,3,32,2,1.7,8.6,43,52
0,2.394648829,-7.834496254,10,30,6,6.65,6,3,32,2,1.7,8.6,43,52
0,2.404682274,-7.864018865,10,30,6,6.65,6,3,32,2,1.7,8.6,43,52
0,2.414715719,-7.893254587,10,30,6,6.65,6,3,32,2,1.7,8.6,43,52
0,2.424749164,-7.922236975,10,30,6,6.65,6,3,32,2,1.7,8.6,43,52
0,2.434782609,-7.950973697,10,30,6,6.65,6,3,32,2,1.7,8.6,43,52
0,2.444816054,-7.979490169,10,30,6,6.65,6,3,32,2,1.7,8.6,43,52
0,2.454849498,-8.007802792,10,30,6,6.65,6,3,32,2,1.7,8.6,43,52
0,2.464882943,-8.035926211,10,30,6,6.65,6,3,32,2,1.7,8.6,43,52
0,2.474916388,-8.063879454,10,30,6,6.65,6,3,32,2,1.7,8.6,43,52
0,2.484949833,-8.091670796,10,30,6,6.65,6,3,32,2,1.7,8.6,43,52
0,2.494983278,-8.119319504,10,30,6,6.65,6,3,32,2,1.7,8.6,43,52
0,2.505016722,-8.146828037,10,30,6,6.65,6,3,32,2,1.7,8.6,43,52
0,2.515050167,-8.17420892,10,30,6,6.65,6,3,32,2,1.7,8.6,43,52
0,2.525083612,-8.201466171,10,30,6,6.65,6,3,32,2,1.7,8.6,43,52
0,2.535117057,-8.228601443,10,30,6,6.65,6,3,32,2,1.7,8.6,43,52
0,2.545150502,-8.255616258,10,30,6,6.65,6,3,32,2,1.7,8.6,43,52
0,2.555183946,-8.282499684,10,30,6,6.65,6,3,32,2,1.7,8.6,43,52
0,2.565217391,-8.30925145,10,30,6,6.65,6,3,32,2,1.7,8.6,43,52
0,2.575250836,-8.335853689,10,30,6,6.65,6,3,32,2,1.7,8.6,43,52
0,2.585284281,-8.362294388,10,30,6,6.65,6,3,32,2,1.7,8.6,43,52
0,2.595317726,-8.388552894,10,30,6,6.65,6,3,32,2,1.7,8.6,43,52
0,2.605351171,-8.41460071,10,30,6,6.65,6,3,32,2,1.7,8.6,43,52
0,2.615384615,-8.440415323,10,30,6,6.65,6,3,32,2,1.7,8.6,43,52
0,2.62541806,-8.465950941,10,30,6,6.65,6,3,32,2,1.7,8.6,43,52
0,2.635451505,-8.491182183,10,30,6,6.65,6,3,32,2,1.7,8.6,43,52
0,2.64548495,-8.516052928,10,30,6,6.65,6,3,32,2,1.7,8.6,43,52
0,2.655518395,-8.5405229,10,30,6,6.65,6,3,32,2,1.7,8.6,43,52
0,2.665551839,-8.564535236,10,30,6,6.65,6,3,32,2,1.7,8.6,43,52
0,2.675585284,-8.588022517,10,30,6,6.65,6,3,32,2,1.7,8.6,43,52
0,2.685618729,-8.610941312,10,30,6,6.65,6,3,32,2,1.7,8.6,43,52
0,2.695652174,-8.633188019,10,30,6,6.65,6,3,32,2,1.7,8.6,43,52
0,2.705685619,-8.654726925,10,30,6,6.65,6,3,32,2,1.7,8.6,43,52
0,2.715719064,-8.675446574,10,30,6,6.65,6,3,32,2,1.7,8.6,43,52
0,2.725752508,-8.695286908,10,30,6,6.65,6,3,32,2,1.7,8.6,43,52
0,2.735785953,-8.714156177,10,30,6,6.65,6,3,32,2,1.7,8.6,43,52
0,2.745819398,-8.731947456,10,30,6,6.65,6,3,32,2,1.7,8.6,43,52
0,2.755852843,-8.748611135,10,30,6,6.65,6,3,32,2,1.7,8.6,43,52
0,2.765886288,-8.763975951,10,30,6,6.65,6,3,32,2,1.7,8.6,43,52
0,2.775919732,-8.778025508,10,30,6,6.65,6,3,32,2,1.7,8.6,43,52
0,2.785953177,-8.790597201,10,30,6,6.65,6,3,32,2,1.7,8.6,43,52
0,2.795986622,-8.801628385,10,30,6,6.65,6,3,32,2,1.7,8.6,43,52
0,2.806020067,-8.811014661,10,30,6,6.65,6,3,32,2,1.7,8.6,43,52
0,2.816053512,-8.818622487,10,30,6,6.65,6,3,32,2,1.7,8.6,43,52
0,2.826086957,-8.824428347,10,30,6,6.65,6,3,32,2,1.7,8.6,43,52
0,2.836120401,-8.828217005,10,30,6,6.65,6,3,32,2,1.7,8.6,43,52
0,2.846153846,-8.830018724,10,30,6,6.65,6,3,32,2,1.7,8.6,43,52
0,2.856187291,-8.829656918,10,30,6,6.65,6,3,32,2,1.7,8.6,43,52
0,2.866220736,-8.827092579,10,30,6,6.65,6,3,32,2,1.7,8.6,43,52
0,2.876254181,-8.822251683,10,30,6,6.65,6,3,32,2,1.7,8.6,43,52
0,2.886287625,-8.815005687,10,30,6,6.65,6,3,32,2,1.7,8.6,43,52
0,2.89632107,-8.805397215,10,30,6,6.65,6,3,32,2,1.7,8.6,43,52
0,2.906354515,-8.793210047,10,30,6,6.65,6,3,32,2,1.7,8.6,43,52
0,2.91638796,-8.778552999,10,30,6,6.65,6,3,32,2,1.7,8.6,43,52
0,2.926421405,-8.761282471,10,30,6,6.65,6,3,32,2,1.7,8.6,43,52
0,2.936454849,-8.741419078,10,30,6,6.65,6,3,32,2,1.7,8.6,43,52
0,2.946488294,-8.718948918,10,30,6,6.65,6,3,32,2,1.7,8.6,43,52
0,2.956521739,-8.693797882,10,30,6,6.65,6,3,32,2,1.7,8.6,43,52
0,2.966555184,-8.66608466,10,30,6,6.65,6,3,32,2,1.7,8.6,43,52
0,2.976588629,-8.635656587,10,30,6,6.65,6,3,32,2,1.7,8.6,43,52
0,2.986622074,-8.602694602,10,30,6,6.65,6,3,32,2,1.7,8.6,43,52
0,2.996655518,-8.567128534,10,30,6,6.65,6,3,32,2,1.7,8.6,43,52
0,3.006688963,-8.529045395,10,30,6,6.65,6,3,32,2,1.7,8.6,43,52
0,3.016722408,-8.48850768,10,30,6,6.65,6,3,32,2,1.7,8.6,43,52
0,3.026755853,-8.445513482,10,30,6,6.65,6,3,32,2,1.7,8.6,43,52
0,3.036789298,-8.400238073,10,30,6,6.65,6,3,32,2,1.7,8.6,43,52
0,3.046822742,-8.35262093,10,30,6,6.65,6,3,32,2,1.7,8.6,43,52
0,3.056856187,-8.30287638,10,30,6,6.65,6,3,32,2,1.7,8.6,43,52
0,3.066889632,-8.251015809,10,30,6,6.65,6,3,32,2,1.7,8.6,43,52
0,3.076923077,-8.197169839,10,30,6,6.65,6,3,32,2,1.7,8.6,43,52
0,3.086956522,-8.141450573,10,30,6,6.65,6,3,32,2,1.7,8.6,43,52
0,3.096989967,-8.083915463,10,30,6,6.65,6,3,32,2,1.7,8.6,43,52
0,3.107023411,-8.024748856,10,30,6,6.65,6,3,32,2,1.7,8.6,43,52
0,3.117056856,-7.963969155,10,30,6,6.65,6,3,32,2,1.7,8.6,43,52
0,3.127090301,-7.901775829,10,30,6,6.65,6,3,32,2,1.7,8.6,43,52
0,3.137123746,-7.838232978,10,30,6,6.65,6,3,32,2,1.7,8.6,43,52
0,3.147157191,-7.773471692,10,30,6,6.65,6,3,32,2,1.7,8.6,43,52
0,3.157190635,-7.707613534,10,30,6,6.65,6,3,32,2,1.7,8.6,43,52
0,3.16722408,-7.640741336,10,30,6,6.65,6,3,32,2,1.7,8.6,43,52
0,3.177257525,-7.57300724,10,30,6,6.65,6,3,32,2,1.7,8.6,43,52
0,3.18729097,-7.504473232,10,30,6,6.65,6,3,32,2,1.7,8.6,43,52
0,3.197324415,-7.435280588,10,30,6,6.65,6,3,32,2,1.7,8.6,43,52
0,3.20735786,-7.365512576,10,30,6,6.65,6,3,32,2,1.7,8.6,43,52
0,3.217391304,-7.29526896,10,30,6,6.65,6,3,32,2,1.7,8.6,43,52
0,3.227424749,-7.224649113,10,30,6,6.65,6,3,32,2,1.7,8.6,43,52
0,3.237458194,-7.153732774,10,30,6,6.65,6,3,32,2,1.7,8.6,43,52
0,3.247491639,-7.082611486,10,30,6,6.65,6,3,32,2,1.7,8.6,43,52
0,3.257525084,-7.01135891,10,30,6,6.65,6,3,32,2,1.7,8.6,43,52
0,3.267558528,-6.940051265,10,30,6,6.65,6,3,32,2,1.7,8.6,43,52
0,3.277591973,-6.868761183,10,30,6,6.65,6,3,32,2,1.7,8.6,43,52
0,3.287625418,-6.797546322,10,30,6,6.65,6,3,32,2,1.7,8.6,43,52
0,3.297658863,-6.726468543,10,30,6,6.65,6,3,32,2,1.7,8.6,43,52
0,3.307692308,-6.655585233,10,30,6,6.65,6,3,32,2,1.7,8.6,43,52
0,3.317725753,-6.584936886,10,30,6,6.65,6,3,32,2,1.7,8.6,43,52
0,3.327759197,-6.514579464,10,30,6,6.65,6,3,32,2,1.7,8.6,43,52
0,3.337792642,-6.444539499,10,30,6,6.65,6,3,32,2,1.7,8.6,43,52
0,3.347826087,-6.374862161,10,30,6,6.65,6,3,32,2,1.7,8.6,43,52
0,3.357859532,-6.305571885,10,30,6,6.65,6,3,32,2,1.7,8.6,43,52
0,3.367892977,-6.236692049,10,30,6,6.65,6,3,32,2,1.7,8.6,43,52
0,3.377926421,-6.168257865,10,30,6,6.65,6,3,32,2,1.7,8.6,43,52
0,3.387959866,-6.100268591,10,30,6,6.65,6,3,32,2,1.7,8.6,43,52
0,3.397993311,-6.032760344,10,30,6,6.65,6,3,32,2,1.7,8.6,43,52
0,3.408026756,-5.965724831,10,30,6,6.65,6,3,32,2,1.7,8.6,43,52
0,3.418060201,-5.899181577,10,30,6,6.65,6,3,32,2,1.7,8.6,43,52
0,3.428093645,-5.833136169,10,30,6,6.65,6,3,32,2,1.7,8.6,43,52
0,3.43812709,-5.7675789,10,30,6,6.65,6,3,32,2,1.7,8.6,43,52
0,3.448160535,-5.7025345,10,30,6,6.65,6,3,32,2,1.7,8.6,43,52
0,3.45819398,-5.637975273,10,30,6,6.65,6,3,32,2,1.7,8.6,43,52
0,3.468227425,-5.573920273,10,30,6,6.65,6,3,32,2,1.7,8.6,43,52
0,3.47826087,-5.51035228,10,30,6,6.65,6,3,32,2,1.7,8.6,43,52
0,3.488294314,-5.447267223,10,30,6,6.65,6,3,32,2,1.7,8.6,43,52
0,3.498327759,-5.384665924,10,30,6,6.65,6,3,32,2,1.7,8.6,43,52
0,3.508361204,-5.322525592,10,30,6,6.65,6,3,32,2,1.7,8.6,43,52
0,3.518394649,-5.260863299,10,30,6,6.65,6,3,32,2,1.7,8.6,43,52
0,3.528428094,-5.199645109,10,30,6,6.65,6,3,32,2,1.7,8.6,43,52
0,3.538461538,-5.138887545,10,30,6,6.65,6,3,32,2,1.7,8.6,43,52
0,3.548494983,-5.078566031,10,30,6,6.65,6,3,32,2,1.7,8.6,43,52
0,3.558528428,-5.018680197,10,30,6,6.65,6,3,32,2,1.7,8.6,43,52
0,3.568561873,-4.959230042,10,30,6,6.65,6,3,32,2,1.7,8.6,43,52
0,3.578595318,-4.900196394,10,30,6,6.65,6,3,32,2,1.7,8.6,43,52
0,3.588628763,-4.841597836,10,30,6,6.65,6,3,32,2,1.7,8.6,43,52
0,3.598662207,-4.783408051,10,30,6,6.65,6,3,32,2,1.7,8.6,43,52
0,3.608695652,-4.725648773,10,30,6,6.65,6,3,32,2,1.7,8.6,43,52
0,3.618729097,-4.668303927,10,30,6,6.65,6,3,32,2,1.7,8.6,43,52
0,3.628762542,-4.611383347,10,30,6,6.65,6,3,32,2,1.7,8.6,43,52
0,3.638795987,-4.55489627,10,30,6,6.65,6,3,32,2,1.7,8.6,43,52
0,3.648829431,-4.498834592,10,30,6,6.65,6,3,32,2,1.7,8.6,43,52
0,3.658862876,-4.443229296,10,30,6,6.65,6,3,32,2,1.7,8.6,43,52
0,3.668896321,-4.388065016,10,30,6,6.65,6,3,32,2,1.7,8.6,43,52
0,3.678929766,-4.333377422,10,30,6,6.65,6,3,32,2,1.7,8.6,43,52
0,3.688963211,-4.279164523,10,30,6,6.65,6,3,32,2,1.7,8.6,43,52
0,3.698996656,-4.225448947,10,30,6,6.65,6,3,32,2,1.7,8.6,43,52
0,3.7090301,-4.172252089,10,30,6,6.65,6,3,32,2,1.7,8.6,43,52
0,3.719063545,-4.119579999,10,30,6,6.65,6,3,32,2,1.7,8.6,43,52
0,3.72909699,-4.067482958,10,30,6,6.65,6,3,32,2,1.7,8.6,43,52
0,3.739130435,-4.015949853,10,30,6,6.65,6,3,32,2,1.7,8.6,43,52
0,3.74916388,-3.9650349,10,30,6,6.65,6,3,32,2,1.7,8.6,43,52
0,3.759197324,-3.914744732,10,30,6,6.65,6,3,32,2,1.7,8.6,43,52
0,3.769230769,-3.86511488,10,30,6,6.65,6,3,32,2,1.7,8.6,43,52
0,3.779264214,-3.816178034,10,30,6,6.65,6,3,32,2,1.7,8.6,43,52
0,3.789297659,-3.767945072,10,30,6,6.65,6,3,32,2,1.7,8.6,43,52
0,3.799331104,-3.720482872,10,30,6,6.65,6,3,32,2,1.7,8.6,43,52
0,3.809364548,-3.67378093,10,30,6,6.65,6,3,32,2,1.7,8.6,43,52
0,3.819397993,-3.627903928,10,30,6,6.65,6,3,32,2,1.7,8.6,43,52
0,3.829431438,-3.582859932,10,30,6,6.65,6,3,32,2,1.7,8.6,43,52
0,3.839464883,-3.538688113,10,30,6,6.65,6,3,32,2,1.7,8.6,43,52
0,3.849498328,-3.495429922,10,30,6,6.65,6,3,32,2,1.7,8.6,43,52
0,3.859531773,-3.453084172,10,30,6,6.65,6,3,32,2,1.7,8.6,43,52
0,3.869565217,-3.41173494,10,30,6,6.65,6,3,32,2,1.7,8.6,43,52
0,3.879598662,-3.371350652,10,30,6,6.65,6,3,32,2,1.7,8.6,43,52
0,3.889632107,-3.332003557,10,30,6,6.65,6,3,32,2,1.7,8.6,43,52
0,3.899665552,-3.293695116,10,30,6,6.65,6,3,32,2,1.7,8.6,43,52
0,3.909698997,-3.25645007,10,30,6,6.65,6,3,32,2,1.7,8.6,43,52
0,3.919732441,-3.220313455,10,30,6,6.65,6,3,32,2,1.7,8.6,43,52
0,3.929765886,-3.185257665,10,30,6,6.65,6,3,32,2,1.7,8.6,43,52
0,3.939799331,-3.151371417,10,30,6,6.65,6,3,32,2,1.7,8.6,43,52
0,3.949832776,-3.118598184,10,30,6,6.65,6,3,32,2,1.7,8.6,43,52
0,3.959866221,-3.086999554,10,30,6,6.65,6,3,32,2,1.7,8.6,43,52
0,3.969899666,-3.056558572,10,30,6,6.65,6,3,32,2,1.7,8.6,43,52
0,3.97993311,-3.027281659,10,30,6,6.65,6,3,32,2,1.7,8.6,43,52
0,3.989966555,-2.999194999,10,30,6,6.65,6,3,32,2,1.7,8.6,43,52
0,4,-2.972247326,10,30,6,6.65,6,3,32,2,1.7,8.6,43,52
1,1,-0.412794135,7,30,2,2.15,4,2,32,0.5,0.7,5.6,40,49
1,1.010033445,-0.421024755,7,30,2,2.15,4,2,32,0.5,0.7,5.6,40,49
1,1.02006689,-0.429650876,7,30,2,2.15,4,2,32,0.5,0.7,5.6,40,49
1,1.030100334,-0.438715762,7,30,2,2.15,4,2,32,0.5,0.7,5.6,40,49
1,1.040133779,-0.448210151,7,30,2,2.15,4,2,32,0.5,0.7,5.6,40,49
1,1.050167224,-0.458169734,7,30,2,2.15,4,2,32,0.5,0.7,5.6,40,49
1,1.060200669,-0.46858615,7,30,2,2.15,4,2,32,0.5,0.7,5.6,40,49
1,1.070234114,-0.479483327,7,30,2,2.15,4,2,32,0.5,0.7,5.6,40,49
1,1.080267559,-0.490869317,7,30,2,2.15,4,2,32,0.5,0.7,5.6,40,49
1,1.090301003,-0.50274716,7,30,2,2.15,4,2,32,0.5,0.7,5.6,40,49
1,1.100334448,-0.515149293,7,30,2,2.15,4,2,32,0.5,0.7,5.6,40,49
1,1.110367893,-0.528056165,7,30,2,2.15,4,2,32,0.5,0.7,5.6,40,49
1,1.120401338,-0.54150729,7,30,2,2.15,4,2,32,0.5,0.7,5.6,40,49
1,1.130434783,-0.555491048,7,30,2,2.15,4,2,32,0.5,0.7,5.6,40,49
1,1.140468227,-0.570026009,7,30,2,2.15,4,2,32,0.5,0.7,5.6,40,49
1,1.150501672,-0.58512311,7,30,2,2.15,4,2,32,0.5,0.7,5.6,40,49
1,1.160535117,-0.600777443,7,30,2,2.15,4,2,32,0.5,0.7,5.6,40,49
1,1.170568562,-0.617023945,7,30,2,2.15,4,2,32,0.5,0.7,5.6,40,49
1,1.180602007,-0.633839663,7,30,2,2.15,4,2,32,0.5,0.7,5.6,40,49
1,1.190635452,-0.651261987,7,30,2,2.15,4,2,32,0.5,0.7,5.6,40,49
1,1.200668896,-0.669276002,7,30,2,2.15,4,2,32,0.5,0.7,5.6,40,49
1,1.210702341,-0.687900553,7,30,2,2.15,4,2,32,0.5,0.7,5.6,40,49
1,1.220735786,-0.707143253,7,30,2,2.15,4,2,32,0.5,0.7,5.6,40,49
1,1.230769231,-0.726999313,7,30,2,2.15,4,2,32,0.5,0.7,5.6,40,49
1,1.240802676,-0.747499413,7,30,2,2.15,4,2,32,0.5,0.7,5.6,40,49
1,1.25083612,-0.768619824,7,30,2,2.15,4,2,32,0.5,0.7,5.6,40,49
1,1.260869565,-0.790398375,7,30,2,2.15,4,2,32,0.5,0.7,5.6,40,49
1,1.27090301,-0.812815846,7,30,2,2.15,4,2,32,0.5,0.7,5.6,40,49
1,1.280936455,-0.835889263,7,30,2,2.15,4,2,32,0.5,0.7,5.6,40,49
1,1.2909699,-0.859626745,7,30,2,2.15,4,2,32,0.5,0.7,5.6,40,49
1,1.301003344,-0.884018123,7,30,2,2.15,4,2,32,0.5,0.7,5.6,40,49
1,1.311036789,-0.909099926,7,30,2,2.15,4,2,32,0.5,0.7,5.6,40,49
1,1.321070234,-0.934840314,7,30,2,2.15,4,2,32,0.5,0.7,5.6,40,49
1,1.331103679,-0.961277334,7,30,2,2.15,4,2,32,0.5,0.7,5.6,40,49
1,1.341137124,-0.988392021,7,30,2,2.15,4,2,32,0.5,0.7,5.6,40,49
1,1.351170569,-1.016198724,7,30,2,2.15,4,2,32,0.5,0.7,5.6,40,49
1,1.361204013,-1.044707532,7,30,2,2.15,4,2,32,0.5,0.7,5.6,40,49
1,1.371237458,-1.073901728,7,30,2,2.15,4,2,32,0.5,0.7,5.6,40,49
1,1.381270903,-1.103822075,7,30,2,2.15,4,2,32,0.5,0.7,5.6,40,49
1,1.391304348,-1.134432198,7,30,2,2.15,4,2,32,0.5,0.7,5.6,40,49
1,1.401337793,-1.165771511,7,30,2,2.15,4,2,32,0.5,0.7,5.6,40,49
1,1.411371237,-1.197818029,7,30,2,2.15,4,2,32,0.5,0.7,5.6,40,49
1,1.421404682,-1.23058669,7,30,2,2.15,4,2,32,0.5,0.7,5.6,40,49
1,1.431438127,-1.264085855,7,30,2,2.15,4,2,32,0.5,0.7,5.6,40,49
1,1.441471572,-1.298297488,7,30,2,2.15,4,2,32,0.5,0.7,5.6,40,49
1,1.451505017,-1.333265018,7,30,2,2.15,4,2,32,0.5,0.7,5.6,40,49
1,1.461538462,-1.368947209,7,30,2,2.15,4,2,32,0.5,0.7,5.6,40,49
1,1.471571906,-1.405383255,7,30,2,2.15,4,2,32,0.5,0.7,5.6,40,49
1,1.481605351,-1.442553885,7,30,2,2.15,4,2,32,0.5,0.7,5.6,40,49
1,1.491638796,-1.480468466,7,30,2,2.15,4,2,32,0.5,0.7,5.6,40,49
1,1.501672241,-1.519140491,7,30,2,2.15,4,2,32,0.5,0.7,5.6,40,49
1,1.511705686,-1.558545495,7,30,2,2.15,4,2,32,0.5,0.7,5.6,40,49
1,1.52173913,-1.598731019,7,30,2,2.15,4,2,32,0.5,0.7,5.6,40,49
1,1.531772575,-1.639654193,7,30,2,2.15,4,2,32,0.5,0.7,5.6,40,49
1,1.54180602,-1.6813511,7,30,2,2.15,4,2,32,0.5,0.7,5.6,40,49
1,1.551839465,-1.723805304,7,30,2,2.15,4,2,32,0.5,0.7,5.6,40,49
1,1.56187291,-1.767023097,7,30,2,2.15,4,2,32,0.5,0.7,5.6,40,49
1,1.571906355,-1.811020196,7,30,2,2.15,4,2,32,0.5,0.7,5.6,40,49
1,1.581939799,-1.855769231,7,30,2,2.15,4,2,32,0.5,0.7,5.6,40,49
1,1.591973244,-1.90132023,7,30,2,2.15,4,2,32,0.5,0.7,5.6,40,49
1,1.602006689,-1.947626946,7,30,2,2.15,4,2,32,0.5,0.7,5.6,40,49
1,1.612040134,-1.99472694,7,30,2,2.15,4,2,32,0.5,0.7,5.6,40,49
1,1.622073579,-2.042602606,7,30,2,2.15,4,2,32,0.5,0.7,5.6,40,49
1,1.632107023,-2.091260323,7,30,2,2.15,4,2,32,0.5,0.7,5.6,40,49
1,1.642140468,-2.140716872,7,30,2,2.15,4,2,32,0.5,0.7,5.6,40,49
1,1.652173913,-2.190941204,7,30,2,2.15,4,2,32,0.5,0.7,5.6,40,49
1,1.662207358,-2.241985767,7,30,2,2.15,4,2,32,0.5,0.7,5.6,40,49
1,1.672240803,-2.293803729,7,30,2,2.15,4,2,32,0.5,0.7,5.6,40,49
1,1.682274247,-2.34642993,7,30,2,2.15,4,2,32,0.5,0.7,5.6,40,49
1,1.692307692,-2.399852129,7,30,2,2.15,4,2,32,0.5,0.7,5.6,40,49
1,1.702341137,-2.454068353,7,30,2,2.15,4,2,32,0.5,0.7,5.6,40,49
1,1.712374582,-2.509102137,7,30,2,2.15,4,2,32,0.5,0.7,5.6,40,49
1,1.722408027,-2.564918121,7,30,2,2.15,4,2,32,0.5,0.7,5.6,40,49
1,1.732441472,-2.621571346,7,30,2,2.15,4,2,32,0.5,0.7,5.6,40,49
1,1.742474916,-2.67901039,7,30,2,2.15,4,2,32,0.5,0.7,5.6,40,49
1,1.752508361,-2.737273799,7,30,2,2.15,4,2,32,0.5,0.7,5.6,40,49
1,1.762541806,-2.796346233,7,30,2,2.15,4,2,32,0.5,0.7,5.6,40,49
1,1.772575251,-2.856225943,7,30,2,2.15,4,2,32,0.5,0.7,5.6,40,49
1,1.782608696,-2.916935993,7,30,2,2.15,4,2,32,0.5,0.7,5.6,40,49
1,1.79264214,-2.978441255,7,30,2,2.15,4,2,32,0.5,0.7,5.6,40,49
1,1.802675585,-3.0407952,7,30,2,2.15,4,2,32,0.5,0.7,5.6,40,49
1,1.81270903,-3.103946812,7,30,2,2.15,4,2,32,0.5,0.7,5.6,40,49
1,1.822742475,-3.167932343,7,30,2,2.15,4,2,32,0.5,0.7,5.6,40,49
1,1.83277592,-3.232737812,7,30,2,2.15,4,2,32,0.5,0.7,5.6,40,49
1,1.842809365,-3.298358497,7,30,2,2.15,4,2,32,0.5,0.7,5.6,40,49
1,1.852842809,-3.364818316,7,30,2,2.15,4,2,32,0.5,0.7,5.6,40,49
1,1.862876254,-3.432079473,7,30,2,2.15,4,2,32,0.5,0.7,5.6,40,49
1,1.872909699,-3.500196215,7,30,2,2.15,4,2,32,0.5,0.7,5.6,40,49
1,1.882943144,-3.569116287,7,30,2,2.15,4,2,32,0.5,0.7,5.6,40,49
1,1.892976589,-3.63887252,7,30,2,2.15,4,2,32,0.5,0.7,5.6,40,49
1,1.903010033,-3.70945033,7,30,2,2.15,4,2,32,0.5,0.7,5.6,40,49
1,1.913043478,-3.780846091,7,30,2,2.15,4,2,32,0.5,0.7,5.6,40,49
1,1.923076923,-3.853080249,7,30,2,2.15,4,2,32,0.5,0.7,5.6,40,49
1,1.933110368,-3.926115009,7,30,2,2.15,4,2,32,0.5,0.7,5.6,40,49
1,1.943143813,-3.999997662,7,30,2,2.15,4,2,32,0.5,0.7,5.6,40,49
1,1.953177258,-4.074681311,7,30,2,2.15,4,2,32,0.5,0.7,5.6,40,49
1,1.963210702,-4.150190363,7,30,2,2.15,4,2,32,0.5,0.7,5.6,40,49
1,1.973244147,-4.226513967,7,30,2,2.15,4,2,32,0.5,0.7,5.6,40,49
1,1.983277592,-4.303641381,7,30,2,2.15,4,2,32,0.5,0.7,5.6,40,49
1,1.993311037,-4.38159275,7,30,2,2.15,4,2,32,0.5,0.7,5.6,40,49
1,2.003344482,-4.460326941,7,30,2,2.15,4,2,32,0.5,0.7,5.6,40,49
1,2.013377926,-4.539889227,7,30,2,2.15,4,2,32,0.5,0.7,5.6,40,49
1,2.023411371,-4.620226094,7,30,2,2.15,4,2,32,0.5,0.7,5.6,40,49
1,2.033444816,-4.701364049,7,30,2,2.15,4,2,32,0.5,0.7,5.6,40,49
1,2.043478261,-4.783282824,7,30,2,2.15,4,2,32,0.5,0.7,5.6,40,49
1,2.053511706,-4.865970581,7,30,2,2.15,4,2,32,0.5,0.7,5.6,40,49
1,2.063545151,-4.949445319,7,30,2,2.15,4,2,32,0.5,0.7,5.6,40,49
1,2.073578595,-5.033659903,7,30,2,2.15,4,2,32,0.5,0.7,5.6,40,49
1,2.08361204,-5.118650031,7,30,2,2.15,4,2,32,0.5,0.7,5.6,40,49
1,2.093645485,-5.204365286,7,30,2,2.15,4,2,32,0.5,0.7,5.6,40,49
1,2.10367893,-5.290818557,7,30,2,2.15,4,2,32,0.5,0.7,5.6,40,49
1,2.113712375,-5.377991142,7,30,2,2.15,4,2,32,0.5,0.7,5.6,40,49
1,2.123745819,-5.465861523,7,30,2,2.15,4,2,32,0.5,0.7,5.6,40,49
1,2.133779264,-5.554440202,7,30,2,2.15,4,2,32,0.5,0.7,5.6,40,49
1,2.143812709,-5.643676738,7,30,2,2.15,4,2,32,0.5,0.7,5.6,40,49
1,2.153846154,-5.733592395,7,30,2,2.15,4,2,32,0.5,0.7,5.6,40,49
1,2.163879599,-5.824138785,7,30,2,2.15,4,2,32,0.5,0.7,5.6,40,49
1,2.173913043,-5.915312404,7,30,2,2.15,4,2,32,0.5,0.7,5.6,40,49
1,2.183946488,-6.007089368,7,30,2,2.15,4,2,32,0.5,0.7,5.6,40,49
1,2.193979933,-6.099440516,7,30,2,2.15,4,2,32,0.5,0.7,5.6,40,49
1,2.204013378,-6.192357697,7,30,2,2.15,4,2,32,0.5,0.7,5.6,40,49
1,2.214046823,-6.285793785,7,30,2,2.15,4,2,32,0.5,0.7,5.6,40,49
1,2.224080268,-6.379744175,7,30,2,2.15,4,2,32,0.5,0.7,5.6,40,49
1,2.234113712,-6.474162081,7,30,2,2.15,4,2,32,0.5,0.7,5.6,40,49
1,2.244147157,-6.569022897,7,30,2,2.15,4,2,32,0.5,0.7,5.6,40,49
1,2.254180602,-6.664293214,7,30,2,2.15,4,2,32,0.5,0.7,5.6,40,49
1,2.264214047,-6.759931237,7,30,2,2.15,4,2,32,0.5,0.7,5.6,40,49
1,2.274247492,-6.855910784,7,30,2,2.15,4,2,32,0.5,0.7,5.6,40,49
1,2.284280936,-6.952177284,7,30,2,2.15,4,2,32,0.5,0.7,5.6,40,49
1,2.294314381,-7.048699908,7,30,2,2.15,4,2,32,0.5,0.7,5.6,40,49
1,2.304347826,-7.145424415,7,30,2,2.15,4,2,32,0.5,0.7,5.6,40,49
1,2.314381271,-7.242305322,7,30,2,2.15,4,2,32,0.5,0.7,5.6,40,49
1,2.324414716,-7.33929381,7,30,2,2.15,4,2,32,0.5,0.7,5.6,40,49
1,2.334448161,-7.436330027,7,30,2,2.15,4,2,32,0.5,0.7,5.6,40,49
1,2.344481605,-7.533363422,7,30,2,2.15,4,2,32,0.5,0.7,5.6,40,49
1,2.35451505,-7.630332204,7,30,2,2.15,4,2,32,0.5,0.7,5.6,40,49
1,2.364548495,-7.727165787,7,30,2,2.15,4,2,32,0.5,0.7,5.6,40,49
1,2.37458194,-7.823808896,7,30,2,2.15,4,2,32,0.5,0.7,5.6,40,49
1,2.384615385,-7.920183513,7,30,2,2.15,4,2,32,0.5,0.7,5.6,40,49
1,2.394648829,-8.016218995,7,30,2,2.15,4,2,32,0.5,0.7,5.6,40,49
1,2.404682274,-8.111846251,7,30,2,2.15,4,2,32,0.5,0.7,5.6,40,49
1,2.414715719,-8.206967036,7,30,2,2.15,4,2,32,0.5,0.7,5.6,40,49
1,2.424749164,-8.30152351,7,30,2,2.15,4,2,32,0.5,0.7,5.6,40,49
1,2.434782609,-8.395403896,7,30,2,2.15,4,2,32,0.5,0.7,5.6,40,49
1,2.444816054,-8.488537716,7,30,2,2.15,4,2,32,0.5,0.7,5.6,40,49
1,2.454849498,-8.580827702,7,30,2,2.15,4,2,32,0.5,0.7,5.6,40,49
1,2.464882943,-8.672168456,7,30,2,2.15,4,2,32,0.5,0.7,5.6,40,49
1,2.474916388,-8.762489741,7,30,2,2.15,4,2,32,0.5,0.7,5.6,40,49
1,2.484949833,-8.851638186,7,30,2,2.15,4,2,32,0.5,0.7,5.6,40,49
1,2.494983278,-8.939574269,7,30,2,2.15,4,2,32,0.5,0.7,5.6,40,49
1,2.505016722,-9.026132146,7,30,2,2.15,4,2,32,0.5,0.7,5.6,40,49
1,2.515050167,-9.111248276,7,30,2,2.15,4,2,32,0.5,0.7,5.6,40,49
1,2.525083612,-9.19479807,7,30,2,2.15,4,2,32,0.5,0.7,5.6,40,49
1,2.535117057,-9.276653005,7,30,2,2.15,4,2,32,0.5,0.7,5.6,40,49
1,2.545150502,-9.356757341,7,30,2,2.15,4,2,32,0.5,0.7,5.6,40,49
1,2.555183946,-9.434900435,7,30,2,2.15,4,2,32,0.5,0.7,5.6,40,49
1,2.565217391,-9.511083387,7,30,2,2.15,4,2,32,0.5,0.7,5.6,40,49
1,2.575250836,-9.585097602,7,30,2,2.15,4,2,32,0.5,0.7,5.6,40,49
1,2.585284281,-9.656897003,7,30,2,2.15,4,2,32,0.5,0.7,5.6,40,49
1,2.595317726,-9.726356912,7,30,2,2.15,4,2,32,0.5,0.7,5.6,40,49
1,2.605351171,-9.793334794,7,30,2,2.15,4,2,32,0.5,0.7,5.6,40,49
1,2.615384615,-9.857819215,7,30,2,2.15,4,2,32,0.5,0.7,5.6,40,49
1,2.62541806,-9.919558556,7,30,2,2.15,4,2,32,0.5,0.7,5.6,40,49
1,2.635451505,-9.978620689,7,30,2,2.15,4,2,32,0.5,0.7,5.6,40,49
1,2.64548495,-10.03478315,7,30,2,2.15,4,2,32,0.5,0.7,5.6,40,49
1,2.655518395,-10.08804231,7,30,2,2.15,4,2,32,0.5,0.7,5.6,40,49
1,2.665551839,-10.13829829,7,30,2,2.15,4,2,32,0.5,0.7,5.6,40,49
1,2.675585284,-10.18543246,7,30,2,2.15,4,2,32,0.5,0.7,5.6,40,49
1,2.685618729,-10.22949318,7,30,2,2.15,4,2,32,0.5,0.7,5.6,40,49
1,2.695652174,-10.27023256,7,30,2,2.15,4,2,32,0.5,0.7,5.6,40,49
1,2.705685619,-10.30780046,7,30,2,2.15,4,2,32,0.5,0.7,5.6,40,49
1,2.715719064,-10.34200328,7,30,2,2.15,4,2,32,0.5,0.7,5.6,40,49
1,2.725752508,-10.37289929,7,30,2,2.15,4,2,32,0.5,0.7,5.6,40,49
1,2.735785953,-10.40044326,7,30,2,2.15,4,2,32,0.5,0.7,5.6,40,49
1,2.745819398,-10.42456387,7,30,2,2.15,4,2,32,0.5,0.7,5.6,40,49
1,2.755852843,-10.44538884,7,30,2,2.15,4,2,32,0.5,0.7,5.6,40,49
1,2.765886288,-10.46271243,7,30,2,2.15,4,2,32,0.5,0.7,5.6,40,49
1,2.775919732,-10.47676097,7,30,2,2.15,4,2,32,0.5,0.7,5.6,40,49
1,2.785953177,-10.48740559,7,30,2,2.15,4,2,32,0.5,0.7,5.6,40,49
1,2.795986622,-10.49476052,7,30,2,2.15,4,2,32,0.5,0.7,5.6,40,49
1,2.806020067,-10.49885546,7,30,2,2.15,4,2,32,0.5,0.7,5.6,40,49
1,2.816053512,-10.49967541,7,30,2,2.15,4,2,32,0.5,0.7,5.6,40,49
1,2.826086957,-10.49740706,7,30,2,2.15,4,2,32,0.5,0.7,5.6,40,49
1,2.836120401,-10.49191721,7,30,2,2.15,4,2,32,0.5,0.7,5.6,40,49
1,2.846153846,-10.48347403,7,30,2,2.15,4,2,32,0.5,0.7,5.6,40,49
1,2.856187291,-10.47201998,7,30,2,2.15,4,2,32,0.5,0.7,5.6,40,49
1,2.866220736,-10.45770611,7,30,2,2.15,4,2,32,0.5,0.7,5.6,40,49
1,2.876254181,-10.44061642,7,30,2,2.15,4,2,32,0.5,0.7,5.6,40,49
1,2.886287625,-10.42078453,7,30,2,2.15,4,2,32,0.5,0.7,5.6,40,49
1,2.89632107,-10.39841954,7,30,2,2.15,4,2,32,0.5,0.7,5.6,40,49
1,2.906354515,-10.37345849,7,30,2,2.15,4,2,32,0.5,0.7,5.6,40,49
1,2.91638796,-10.34616111,7,30,2,2.15,4,2,32,0.5,0.7,5.6,40,49
1,2.926421405,-10.31653123,7,30,2,2.15,4,2,32,0.5,0.7,5.6,40,49
1,2.936454849,-10.28471996,7,30,2,2.15,4,2,32,0.5,0.7,5.6,40,49
1,2.946488294,-10.25083727,7,30,2,2.15,4,2,32,0.5,0.7,5.6,40,49
1,2.956521739,-10.21493786,7,30,2,2.15,4,2,32,0.5,0.7,5.6,40,49
1,2.966555184,-10.17721823,7,30,2,2.15,4,2,32,0.5,0.7,5.6,40,49
1,2.976588629,-10.13766562,7,30,2,2.15,4,2,32,0.5,0.7,5.6,40,49
1,2.986622074,-10.09649393,7,30,2,2.15,4,2,32,0.5,0.7,5.6,40,49
1,2.996655518,-10.05373903,7,30,2,2.15,4,2,32,0.5,0.7,5.6,40,49
1,3.006688963,-10.00953186,7,30,2,2.15,4,2,32,0.5,0.7,5.6,40,49
1,3.016722408,-9.963973148,7,30,2,2.15,4,2,32,0.5,0.7,5.6,40,49
1,3.026755853,-9.917128399,7,30,2,2.15,4,2,32,0.5,0.7,5.6,40,49
1,3.036789298,-9.869144815,7,30,2,2.15,4,2,32,0.5,0.7,5.6,40,49
1,3.046822742,-9.820044148,7,30,2,2.15,4,2,32,0.5,0.7,5.6,40,49
1,3.056856187,-9.76997758,7,30,2,2.15,4,2,32,0.5,0.7,5.6,40,49
1,3.066889632,-9.71899213,7,30,2,2.15,4,2,32,0.5,0.7,5.6,40,49
1,3.076923077,-9.667184135,7,30,2,2.15,4,2,32,0.5,0.7,5.6,40,49
1,3.086956522,-9.614636455,7,30,2,2.15,4,2,32,0.5,0.7,5.6,40,49
1,3.096989967,-9.561403047,7,30,2,2.15,4,2,32,0.5,0.7,5.6,40,49
1,3.107023411,-9.507581764,7,30,2,2.15,4,2,32,0.5,0.7,5.6,40,49
1,3.117056856,-9.453210071,7,30,2,2.15,4,2,32,0.5,0.7,5.6,40,49
1,3.127090301,-9.398378934,7,30,2,2.15,4,2,32,0.5,0.7,5.6,40,49
1,3.137123746,-9.343135855,7,30,2,2.15,4,2,32,0.5,0.7,5.6,40,49
1,3.147157191,-9.287540729,7,30,2,2.15,4,2,32,0.5,0.7,5.6,40,49
1,3.157190635,-9.231649341,7,30,2,2.15,4,2,32,0.5,0.7,5.6,40,49
1,3.16722408,-9.175507664,7,30,2,2.15,4,2,32,0.5,0.7,5.6,40,49
1,3.177257525,-9.119170856,7,30,2,2.15,4,2,32,0.5,0.7,5.6,40,49
1,3.18729097,-9.062675144,7,30,2,2.15,4,2,32,0.5,0.7,5.6,40,49
1,3.197324415,-9.006067808,7,30,2,2.15,4,2,32,0.5,0.7,5.6,40,49
1,3.20735786,-8.949385815,7,30,2,2.15,4,2,32,0.5,0.7,5.6,40,49
1,3.217391304,-8.892663569,7,30,2,2.15,4,2,32,0.5,0.7,5.6,40,49
1,3.227424749,-8.8359356,7,30,2,2.15,4,2,32,0.5,0.7,5.6,40,49
1,3.237458194,-8.77923281,7,30,2,2.15,4,2,32,0.5,0.7,5.6,40,49
1,3.247491639,-8.722581464,7,30,2,2.15,4,2,32,0.5,0.7,5.6,40,49
1,3.257525084,-8.666010735,7,30,2,2.15,4,2,32,0.5,0.7,5.6,40,49
1,3.267558528,-8.609538209,7,30,2,2.15,4,2,32,0.5,0.7,5.6,40,49
1,3.277591973,-8.553191835,7,30,2,2.15,4,2,32,0.5,0.7,5.6,40,49
1,3.287625418,-8.496985971,7,30,2,2.15,4,2,32,0.5,0.7,5.6,40,49
1,3.297658863,-8.44093841,7,30,2,2.15,4,2,32,0.5,0.7,5.6,40,49
1,3.307692308,-8.385070118,7,30,2,2.15,4,2,32,0.5,0.7,5.6,40,49
1,3.317725753,-8.32938498,7,30,2,2.15,4,2,32,0.5,0.7,5.6,40,49
1,3.327759197,-8.273905431,7,30,2,2.15,4,2,32,0.5,0.7,5.6,40,49
1,3.337792642,-8.218635337,7,30,2,2.15,4,2,32,0.5,0.7,5.6,40,49
1,3.347826087,-8.16358745,7,30,2,2.15,4,2,32,0.5,0.7,5.6,40,49
1,3.357859532,-8.108767453,7,30,2,2.15,4,2,32,0.5,0.7,5.6,40,49
1,3.367892977,-8.054182941,7,30,2,2.15,4,2,32,0.5,0.7,5.6,40,49
1,3.377926421,-7.999843628,7,30,2,2.15,4,2,32,0.5,0.7,5.6,40,49
1,3.387959866,-7.945745738,7,30,2,2.15,4,2,32,0.5,0.7,5.6,40,49
1,3.397993311,-7.89190227,7,30,2,2.15,4,2,32,0.5,0.7,5.6,40,49
1,3.408026756,-7.838309642,7,30,2,2.15,4,2,32,0.5,0.7,5.6,40,49
1,3.418060201,-7.784972062,7,30,2,2.15,4,2,32,0.5,0.7,5.6,40,49
1,3.428093645,-7.731893839,7,30,2,2.15,4,2,32,0.5,0.7,5.6,40,49
1,3.43812709,-7.67906646,7,30,2,2.15,4,2,32,0.5,0.7,5.6,40,49
1,3.448160535,-7.626505717,7,30,2,2.15,4,2,32,0.5,0.7,5.6,40,49
1,3.45819398,-7.57419576,7,30,2,2.15,4,2,32,0.5,0.7,5.6,40,49
1,3.468227425,-7.522148762,7,30,2,2.15,4,2,32,0.5,0.7,5.6,40,49
1,3.47826087,-7.470355946,7,30,2,2.15,4,2,32,0.5,0.7,5.6,40,49
1,3.488294314,-7.41881925,7,30,2,2.15,4,2,32,0.5,0.7,5.6,40,49
1,3.498327759,-7.367538488,7,30,2,2.15,4,2,32,0.5,0.7,5.6,40,49
1,3.508361204,-7.316506239,7,30,2,2.15,4,2,32,0.5,0.7,5.6,40,49
1,3.518394649,-7.265733398,7,30,2,2.15,4,2,32,0.5,0.7,5.6,40,49
1,3.528428094,-7.215204553,7,30,2,2.15,4,2,32,0.5,0.7,5.6,40,49
1,3.538461538,-7.164931627,7,30,2,2.15,4,2,32,0.5,0.7,5.6,40,49
1,3.548494983,-7.114904371,7,30,2,2.15,4,2,32,0.5,0.7,5.6,40,49
1,3.558528428,-7.065122662,7,30,2,2.15,4,2,32,0.5,0.7,5.6,40,49
1,3.568561873,-7.015590985,7,30,2,2.15,4,2,32,0.5,0.7,5.6,40,49
1,3.578595318,-6.966299689,7,30,2,2.15,4,2,32,0.5,0.7,5.6,40,49
1,3.588628763,-6.917263157,7,30,2,2.15,4,2,32,0.5,0.7,5.6,40,49
1,3.598662207,-6.868464843,7,30,2,2.15,4,2,32,0.5,0.7,5.6,40,49
1,3.608695652,-6.819918654,7,30,2,2.15,4,2,32,0.5,0.7,5.6,40,49
1,3.618729097,-6.771617186,7,30,2,2.15,4,2,32,0.5,0.7,5.6,40,49
1,3.628762542,-6.723564069,7,30,2,2.15,4,2,32,0.5,0.7,5.6,40,49
1,3.638795987,-6.6757645,7,30,2,2.15,4,2,32,0.5,0.7,5.6,40,49
1,3.648829431,-6.628211327,7,30,2,2.15,4,2,32,0.5,0.7,5.6,40,49
1,3.658862876,-6.580923871,7,30,2,2.15,4,2,32,0.5,0.7,5.6,40,49
1,3.668896321,-6.533886592,7,30,2,2.15,4,2,32,0.5,0.7,5.6,40,49
1,3.678929766,-6.487119403,7,30,2,2.15,4,2,32,0.5,0.7,5.6,40,49
1,3.688963211,-6.440615175,7,30,2,2.15,4,2,32,0.5,0.7,5.6,40,49
1,3.698996656,-6.3943843,7,30,2,2.15,4,2,32,0.5,0.7,5.6,40,49
1,3.7090301,-6.348434561,7,30,2,2.15,4,2,32,0.5,0.7,5.6,40,49
1,3.719063545,-6.302762954,7,30,2,2.15,4,2,32,0.5,0.7,5.6,40,49
1,3.72909699,-6.257394352,7,30,2,2.15,4,2,32,0.5,0.7,5.6,40,49
1,3.739130435,-6.212315223,7,30,2,2.15,4,2,32,0.5,0.7,5.6,40,49
1,3.74916388,-6.167551917,7,30,2,2.15,4,2,32,0.5,0.7,5.6,40,49
1,3.759197324,-6.123100418,7,30,2,2.15,4,2,32,0.5,0.7,5.6,40,49
1,3.769230769,-6.078976169,7,30,2,2.15,4,2,32,0.5,0.7,5.6,40,49
1,3.779264214,-6.035191235,7,30,2,2.15,4,2,32,0.5,0.7,5.6,40,49
1,3.789297659,-5.991746513,7,30,2,2.15,4,2,32,0.5,0.7,5.6,40,49
1,3.799331104,-5.948671308,7,30,2,2.15,4,2,32,0.5,0.7,5.6,40,49
1,3.809364548,-5.905957865,7,30,2,2.15,4,2,32,0.5,0.7,5.6,40,49
1,3.819397993,-5.863634008,7,30,2,2.15,4,2,32,0.5,0.7,5.6,40,49
1,3.829431438,-5.821704238,7,30,2,2.15,4,2,32,0.5,0.7,5.6,40,49
1,3.839464883,-5.780184221,7,30,2,2.15,4,2,32,0.5,0.7,5.6,40,49
1,3.849498328,-5.739093703,7,30,2,2.15,4,2,32,0.5,0.7,5.6,40,49
1,3.859531773,-5.69843435,7,30,2,2.15,4,2,32,0.5,0.7,5.6,40,49
1,3.869565217,-5.658244297,7,30,2,2.15,4,2,32,0.5,0.7,5.6,40,49
1,3.879598662,-5.618513606,7,30,2,2.15,4,2,32,0.5,0.7,5.6,40,49
1,3.889632107,-5.5792803,7,30,2,2.15,4,2,32,0.5,0.7,5.6,40,49
1,3.899665552,-5.540547958,7,30,2,2.15,4,2,32,0.5,0.7,5.6,40,49
1,3.909698997,-5.502334555,7,30,2,2.15,4,2,32,0.5,0.7,5.6,40,49
1,3.919732441,-5.464670058,7,30,2,2.15,4,2,32,0.5,0.7,5.6,40,49
1,3.929765886,-5.427548088,7,30,2,2.15,4,2,32,0.5,0.7,5.6,40,49
1,3.939799331,-5.391024905,7,30,2,2.15,4,2,32,0.5,0.7,5.6,40,49
1,3.949832776,-5.355079108,7,30,2,2.15,4,2,32,0.5,0.7,5.6,40,49
1,3.959866221,-5.319758416,7,30,2,2.15,4,2,32,0.5,0.7,5.6,40,49
1,3.969899666,-5.285068557,7,30,2,2.15,4,2,32,0.5,0.7,5.6,40,49
1,3.97993311,-5.251026223,7,30,2,2.15,4,2,32,0.5,0.7,5.6,40,49
1,3.989966555,-5.217667835,7,30,2,2.15,4,2,32,0.5,0.7,5.6,40,49
1,4,-5.184983161,7,30,2,2.15,4,2,32,0.5,0.7,5.6,40,49
2,1,-0.41243552,7,30,2,4.65,4,2,32,0.5,0.7,5.6,40,49
2,1.010033445,-0.420645227,7,30,2,4.65,4,2,32,0.5,0.7,5.6,40,49
2,1.02006689,-0.429251622,7,30,2,4.65,4,2,32,0.5,0.7,5.6,40,49
2,1.030100334,-0.43830121,7,30,2,4.65,4,2,32,0.5,0.7,5.6,40,49
2,1.040133779,-0.447781739,7,30,2,4.65,4,2,32,0.5,0.7,5.6,40,49
2,1.050167224,-0.457732358,7,30,2,4.65,4,2,32,0.5,0.7,5.6,40,49
2,1.060200669,-0.468142655,7,30,2,4.65,4,2,32,0.5,0.7,5.6,40,49
2,1.070234114,-0.4790358,7,30,2,4.65,4,2,32,0.5,0.7,5.6,40,49
2,1.080267559,-0.490422879,7,30,2,4.65,4,2,32,0.5,0.7,5.6,40,49
2,1.090301003,-0.502304673,7,30,2,4.65,4,2,32,0.5,0.7,5.6,40,49
2,1.100334448,-0.514712979,7,30,2,4.65,4,2,32,0.5,0.7,5.6,40,49
2,1.110367893,-0.527632353,7,30,2,4.65,4,2,32,0.5,0.7,5.6,40,49
2,1.120401338,-0.541099118,7,30,2,4.65,4,2,32,0.5,0.7,5.6,40,49
2,1.130434783,-0.555101459,7,30,2,4.65,4,2,32,0.5,0.7,5.6,40,49
2,1.140468227,-0.56965996,7,30,2,4.65,4,2,32,0.5,0.7,5.6,40,49
2,1.150501672,-0.584784213,7,30,2,4.65,4,2,32,0.5,0.7,5.6,40,49
2,1.160535117,-0.600470607,7,30,2,4.65,4,2,32,0.5,0.7,5.6,40,49
2,1.170568562,-0.616752542,7,30,2,4.65,4,2,32,0.5,0.7,5.6,40,49
2,1.180602007,-0.633607415,7,30,2,4.65,4,2,32,0.5,0.7,5.6,40,49
2,1.190635452,-0.651074312,7,30,2,4.65,4,2,32,0.5,0.7,5.6,40,49
2,1.200668896,-0.669137111,7,30,2,4.65,4,2,32,0.5,0.7,5.6,40,49
2,1.210702341,-0.687813921,7,30,2,4.65,4,2,32,0.5,0.7,5.6,40,49
2,1.220735786,-0.707116603,7,30,2,4.65,4,2,32,0.5,0.7,5.6,40,49
2,1.230769231,-0.727032623,7,30,2,4.65,4,2,32,0.5,0.7,5.6,40,49
2,1.240802676,-0.74760097,7,30,2,4.65,4,2,32,0.5,0.7,5.6,40,49
2,1.25083612,-0.768793024,7,30,2,4.65,4,2,32,0.5,0.7,5.6,40,49
2,1.260869565,-0.790646544,7,30,2,4.65,4,2,32,0.5,0.7,5.6,40,49
2,1.27090301,-0.813144321,7,30,2,4.65,4,2,32,0.5,0.7,5.6,40,49
2,1.280936455,-0.836304339,7,30,2,4.65,4,2,32,0.5,0.7,5.6,40,49
2,1.2909699,-0.860133141,7,30,2,4.65,4,2,32,0.5,0.7,5.6,40,49
2,1.301003344,-0.884619401,7,30,2,4.65,4,2,32,0.5,0.7,5.6,40,49
2,1.311036789,-0.909802251,7,30,2,4.65,4,2,32,0.5,0.7,5.6,40,49
2,1.321070234,-0.935647169,7,30,2,4.65,4,2,32,0.5,0.7,5.6,40,49
2,1.331103679,-0.962195429,7,30,2,4.65,4,2,32,0.5,0.7,5.6,40,49
2,1.341137124,-0.989425826,7,30,2,4.65,4,2,32,0.5,0.7,5.6,40,49
2,1.351170569,-1.017352074,7,30,2,4.65,4,2,32,0.5,0.7,5.6,40,49
2,1.361204013,-1.045987071,7,30,2,4.65,4,2,32,0.5,0.7,5.6,40,49
2,1.371237458,-1.075312701,7,30,2,4.65,4,2,32,0.5,0.7,5.6,40,49
2,1.381270903,-1.105369541,7,30,2,4.65,4,2,32,0.5,0.7,5.6,40,49
2,1.391304348,-1.136121698,7,30,2,4.65,4,2,32,0.5,0.7,5.6,40,49
2,1.401337793,-1.167607283,7,30,2,4.65,4,2,32,0.5,0.7,5.6,40,49
2,1.411371237,-1.199807019,7,30,2,4.65,4,2,32,0.5,0.7,5.6,40,49
2,1.421404682,-1.232732325,7,30,2,4.65,4,2,32,0.5,0.7,5.6,40,49
2,1.431438127,-1.266395803,7,30,2,4.65,4,2,32,0.5,0.7,5.6,40,49
2,1.441471572,-1.300776568,7,30,2,4.65,4,2,32,0.5,0.7,5.6,40,49
2,1.451505017,-1.335919118,7,30,2,4.65,4,2,32,0.5,0.7,5.6,40,49
2,1.461538462,-1.371781752,7,30,2,4.65,4,2,32,0.5,0.7,5.6,40,49
2,1.471571906,-1.408403859,7,30,2,4.65,4,2,32,0.5,0.7,5.6,40,49
2,1.481605351,-1.445766259,7,30,2,4.65,4,2,32,0.5,0.7,5.6,40,49
2,1.491638796,-1.483878537,7,30,2,4.65,4,2,32,0.5,0.7,5.6,40,49
2,1.501672241,-1.522754531,7,30,2,4.65,4,2,32,0.5,0.7,5.6,40,49
2,1.511705686,-1.562369719,7,30,2,4.65,4,2,32,0.5,0.7,5.6,40,49
2,1.52173913,-1.602771744,7,30,2,4.65,4,2,32,0.5,0.7,5.6,40,49
2,1.531772575,-1.643916336,7,30,2,4.65,4,2,32,0.5,0.7,5.6,40,49
2,1.54180602,-1.685842207,7,30,2,4.65,4,2,32,0.5,0.7,5.6,40,49
2,1.551839465,-1.728531667,7,30,2,4.65,4,2,32,0.5,0.7,5.6,40,49
2,1.56187291,-1.771989629,7,30,2,4.65,4,2,32,0.5,0.7,5.6,40,49
2,1.571906355,-1.81623444,7,30,2,4.65,4,2,32,0.5,0.7,5.6,40,49
2,1.581939799,-1.861237964,7,30,2,4.65,4,2,32,0.5,0.7,5.6,40,49
2,1.591973244,-1.907049998,7,30,2,4.65,4,2,32,0.5,0.7,5.6,40,49
2,1.602006689,-1.95362412,7,30,2,4.65,4,2,32,0.5,0.7,5.6,40,49
2,1.612040134,-2.00099911,7,30,2,4.65,4,2,32,0.5,0.7,5.6,40,49
2,1.622073579,-2.049155959,7,30,2,4.65,4,2,32,0.5,0.7,5.6,40,49
2,1.632107023,-2.098102061,7,30,2,4.65,4,2,32,0.5,0.7,5.6,40,49
2,1.642140468,-2.147854028,7,30,2,4.65,4,2,32,0.5,0.7,5.6,40,49
2,1.652173913,-2.198381937,7,30,2,4.65,4,2,32,0.5,0.7,5.6,40,49
2,1.662207358,-2.249737641,7,30,2,4.65,4,2,32,0.5,0.7,5.6,40,49
2,1.672240803,-2.301874003,7,30,2,4.65,4,2,32,0.5,0.7,5.6,40,49
2,1.682274247,-2.354826753,7,30,2,4.65,4,2,32,0.5,0.7,5.6,40,49
2,1.692307692,-2.408581739,7,30,2,4.65,4,2,32,0.5,0.7,5.6,40,49
2,1.702341137,-2.463139964,7,30,2,4.65,4,2,32,0.5,0.7,5.6,40,49
2,1.712374582,-2.518523003,7,30,2,4.65,4,2,32,0.5,0.7,5.6,40,49
2,1.722408027,-2.574697231,7,30,2,4.65,4,2,32,0.5,0.7,5.6,40,49
2,1.732441472,-2.631716377,7,30,2,4.65,4,2,32,0.5,0.7,5.6,40,49
2,1.742474916,-2.689531224,7,30,2,4.65,4,2,32,0.5,0.7,5.6,40,49
2,1.752508361,-2.748178961,7,30,2,4.65,4,2,32,0.5,0.7,5.6,40,49
2,1.762541806,-2.807642701,7,30,2,4.65,4,2,32,0.5,0.7,5.6,40,49
2,1.772575251,-2.867924912,7,30,2,4.65,4,2,32,0.5,0.7,5.6,40,49
2,1.782608696,-2.929045741,7,30,2,4.65,4,2,32,0.5,0.7,5.6,40,49
2,1.79264214,-2.990972332,7,30,2,4.65,4,2,32,0.5,0.7,5.6,40,49
2,1.802675585,-3.053756615,7,30,2,4.65,4,2,32,0.5,0.7,5.6,40,49
2,1.81270903,-3.117348589,7,30,2,4.65,4,2,32,0.5,0.7,5.6,40,49
2,1.822742475,-3.181785241,7,30,2,4.65,4,2,32,0.5,0.7,5.6,40,49
2,1.83277592,-3.247049654,7,30,2,4.65,4,2,32,0.5,0.7,5.6,40,49
2,1.842809365,-3.313142433,7,30,2,4.65,4,2,32,0.5,0.7,5.6,40,49
2,1.852842809,-3.380083625,7,30,2,4.65,4,2,32,0.5,0.7,5.6,40,49
2,1.862876254,-3.447838305,7,30,2,4.65,4,2,32,0.5,0.7,5.6,40,49
2,1.872909699,-3.516459009,7,30,2,4.65,4,2,32,0.5,0.7,5.6,40,49
2,1.882943144,-3.585893999,7,30,2,4.65,4,2,32,0.5,0.7,5.6,40,49
2,1.892976589,-3.656178648,7,30,2,4.65,4,2,32,0.5,0.7,5.6,40,49
2,1.903010033,-3.72729707,7,30,2,4.65,4,2,32,0.5,0.7,5.6,40,49
2,1.913043478,-3.79924357,7,30,2,4.65,4,2,32,0.5,0.7,5.6,40,49
2,1.923076923,-3.872042444,7,30,2,4.65,4,2,32,0.5,0.7,5.6,40,49
2,1.933110368,-3.945654622,7,30,2,4.65,4,2,32,0.5,0.7,5.6,40,49
2,1.943143813,-4.020128748,7,30,2,4.65,4,2,32,0.5,0.7,5.6,40,49
2,1.953177258,-4.095416221,7,30,2,4.65,4,2,32,0.5,0.7,5.6,40,49
2,1.963210702,-4.171544743,7,30,2,4.65,4,2,32,0.5,0.7,5.6,40,49
2,1.973244147,-4.248499838,7,30,2,4.65,4,2,32,0.5,0.7,5.6,40,49
2,1.983277592,-4.326272641,7,30,2,4.65,4,2,32,0.5,0.7,5.6,40,49
2,1.993311037,-4.404886024,7,30,2,4.65,4,2,32,0.5,0.7,5.6,40,49
2,2.003344482,-4.484295843,7,30,2,4.65,4,2,32,0.5,0.7,5.6,40,49
2,2.013377926,-4.564549222,7,30,2,4.65,4,2,32,0.5,0.7,5.6,40,49
2,2.023411371,-4.645594647,7,30,2,4.65,4,2,32,0.5,0.7,5.6,40,49
2,2.033444816,-4.727455505,7,30,2,4.65,4,2,32,0.5,0.7,5.6,40,49
2,2.043478261,-4.810115254,7,30,2,4.65,4,2,32,0.5,0.7,5.6,40,49
2,2.053511706,-4.89355891,7,30,2,4.65,4,2,32,0.5,0.7,5.6,40,49
2,2.063545151,-4.977806693,7,30,2,4.65,4,2,32,0.5,0.7,5.6,40,49
2,2.073578595,-5.062811748,7,30,2,4.65,4,2,32,0.5,0.7,5.6,40,49
2,2.08361204,-5.148611855,7,30,2,4.65,4,2,32,0.5,0.7,5.6,40,49
2,2.093645485,-5.23515382,7,30,2,4.65,4,2,32,0.5,0.7,5.6,40,49
2,2.10367893,-5.322452629,7,30,2,4.65,4,2,32,0.5,0.7,5.6,40,49
2,2.113712375,-5.410489791,7,30,2,4.65,4,2,32,0.5,0.7,5.6,40,49
2,2.123745819,-5.499244223,7,30,2,4.65,4,2,32,0.5,0.7,5.6,40,49
2,2.133779264,-5.588725125,7,30,2,4.65,4,2,32,0.5,0.7,5.6,40,49
2,2.143812709,-5.678884441,7,30,2,4.65,4,2,32,0.5,0.7,5.6,40,49
2,2.153846154,-5.769743347,7,30,2,4.65,4,2,32,0.5,0.7,5.6,40,49
2,2.163879599,-5.86125197,7,30,2,4.65,4,2,32,0.5,0.7,5.6,40,49
2,2.173913043,-5.953408635,7,30,2,4.65,4,2,32,0.5,0.7,5.6,40,49
2,2.183946488,-6.046189958,7,30,2,4.65,4,2,32,0.5,0.7,5.6,40,49
2,2.193979933,-6.139565092,7,30,2,4.65,4,2,32,0.5,0.7,5.6,40,49
2,2.204013378,-6.233528842,7,30,2,4.65,4,2,32,0.5,0.7,5.6,40,49
2,2.214046823,-6.328032477,7,30,2,4.65,4,2,32,0.5,0.7,5.6,40,49
2,2.224080268,-6.423071567,7,30,2,4.65,4,2,32,0.5,0.7,5.6,40,49
2,2.234113712,-6.518598706,7,30,2,4.65,4,2,32,0.5,0.7,5.6,40,49
2,2.244147157,-6.614591489,7,30,2,4.65,4,2,32,0.5,0.7,5.6,40,49
2,2.254180602,-6.711013675,7,30,2,4.65,4,2,32,0.5,0.7,5.6,40,49
2,2.264214047,-6.807824782,7,30,2,4.65,4,2,32,0.5,0.7,5.6,40,49
2,2.274247492,-6.904999015,7,30,2,4.65,4,2,32,0.5,0.7,5.6,40,49
2,2.284280936,-7.002481076,7,30,2,4.65,4,2,32,0.5,0.7,5.6,40,49
2,2.294314381,-7.100238483,7,30,2,4.65,4,2,32,0.5,0.7,5.6,40,49
2,2.304347826,-7.198219168,7,30,2,4.65,4,2,32,0.5,0.7,5.6,40,49
2,2.314381271,-7.296373705,7,30,2,4.65,4,2,32,0.5,0.7,5.6,40,49
2,2.324414716,-7.394655825,7,30,2,4.65,4,2,32,0.5,0.7,5.6,40,49
2,2.334448161,-7.493004419,7,30,2,4.65,4,2,32,0.5,0.7,5.6,40,49
2,2.344481605,-7.591365994,7,30,2,4.65,4,2,32,0.5,0.7,5.6,40,49
2,2.35451505,-7.689678715,7,30,2,4.65,4,2,32,0.5,0.7,5.6,40,49
2,2.364548495,-7.787872066,7,30,2,4.65,4,2,32,0.5,0.7,5.6,40,49
2,2.37458194,-7.885887884,7,30,2,4.65,4,2,32,0.5,0.7,5.6,40,49
2,2.384615385,-7.983647254,7,30,2,4.65,4,2,32,0.5,0.7,5.6,40,49
2,2.394648829,-8.081078485,7,30,2,4.65,4,2,32,0.5,0.7,5.6,40,49
2,2.404682274,-8.178110041,7,30,2,4.65,4,2,32,0.5,0.7,5.6,40,49
2,2.414715719,-8.274641713,7,30,2,4.65,4,2,32,0.5,0.7,5.6,40,49
2,2.424749164,-8.370614589,7,30,2,4.65,4,2,32,0.5,0.7,5.6,40,49
2,2.434782609,-8.465912541,7,30,2,4.65,4,2,32,0.5,0.7,5.6,40,49
2,2.444816054,-8.560464939,7,30,2,4.65,4,2,32,0.5,0.7,5.6,40,49
2,2.454849498,-8.654169227,7,30,2,4.65,4,2,32,0.5,0.7,5.6,40,49
2,2.464882943,-8.746919201,7,30,2,4.65,4,2,32,0.5,0.7,5.6,40,49
2,2.474916388,-8.838640412,7,30,2,4.65,4,2,32,0.5,0.7,5.6,40,49
2,2.484949833,-8.929176287,7,30,2,4.65,4,2,32,0.5,0.7,5.6,40,49
2,2.494983278,-9.018483134,7,30,2,4.65,4,2,32,0.5,0.7,5.6,40,49
2,2.505016722,-9.106392745,7,30,2,4.65,4,2,32,0.5,0.7,5.6,40,49
2,2.515050167,-9.19283612,7,30,2,4.65,4,2,32,0.5,0.7,5.6,40,49
2,2.525083612,-9.27768527,7,30,2,4.65,4,2,32,0.5,0.7,5.6,40,49
2,2.535117057,-9.360807303,7,30,2,4.65,4,2,32,0.5,0.7,5.6,40,49
2,2.545150502,-9.442142794,7,30,2,4.65,4,2,32,0.5,0.7,5.6,40,49
2,2.555183946,-9.521474174,7,30,2,4.65,4,2,32,0.5,0.7,5.6,40,49
2,2.565217391,-9.598801352,7,30,2,4.65,4,2,32,0.5,0.7,5.6,40,49
2,2.575250836,-9.673908374,7,30,2,4.65,4,2,32,0.5,0.7,5.6,40,49
2,2.585284281,-9.746745343,7,30,2,4.65,4,2,32,0.5,0.7,5.6,40,49
2,2.595317726,-9.817182846,7,30,2,4.65,4,2,32,0.5,0.7,5.6,40,49
2,2.605351171,-9.885073319,7,30,2,4.65,4,2,32,0.5,0.7,5.6,40,49
2,2.615384615,-9.95040214,7,30,2,4.65,4,2,32,0.5,0.7,5.6,40,49
2,2.62541806,-10.01291037,7,30,2,4.65,4,2,32,0.5,0.7,5.6,40,49
2,2.635451505,-10.07266451,7,30,2,4.65,4,2,32,0.5,0.7,5.6,40,49
2,2.64548495,-10.12943492,7,30,2,4.65,4,2,32,0.5,0.7,5.6,40,49
2,2.655518395,-10.18321806,7,30,2,4.65,4,2,32,0.5,0.7,5.6,40,49
2,2.665551839,-10.23390812,7,30,2,4.65,4,2,32,0.5,0.7,5.6,40,49
2,2.675585284,-10.28138164,7,30,2,4.65,4,2,32,0.5,0.7,5.6,40,49
2,2.685618729,-10.3256883,7,30,2,4.65,4,2,32,0.5,0.7,5.6,40,49
2,2.695652174,-10.36657293,7,30,2,4.65,4,2,32,0.5,0.7,5.6,40,49
2,2.705685619,-10.40418903,7,30,2,4.65,4,2,32,0.5,0.7,5.6,40,49
2,2.715719064,-10.43833525,7,30,2,4.65,4,2,32,0.5,0.7,5.6,40,49
2,2.725752508,-10.46907239,7,30,2,4.65,4,2,32,0.5,0.7,5.6,40,49
2,2.735785953,-10.49635628,7,30,2,4.65,4,2,32,0.5,0.7,5.6,40,49
2,2.745819398,-10.52011285,7,30,2,4.65,4,2,32,0.5,0.7,5.6,40,49
2,2.755852843,-10.54047081,7,30,2,4.65,4,2,32,0.5,0.7,5.6,40,49
2,2.765886288,-10.55722578,7,30,2,4.65,4,2,32,0.5,0.7,5.6,40,49
2,2.775919732,-10.5706066,7,30,2,4.65,4,2,32,0.5,0.7,5.6,40,49
2,2.785953177,-10.58048516,7,30,2,4.65,4,2,32,0.5,0.7,5.6,40,49
2,2.795986622,-10.58697927,7,30,2,4.65,4,2,32,0.5,0.7,5.6,40,49
2,2.806020067,-10.59012087,7,30,2,4.65,4,2,32,0.5,0.7,5.6,40,49
2,2.816053512,-10.58989716,7,30,2,4.65,4,2,32,0.5,0.7,5.6,40,49
2,2.826086957,-10.58650431,7,30,2,4.65,4,2,32,0.5,0.7,5.6,40,49
2,2.836120401,-10.57980386,7,30,2,4.65,4,2,32,0.5,0.7,5.6,40,49
2,2.846153846,-10.57007465,7,30,2,4.65,4,2,32,0.5,0.7,5.6,40,49
2,2.856187291,-10.55726424,7,30,2,4.65,4,2,32,0.5,0.7,5.6,40,49
2,2.866220736,-10.5415254,7,30,2,4.65,4,2,32,0.5,0.7,5.6,40,49
2,2.876254181,-10.52294994,7,30,2,4.65,4,2,32,0.5,0.7,5.6,40,49
2,2.886287625,-10.50157328,7,30,2,4.65,4,2,32,0.5,0.7,5.6,40,49
2,2.89632107,-10.47761419,7,30,2,4.65,4,2,32,0.5,0.7,5.6,40,49
2,2.906354515,-10.45100967,7,30,2,4.65,4,2,32,0.5,0.7,5.6,40,49
2,2.91638796,-10.42202836,7,30,2,4.65,4,2,32,0.5,0.7,5.6,40,49
2,2.926421405,-10.39067629,7,30,2,4.65,4,2,32,0.5,0.7,5.6,40,49
2,2.936454849,-10.35711144,7,30,2,4.65,4,2,32,0.5,0.7,5.6,40,49
2,2.946488294,-10.32144662,7,30,2,4.65,4,2,32,0.5,0.7,5.6,40,49
2,2.956521739,-10.28374528,7,30,2,4.65,4,2,32,0.5,0.7,5.6,40,49
2,2.966555184,-10.24420259,7,30,2,4.65,4,2,32,0.5,0.7,5.6,40,49
2,2.976588629,-10.20281548,7,30,2,4.65,4,2,32,0.5,0.7,5.6,40,49
2,2.986622074,-10.15979811,7,30,2,4.65,4,2,32,0.5,0.7,5.6,40,49
2,2.996655518,-10.11519088,7,30,2,4.65,4,2,32,0.5,0.7,5.6,40,49
2,3.006688963,-10.06912975,7,30,2,4.65,4,2,32,0.5,0.7,5.6,40,49
2,3.016722408,-10.02171868,7,30,2,4.65,4,2,32,0.5,0.7,5.6,40,49
2,3.026755853,-9.97302449,7,30,2,4.65,4,2,32,0.5,0.7,5.6,40,49
2,3.036789298,-9.92319786,7,30,2,4.65,4,2,32,0.5,0.7,5.6,40,49
2,3.046822742,-9.872264858,7,30,2,4.65,4,2,32,0.5,0.7,5.6,40,49
2,3.056856187,-9.820377633,7,30,2,4.65,4,2,32,0.5,0.7,5.6,40,49
2,3.066889632,-9.767586341,7,30,2,4.65,4,2,32,0.5,0.7,5.6,40,49
2,3.076923077,-9.713988385,7,30,2,4.65,4,2,32,0.5,0.7,5.6,40,49
2,3.086956522,-9.659666289,7,30,2,4.65,4,2,32,0.5,0.7,5.6,40,49
2,3.096989967,-9.60468006,7,30,2,4.65,4,2,32,0.5,0.7,5.6,40,49
2,3.107023411,-9.549126827,7,30,2,4.65,4,2,32,0.5,0.7,5.6,40,49
2,3.117056856,-9.493045676,7,30,2,4.65,4,2,32,0.5,0.7,5.6,40,49
2,3.127090301,-9.436529342,7,30,2,4.65,4,2,32,0.5,0.7,5.6,40,49
2,3.137123746,-9.379622251,7,30,2,4.65,4,2,32,0.5,0.7,5.6,40,49
2,3.147157191,-9.322390252,7,30,2,4.65,4,2,32,0.5,0.7,5.6,40,49
2,3.157190635,-9.264887265,7,30,2,4.65,4,2,32,0.5,0.7,5.6,40,49
2,3.16722408,-9.207160149,7,30,2,4.65,4,2,32,0.5,0.7,5.6,40,49
2,3.177257525,-9.149262743,7,30,2,4.65,4,2,32,0.5,0.7,5.6,40,49
2,3.18729097,-9.09123578,7,30,2,4.65,4,2,32,0.5,0.7,5.6,40,49
2,3.197324415,-9.033122001,7,30,2,4.65,4,2,32,0.5,0.7,5.6,40,49
2,3.20735786,-8.974961959,7,30,2,4.65,4,2,32,0.5,0.7,5.6,40,49
2,3.217391304,-8.916787678,7,30,2,4.65,4,2,32,0.5,0.7,5.6,40,49
2,3.227424749,-8.858635085,7,30,2,4.65,4,2,32,0.5,0.7,5.6,40,49
2,3.237458194,-8.800536011,7,30,2,4.65,4,2,32,0.5,0.7,5.6,40,49
2,3.247491639,-8.742512844,7,30,2,4.65,4,2,32,0.5,0.7,5.6,40,49
2,3.257525084,-8.684599938,7,30,2,4.65,4,2,32,0.5,0.7,5.6,40,49
2,3.267558528,-8.626810999,7,30,2,4.65,4,2,32,0.5,0.7,5.6,40,49
2,3.277591973,-8.569173708,7,30,2,4.65,4,2,32,0.5,0.7,5.6,40,49
2,3.287625418,-8.511703363,7,30,2,4.65,4,2,32,0.5,0.7,5.6,40,49
2,3.297658863,-8.454417073,7,30,2,4.65,4,2,32,0.5,0.7,5.6,40,49
2,3.307692308,-8.39733508,7,30,2,4.65,4,2,32,0.5,0.7,5.6,40,49
2,3.317725753,-8.340460562,7,30,2,4.65,4,2,32,0.5,0.7,5.6,40,49
2,3.327759197,-8.283818569,7,30,2,4.65,4,2,32,0.5,0.7,5.6,40,49
2,3.337792642,-8.22740841,7,30,2,4.65,4,2,32,0.5,0.7,5.6,40,49
2,3.347826087,-8.171245368,7,30,2,4.65,4,2,32,0.5,0.7,5.6,40,49
2,3.357859532,-8.11533459,7,30,2,4.65,4,2,32,0.5,0.7,5.6,40,49
2,3.367892977,-8.059680224,7,30,2,4.65,4,2,32,0.5,0.7,5.6,40,49
2,3.377926421,-8.004295447,7,30,2,4.65,4,2,32,0.5,0.7,5.6,40,49
2,3.387959866,-7.949173357,7,30,2,4.65,4,2,32,0.5,0.7,5.6,40,49
2,3.397993311,-7.894331026,7,30,2,4.65,4,2,32,0.5,0.7,5.6,40,49
2,3.408026756,-7.839758173,7,30,2,4.65,4,2,32,0.5,0.7,5.6,40,49
2,3.418060201,-7.785463464,7,30,2,4.65,4,2,32,0.5,0.7,5.6,40,49
2,3.428093645,-7.731447681,7,30,2,4.65,4,2,32,0.5,0.7,5.6,40,49
2,3.43812709,-7.677705241,7,30,2,4.65,4,2,32,0.5,0.7,5.6,40,49
2,3.448160535,-7.624249253,7,30,2,4.65,4,2,32,0.5,0.7,5.6,40,49
2,3.45819398,-7.571063462,7,30,2,4.65,4,2,32,0.5,0.7,5.6,40,49
2,3.468227425,-7.518161758,7,30,2,4.65,4,2,32,0.5,0.7,5.6,40,49
2,3.47826087,-7.465532843,7,30,2,4.65,4,2,32,0.5,0.7,5.6,40,49
2,3.488294314,-7.413178307,7,30,2,4.65,4,2,32,0.5,0.7,5.6,40,49
2,3.498327759,-7.361100228,7,30,2,4.65,4,2,32,0.5,0.7,5.6,40,49
2,3.508361204,-7.309289566,7,30,2,4.65,4,2,32,0.5,0.7,5.6,40,49
2,3.518394649,-7.257755905,7,30,2,4.65,4,2,32,0.5,0.7,5.6,40,49
2,3.528428094,-7.206484301,7,30,2,4.65,4,2,32,0.5,0.7,5.6,40,49
2,3.538461538,-7.155486605,7,30,2,4.65,4,2,32,0.5,0.7,5.6,40,49
2,3.548494983,-7.104751072,7,30,2,4.65,4,2,32,0.5,0.7,5.6,40,49
2,3.558528428,-7.05428102,7,30,2,4.65,4,2,32,0.5,0.7,5.6,40,49
2,3.568561873,-7.004078088,7,30,2,4.65,4,2,32,0.5,0.7,5.6,40,49
2,3.578595318,-6.954131425,7,30,2,4.65,4,2,32,0.5,0.7,5.6,40,49
2,3.588628763,-6.904456997,7,30,2,4.65,4,2,32,0.5,0.7,5.6,40,49
2,3.598662207,-6.855036538,7,30,2,4.65,4,2,32,0.5,0.7,5.6,40,49
2,3.608695652,-6.805886041,7,30,2,4.65,4,2,32,0.5,0.7,5.6,40,49
2,3.618729097,-6.756995794,7,30,2,4.65,4,2,32,0.5,0.7,5.6,40,49
2,3.628762542,-6.708369716,7,30,2,4.65,4,2,32,0.5,0.7,5.6,40,49
2,3.638795987,-6.660013718,7,30,2,4.65,4,2,32,0.5,0.7,5.6,40,49
2,3.648829431,-6.611919432,7,30,2,4.65,4,2,32,0.5,0.7,5.6,40,49
2,3.658862876,-6.564106742,7,30,2,4.65,4,2,32,0.5,0.7,5.6,40,49
2,3.668896321,-6.51656016,7,30,2,4.65,4,2,32,0.5,0.7,5.6,40,49
2,3.678929766,-6.469298161,7,30,2,4.65,4,2,32,0.5,0.7,5.6,40,49
2,3.688963211,-6.422314893,7,30,2,4.65,4,2,32,0.5,0.7,5.6,40,49
2,3.698996656,-6.375620106,7,30,2,4.65,4,2,32,0.5,0.7,5.6,40,49
2,3.7090301,-6.329220856,7,30,2,4.65,4,2,32,0.5,0.7,5.6,40,49
2,3.719063545,-6.283114589,7,30,2,4.65,4,2,32,0.5,0.7,5.6,40,49
2,3.72909699,-6.237325741,7,30,2,4.65,4,2,32,0.5,0.7,5.6,40,49
2,3.739130435,-6.191840591,7,30,2,4.65,4,2,32,0.5,0.7,5.6,40,49
2,3.74916388,-6.146685802,7,30,2,4.65,4,2,32,0.5,0.7,5.6,40,49
2,3.759197324,-6.101857059,7,30,2,4.65,4,2,32,0.5,0.7,5.6,40,49
2,3.769230769,-6.057368769,7,30,2,4.65,4,2,32,0.5,0.7,5.6,40,49
2,3.779264214,-6.013233868,7,30,2,4.65,4,2,32,0.5,0.7,5.6,40,49
2,3.789297659,-5.9694529,7,30,2,4.65,4,2,32,0.5,0.7,5.6,40,49
2,3.799331104,-5.926054694,7,30,2,4.65,4,2,32,0.5,0.7,5.6,40,49
2,3.809364548,-5.883031111,7,30,2,4.65,4,2,32,0.5,0.7,5.6,40,49
2,3.819397993,-5.840412163,7,30,2,4.65,4,2,32,0.5,0.7,5.6,40,49
2,3.829431438,-5.798198073,7,30,2,4.65,4,2,32,0.5,0.7,5.6,40,49
2,3.839464883,-5.756407372,7,30,2,4.65,4,2,32,0.5,0.7,5.6,40,49
2,3.849498328,-5.715058425,7,30,2,4.65,4,2,32,0.5,0.7,5.6,40,49
2,3.859531773,-5.674152338,7,30,2,4.65,4,2,32,0.5,0.7,5.6,40,49
2,3.869565217,-5.63372852,7,30,2,4.65,4,2,32,0.5,0.7,5.6,40,49
2,3.879598662,-5.593776634,7,30,2,4.65,4,2,32,0.5,0.7,5.6,40,49
2,3.889632107,-5.554332377,7,30,2,4.65,4,2,32,0.5,0.7,5.6,40,49
2,3.899665552,-5.515401292,7,30,2,4.65,4,2,32,0.5,0.7,5.6,40,49
2,3.909698997,-5.477002155,7,30,2,4.65,4,2,32,0.5,0.7,5.6,40,49
2,3.919732441,-5.439161156,7,30,2,4.65,4,2,32,0.5,0.7,5.6,40,49
2,3.929765886,-5.401875095,7,30,2,4.65,4,2,32,0.5,0.7,5.6,40,49
2,3.939799331,-5.365196172,7,30,2,4.65,4,2,32,0.5,0.7,5.6,40,49
2,3.949832776,-5.329108118,7,30,2,4.65,4,2,32,0.5,0.7,5.6,40,49
2,3.959866221,-5.293654262,7,30,2,4.65,4,2,32,0.5,0.7,5.6,40,49
2,3.969899666,-5.25884071,7,30,2,4.65,4,2,32,0.5,0.7,5.6,40,49
2,3.97993311,-5.224686022,7,30,2,4.65,4,2,32,0.5,0.7,5.6,40,49
2,3.989966555,-5.191224856,7,30,2,4.65,4,2,32,0.5,0.7,5.6,40,49
2,4,-5.158446594,7,30,2,4.65,4,2,32,0.5,0.7,5.6,40,49
3,1,-0.41232348,7,30,2,7.15,4,2,32,0.5,0.7,5.6,40,49
3,1.010033445,-0.42048434,7,30,2,7.15,4,2,32,0.5,0.7,5.6,40,49
3,1.02006689,-0.429051139,7,30,2,7.15,4,2,32,0.5,0.7,5.6,40,49
3,1.030100334,-0.438069322,7,30,2,7.15,4,2,32,0.5,0.7,5.6,40,49
3,1.040133779,-0.447527742,7,30,2,7.15,4,2,32,0.5,0.7,5.6,40,49
3,1.050167224,-0.45746506,7,30,2,7.15,4,2,32,0.5,0.7,5.6,40,49
3,1.060200669,-0.467872303,7,30,2,7.15,4,2,32,0.5,0.7,5.6,40,49
3,1.070234114,-0.47877168,7,30,2,7.15,4,2,32,0.5,0.7,5.6,40,49
3,1.080267559,-0.490176252,7,30,2,7.15,4,2,32,0.5,0.7,5.6,40,49
3,1.090301003,-0.502085199,7,30,2,7.15,4,2,32,0.5,0.7,5.6,40,49
3,1.100334448,-0.51453143,7,30,2,7.15,4,2,32,0.5,0.7,5.6,40,49
3,1.110367893,-0.527500049,7,30,2,7.15,4,2,32,0.5,0.7,5.6,40,49
3,1.120401338,-0.541026907,7,30,2,7.15,4,2,32,0.5,0.7,5.6,40,49
3,1.130434783,-0.555100399,7,30,2,7.15,4,2,32,0.5,0.7,5.6,40,49
3,1.140468227,-0.569742105,7,30,2,7.15,4,2,32,0.5,0.7,5.6,40,49
3,1.150501672,-0.584960952,7,30,2,7.15,4,2,32,0.5,0.7,5.6,40,49
3,1.160535117,-0.600753826,7,30,2,7.15,4,2,32,0.5,0.7,5.6,40,49
3,1.170568562,-0.617155573,7,30,2,7.15,4,2,32,0.5,0.7,5.6,40,49
3,1.180602007,-0.634141882,7,30,2,7.15,4,2,32,0.5,0.7,5.6,40,49
3,1.190635452,-0.651752229,7,30,2,7.15,4,2,32,0.5,0.7,5.6,40,49
3,1.200668896,-0.669972963,7,30,2,7.15,4,2,32,0.5,0.7,5.6,40,49
3,1.210702341,-0.688819484,7,30,2,7.15,4,2,32,0.5,0.7,5.6,40,49
3,1.220735786,-0.708302875,7,30,2,7.15,4,2,32,0.5,0.7,5.6,40,49
3,1.230769231,-0.728416779,7,30,2,7.15,4,2,32,0.5,0.7,5.6,40,49
3,1.240802676,-0.749194726,7,30,2,7.15,4,2,32,0.5,0.7,5.6,40,49
3,1.25083612,-0.77060778,7,30,2,7.15,4,2,32,0.5,0.7,5.6,40,49
3,1.260869565,-0.792698594,7,30,2,7.15,4,2,32,0.5,0.7,5.6,40,49
3,1.27090301,-0.81544795,7,30,2,7.15,4,2,32,0.5,0.7,5.6,40,49
3,1.280936455,-0.838869695,7,30,2,7.15,4,2,32,0.5,0.7,5.6,40,49
3,1.2909699,-0.862976478,7,30,2,7.15,4,2,32,0.5,0.7,5.6,40,49
3,1.301003344,-0.887755047,7,30,2,7.15,4,2,32,0.5,0.7,5.6,40,49
3,1.311036789,-0.913245609,7,30,2,7.15,4,2,32,0.5,0.7,5.6,40,49
3,1.321070234,-0.939411476,7,30,2,7.15,4,2,32,0.5,0.7,5.6,40,49
3,1.331103679,-0.966294486,7,30,2,7.15,4,2,32,0.5,0.7,5.6,40,49
3,1.341137124,-0.993874287,7,30,2,7.15,4,2,32,0.5,0.7,5.6,40,49
3,1.351170569,-1.022166542,7,30,2,7.15,4,2,32,0.5,0.7,5.6,40,49
3,1.361204013,-1.051181195,7,30,2,7.15,4,2,32,0.5,0.7,5.6,40,49
3,1.371237458,-1.080900877,7,30,2,7.15,4,2,32,0.5,0.7,5.6,40,49
3,1.381270903,-1.111368713,7,30,2,7.15,4,2,32,0.5,0.7,5.6,40,49
3,1.391304348,-1.142545589,7,30,2,7.15,4,2,32,0.5,0.7,5.6,40,49
3,1.401337793,-1.174471876,7,30,2,7.15,4,2,32,0.5,0.7,5.6,40,49
3,1.411371237,-1.207128251,7,30,2,7.15,4,2,32,0.5,0.7,5.6,40,49
3,1.421404682,-1.240526989,7,30,2,7.15,4,2,32,0.5,0.7,5.6,40,49
3,1.431438127,-1.274677914,7,30,2,7.15,4,2,32,0.5,0.7,5.6,40,49
3,1.441471572,-1.309562244,7,30,2,7.15,4,2,32,0.5,0.7,5.6,40,49
3,1.451505017,-1.345224957,7,30,2,7.15,4,2,32,0.5,0.7,5.6,40,49
3,1.461538462,-1.381623285,7,30,2,7.15,4,2,32,0.5,0.7,5.6,40,49
3,1.471571906,-1.418799461,7,30,2,7.15,4,2,32,0.5,0.7,5.6,40,49
3,1.481605351,-1.456730816,7,30,2,7.15,4,2,32,0.5,0.7,5.6,40,49
3,1.491638796,-1.495429984,7,30,2,7.15,4,2,32,0.5,0.7,5.6,40,49
3,1.501672241,-1.534909637,7,30,2,7.15,4,2,32,0.5,0.7,5.6,40,49
3,1.511705686,-1.575145011,7,30,2,7.15,4,2,32,0.5,0.7,5.6,40,49
3,1.52173913,-1.616184944,7,30,2,7.15,4,2,32,0.5,0.7,5.6,40,49
3,1.531772575,-1.65798598,7,30,2,7.15,4,2,32,0.5,0.7,5.6,40,49
3,1.54180602,-1.70058501,7,30,2,7.15,4,2,32,0.5,0.7,5.6,40,49
3,1.551839465,-1.743965575,7,30,2,7.15,4,2,32,0.5,0.7,5.6,40,49
3,1.56187291,-1.788134061,7,30,2,7.15,4,2,32,0.5,0.7,5.6,40,49
3,1.571906355,-1.833106993,7,30,2,7.15,4,2,32,0.5,0.7,5.6,40,49
3,1.581939799,-1.878857985,7,30,2,7.15,4,2,32,0.5,0.7,5.6,40,49
3,1.591973244,-1.925436009,7,30,2,7.15,4,2,32,0.5,0.7,5.6,40,49
3,1.602006689,-1.972794907,7,30,2,7.15,4,2,32,0.5,0.7,5.6,40,49
3,1.612040134,-2.020975354,7,30,2,7.15,4,2,32,0.5,0.7,5.6,40,49
3,1.622073579,-2.069957499,7,30,2,7.15,4,2,32,0.5,0.7,5.6,40,49
3,1.632107023,-2.119748651,7,30,2,7.15,4,2,32,0.5,0.7,5.6,40,49
3,1.642140468,-2.170366562,7,30,2,7.15,4,2,32,0.5,0.7,5.6,40,49
3,1.652173913,-2.221780319,7,30,2,7.15,4,2,32,0.5,0.7,5.6,40,49
3,1.662207358,-2.274044558,7,30,2,7.15,4,2,32,0.5,0.7,5.6,40,49
3,1.672240803,-2.32710846,7,30,2,7.15,4,2,32,0.5,0.7,5.6,40,49
3,1.682274247,-2.381012868,7,30,2,7.15,4,2,32,0.5,0.7,5.6,40,49
3,1.692307692,-2.435740925,7,30,2,7.15,4,2,32,0.5,0.7,5.6,40,49
3,1.702341137,-2.491295299,7,30,2,7.15,4,2,32,0.5,0.7,5.6,40,49
3,1.712374582,-2.547697187,7,30,2,7.15,4,2,32,0.5,0.7,5.6,40,49
3,1.722408027,-2.604914158,7,30,2,7.15,4,2,32,0.5,0.7,5.6,40,49
3,1.732441472,-2.662999881,7,30,2,7.15,4,2,32,0.5,0.7,5.6,40,49
3,1.742474916,-2.721906635,7,30,2,7.15,4,2,32,0.5,0.7,5.6,40,49
3,1.752508361,-2.781669104,7,30,2,7.15,4,2,32,0.5,0.7,5.6,40,49
3,1.762541806,-2.842274379,7,30,2,7.15,4,2,32,0.5,0.7,5.6,40,49
3,1.772575251,-2.903724249,7,30,2,7.15,4,2,32,0.5,0.7,5.6,40,49
3,1.782608696,-2.966039585,7,30,2,7.15,4,2,32,0.5,0.7,5.6,40,49
3,1.79264214,-3.029186621,7,30,2,7.15,4,2,32,0.5,0.7,5.6,40,49
3,1.802675585,-3.09321961,7,30,2,7.15,4,2,32,0.5,0.7,5.6,40,49
3,1.81270903,-3.158087945,7,30,2,7.15,4,2,32,0.5,0.7,5.6,40,49
3,1.822742475,-3.223830346,7,30,2,7.15,4,2,32,0.5,0.7,5.6,40,49
3,1.83277592,-3.290430639,7,30,2,7.15,4,2,32,0.5,0.7,5.6,40,49
3,1.842809365,-3.357887657,7,30,2,7.15,4,2,32,0.5,0.7,5.6,40,49
3,1.852842809,-3.426225967,7,30,2,7.15,4,2,32,0.5,0.7,5.6,40,49
3,1.862876254,-3.495408783,7,30,2,7.15,4,2,32,0.5,0.7,5.6,40,49
3,1.872909699,-3.565488211,7,30,2,7.15,4,2,32,0.5,0.7,5.6,40,49
3,1.882943144,-3.63641864,7,30,2,7.15,4,2,32,0.5,0.7,5.6,40,49
3,1.892976589,-3.70822811,7,30,2,7.15,4,2,32,0.5,0.7,5.6,40,49
3,1.903010033,-3.78090837,7,30,2,7.15,4,2,32,0.5,0.7,5.6,40,49
3,1.913043478,-3.854452389,7,30,2,7.15,4,2,32,0.5,0.7,5.6,40,49
3,1.923076923,-3.928884881,7,30,2,7.15,4,2,32,0.5,0.7,5.6,40,49
3,1.933110368,-4.004166138,7,30,2,7.15,4,2,32,0.5,0.7,5.6,40,49
3,1.943143813,-4.080349755,7,30,2,7.15,4,2,32,0.5,0.7,5.6,40,49
3,1.953177258,-4.15738377,7,30,2,7.15,4,2,32,0.5,0.7,5.6,40,49
3,1.963210702,-4.235299298,7,30,2,7.15,4,2,32,0.5,0.7,5.6,40,49
3,1.973244147,-4.31408246,7,30,2,7.15,4,2,32,0.5,0.7,5.6,40,49
3,1.983277592,-4.393725406,7,30,2,7.15,4,2,32,0.5,0.7,5.6,40,49
3,1.993311037,-4.474252076,7,30,2,7.15,4,2,32,0.5,0.7,5.6,40,49
3,2.003344482,-4.555617659,7,30,2,7.15,4,2,32,0.5,0.7,5.6,40,49
3,2.013377926,-4.63787446,7,30,2,7.15,4,2,32,0.5,0.7,5.6,40,49
3,2.023411371,-4.720966739,7,30,2,7.15,4,2,32,0.5,0.7,5.6,40,49
3,2.033444816,-4.80492077,7,30,2,7.15,4,2,32,0.5,0.7,5.6,40,49
3,2.043478261,-4.889721673,7,30,2,7.15,4,2,32,0.5,0.7,5.6,40,49
3,2.053511706,-4.975357707,7,30,2,7.15,4,2,32,0.5,0.7,5.6,40,49
3,2.063545151,-5.061847882,7,30,2,7.15,4,2,32,0.5,0.7,5.6,40,49
3,2.073578595,-5.149144725,7,30,2,7.15,4,2,32,0.5,0.7,5.6,40,49
3,2.08361204,-5.237290354,7,30,2,7.15,4,2,32,0.5,0.7,5.6,40,49
3,2.093645485,-5.326229714,7,30,2,7.15,4,2,32,0.5,0.7,5.6,40,49
3,2.10367893,-5.415983336,7,30,2,7.15,4,2,32,0.5,0.7,5.6,40,49
3,2.113712375,-5.506528415,7,30,2,7.15,4,2,32,0.5,0.7,5.6,40,49
3,2.123745819,-5.597847507,7,30,2,7.15,4,2,32,0.5,0.7,5.6,40,49
3,2.133779264,-5.689952662,7,30,2,7.15,4,2,32,0.5,0.7,5.6,40,49
3,2.143812709,-5.78279292,7,30,2,7.15,4,2,32,0.5,0.7,5.6,40,49
3,2.153846154,-5.876393446,7,30,2,7.15,4,2,32,0.5,0.7,5.6,40,49
3,2.163879599,-5.970703943,7,30,2,7.15,4,2,32,0.5,0.7,5.6,40,49
3,2.173913043,-6.065724549,7,30,2,7.15,4,2,32,0.5,0.7,5.6,40,49
3,2.183946488,-6.161431613,7,30,2,7.15,4,2,32,0.5,0.7,5.6,40,49
3,2.193979933,-6.257794677,7,30,2,7.15,4,2,32,0.5,0.7,5.6,40,49
3,2.204013378,-6.354812428,7,30,2,7.15,4,2,32,0.5,0.7,5.6,40,49
3,2.214046823,-6.452429834,7,30,2,7.15,4,2,32,0.5,0.7,5.6,40,49
3,2.224080268,-6.550651161,7,30,2,7.15,4,2,32,0.5,0.7,5.6,40,49
3,2.234113712,-6.64942432,7,30,2,7.15,4,2,32,0.5,0.7,5.6,40,49
3,2.244147157,-6.748728327,7,30,2,7.15,4,2,32,0.5,0.7,5.6,40,49
3,2.254180602,-6.848526359,7,30,2,7.15,4,2,32,0.5,0.7,5.6,40,49
3,2.264214047,-6.94877878,7,30,2,7.15,4,2,32,0.5,0.7,5.6,40,49
3,2.274247492,-7.049458094,7,30,2,7.15,4,2,32,0.5,0.7,5.6,40,49
3,2.284280936,-7.150507746,7,30,2,7.15,4,2,32,0.5,0.7,5.6,40,49
3,2.294314381,-7.251899125,7,30,2,7.15,4,2,32,0.5,0.7,5.6,40,49
3,2.304347826,-7.353574238,7,30,2,7.15,4,2,32,0.5,0.7,5.6,40,49
3,2.314381271,-7.455484097,7,30,2,7.15,4,2,32,0.5,0.7,5.6,40,49
3,2.324414716,-7.557580298,7,30,2,7.15,4,2,32,0.5,0.7,5.6,40,49
3,2.334448161,-7.65979781,7,30,2,7.15,4,2,32,0.5,0.7,5.6,40,49
3,2.344481605,-7.762085296,7,30,2,7.15,4,2,32,0.5,0.7,5.6,40,49
3,2.35451505,-7.864374398,7,30,2,7.15,4,2,32,0.5,0.7,5.6,40,49
3,2.364548495,-7.966592437,7,30,2,7.15,4,2,32,0.5,0.7,5.6,40,49
3,2.37458194,-8.068677921,7,30,2,7.15,4,2,32,0.5,0.7,5.6,40,49
3,2.384615385,-8.170547718,7,30,2,7.15,4,2,32,0.5,0.7,5.6,40,49
3,2.394648829,-8.272124471,7,30,2,7.15,4,2,32,0.5,0.7,5.6,40,49
3,2.404682274,-8.373332177,7,30,2,7.15,4,2,32,0.5,0.7,5.6,40,49
3,2.414715719,-8.474063937,7,30,2,7.15,4,2,32,0.5,0.7,5.6,40,49
3,2.424749164,-8.574255544,7,30,2,7.15,4,2,32,0.5,0.7,5.6,40,49
3,2.434782609,-8.673782512,7,30,2,7.15,4,2,32,0.5,0.7,5.6,40,49
3,2.444816054,-8.772567601,7,30,2,7.15,4,2,32,0.5,0.7,5.6,40,49
3,2.454849498,-8.870499932,7,30,2,7.15,4,2,32,0.5,0.7,5.6,40,49
3,2.464882943,-8.967463303,7,30,2,7.15,4,2,32,0.5,0.7,5.6,40,49
3,2.474916388,-9.063374342,7,30,2,7.15,4,2,32,0.5,0.7,5.6,40,49
3,2.484949833,-9.158064041,7,30,2,7.15,4,2,32,0.5,0.7,5.6,40,49
3,2.494983278,-9.251481968,7,30,2,7.15,4,2,32,0.5,0.7,5.6,40,49
3,2.505016722,-9.343443142,7,30,2,7.15,4,2,32,0.5,0.7,5.6,40,49
3,2.515050167,-9.433869401,7,30,2,7.15,4,2,32,0.5,0.7,5.6,40,49
3,2.525083612,-9.522619308,7,30,2,7.15,4,2,32,0.5,0.7,5.6,40,49
3,2.535117057,-9.609544355,7,30,2,7.15,4,2,32,0.5,0.7,5.6,40,49
3,2.545150502,-9.694576629,7,30,2,7.15,4,2,32,0.5,0.7,5.6,40,49
3,2.555183946,-9.77747613,7,30,2,7.15,4,2,32,0.5,0.7,5.6,40,49
3,2.565217391,-9.858235402,7,30,2,7.15,4,2,32,0.5,0.7,5.6,40,49
3,2.575250836,-9.936617332,7,30,2,7.15,4,2,32,0.5,0.7,5.6,40,49
3,2.585284281,-10.01256208,7,30,2,7.15,4,2,32,0.5,0.7,5.6,40,49
3,2.595317726,-10.08592296,7,30,2,7.15,4,2,32,0.5,0.7,5.6,40,49
3,2.605351171,-10.15653442,7,30,2,7.15,4,2,32,0.5,0.7,5.6,40,49
3,2.615384615,-10.22437491,7,30,2,7.15,4,2,32,0.5,0.7,5.6,40,49
3,2.62541806,-10.28915782,7,30,2,7.15,4,2,32,0.5,0.7,5.6,40,49
3,2.635451505,-10.35095169,7,30,2,7.15,4,2,32,0.5,0.7,5.6,40,49
3,2.64548495,-10.4094998,7,30,2,7.15,4,2,32,0.5,0.7,5.6,40,49
3,2.655518395,-10.46479335,7,30,2,7.15,4,2,32,0.5,0.7,5.6,40,49
3,2.665551839,-10.51671616,7,30,2,7.15,4,2,32,0.5,0.7,5.6,40,49
3,2.675585284,-10.56512693,7,30,2,7.15,4,2,32,0.5,0.7,5.6,40,49
3,2.685618729,-10.61007834,7,30,2,7.15,4,2,32,0.5,0.7,5.6,40,49
3,2.695652174,-10.6512894,7,30,2,7.15,4,2,32,0.5,0.7,5.6,40,49
3,2.705685619,-10.68892687,7,30,2,7.15,4,2,32,0.5,0.7,5.6,40,49
3,2.715719064,-10.72277012,7,30,2,7.15,4,2,32,0.5,0.7,5.6,40,49
3,2.725752508,-10.7528845,7,30,2,7.15,4,2,32,0.5,0.7,5.6,40,49
3,2.735785953,-10.77922321,7,30,2,7.15,4,2,32,0.5,0.7,5.6,40,49
3,2.745819398,-10.80170813,7,30,2,7.15,4,2,32,0.5,0.7,5.6,40,49
3,2.755852843,-10.82048255,7,30,2,7.15,4,2,32,0.5,0.7,5.6,40,49
3,2.765886288,-10.8353227,7,30,2,7.15,4,2,32,0.5,0.7,5.6,40,49
3,2.775919732,-10.84648795,7,30,2,7.15,4,2,32,0.5,0.7,5.6,40,49
3,2.785953177,-10.85384011,7,30,2,7.15,4,2,32,0.5,0.7,5.6,40,49
3,2.795986622,-10.85751306,7,30,2,7.15,4,2,32,0.5,0.7,5.6,40,49
3,2.806020067,-10.85754886,7,30,2,7.15,4,2,32,0.5,0.7,5.6,40,49
3,2.816053512,-10.85394108,7,30,2,7.15,4,2,32,0.5,0.7,5.6,40,49
3,2.826086957,-10.84690696,7,30,2,7.15,4,2,32,0.5,0.7,5.6,40,49
3,2.836120401,-10.83630833,7,30,2,7.15,4,2,32,0.5,0.7,5.6,40,49
3,2.846153846,-10.82245226,7,30,2,7.15,4,2,32,0.5,0.7,5.6,40,49
3,2.856187291,-10.8052924,7,30,2,7.15,4,2,32,0.5,0.7,5.6,40,49
3,2.866220736,-10.78500009,7,30,2,7.15,4,2,32,0.5,0.7,5.6,40,49
3,2.876254181,-10.76168432,7,30,2,7.15,4,2,32,0.5,0.7,5.6,40,49
3,2.886287625,-10.73539332,7,30,2,7.15,4,2,32,0.5,0.7,5.6,40,49
3,2.89632107,-10.70636692,7,30,2,7.15,4,2,32,0.5,0.7,5.6,40,49
3,2.906354515,-10.67455175,7,30,2,7.15,4,2,32,0.5,0.7,5.6,40,49
3,2.91638796,-10.6402393,7,30,2,7.15,4,2,32,0.5,0.7,5.6,40,49
3,2.926421405,-10.6034487,7,30,2,7.15,4,2,32,0.5,0.7,5.6,40,49
3,2.936454849,-10.56435217,7,30,2,7.15,4,2,32,0.5,0.7,5.6,40,49
3,2.946488294,-10.52308071,7,30,2,7.15,4,2,32,0.5,0.7,5.6,40,49
3,2.956521739,-10.47970929,7,30,2,7.15,4,2,32,0.5,0.7,5.6,40,49
3,2.966555184,-10.43444865,7,30,2,7.15,4,2,32,0.5,0.7,5.6,40,49
3,2.976588629,-10.38730573,7,30,2,7.15,4,2,32,0.5,0.7,5.6,40,49
3,2.986622074,-10.33851129,7,30,2,7.15,4,2,32,0.5,0.7,5.6,40,49
3,2.996655518,-10.28811631,7,30,2,7.15,4,2,32,0.5,0.7,5.6,40,49
3,3.006688963,-10.23626425,7,30,2,7.15,4,2,32,0.5,0.7,5.6,40,49
3,3.016722408,-10.18307292,7,30,2,7.15,4,2,32,0.5,0.7,5.6,40,49
3,3.026755853,-10.12861785,7,30,2,7.15,4,2,32,0.5,0.7,5.6,40,49
3,3.036789298,-10.07305614,7,30,2,7.15,4,2,32,0.5,0.7,5.6,40,49
3,3.046822742,-10.01642585,7,30,2,7.15,4,2,32,0.5,0.7,5.6,40,49
3,3.056856187,-9.958881321,7,30,2,7.15,4,2,32,0.5,0.7,5.6,40,49
3,3.066889632,-9.90048102,7,30,2,7.15,4,2,32,0.5,0.7,5.6,40,49
3,3.076923077,-9.841330062,7,30,2,7.15,4,2,32,0.5,0.7,5.6,40,49
3,3.086956522,-9.781513142,7,30,2,7.15,4,2,32,0.5,0.7,5.6,40,49
3,3.096989967,-9.721095693,7,30,2,7.15,4,2,32,0.5,0.7,5.6,40,49
3,3.107023411,-9.660179346,7,30,2,7.15,4,2,32,0.5,0.7,5.6,40,49
3,3.117056856,-9.598806552,7,30,2,7.15,4,2,32,0.5,0.7,5.6,40,49
3,3.127090301,-9.537071286,7,30,2,7.15,4,2,32,0.5,0.7,5.6,40,49
3,3.137123746,-9.475021692,7,30,2,7.15,4,2,32,0.5,0.7,5.6,40,49
3,3.147157191,-9.412724769,7,30,2,7.15,4,2,32,0.5,0.7,5.6,40,49
3,3.157190635,-9.350235424,7,30,2,7.15,4,2,32,0.5,0.7,5.6,40,49
3,3.16722408,-9.287605214,7,30,2,7.15,4,2,32,0.5,0.7,5.6,40,49
3,3.177257525,-9.224883698,7,30,2,7.15,4,2,32,0.5,0.7,5.6,40,49
3,3.18729097,-9.162116415,7,30,2,7.15,4,2,32,0.5,0.7,5.6,40,49
3,3.197324415,-9.099343787,7,30,2,7.15,4,2,32,0.5,0.7,5.6,40,49
3,3.20735786,-9.0366057,7,30,2,7.15,4,2,32,0.5,0.7,5.6,40,49
3,3.217391304,-8.973938522,7,30,2,7.15,4,2,32,0.5,0.7,5.6,40,49
3,3.227424749,-8.911371595,7,30,2,7.15,4,2,32,0.5,0.7,5.6,40,49
3,3.237458194,-8.848941819,7,30,2,7.15,4,2,32,0.5,0.7,5.6,40,49
3,3.247491639,-8.786665192,7,30,2,7.15,4,2,32,0.5,0.7,5.6,40,49
3,3.257525084,-8.724581207,7,30,2,7.15,4,2,32,0.5,0.7,5.6,40,49
3,3.267558528,-8.662697438,7,30,2,7.15,4,2,32,0.5,0.7,5.6,40,49
3,3.277591973,-8.601044728,7,30,2,7.15,4,2,32,0.5,0.7,5.6,40,49
3,3.287625418,-8.539634816,7,30,2,7.15,4,2,32,0.5,0.7,5.6,40,49
3,3.297658863,-8.478483343,7,30,2,7.15,4,2,32,0.5,0.7,5.6,40,49
3,3.307692308,-8.417610912,7,30,2,7.15,4,2,32,0.5,0.7,5.6,40,49
3,3.317725753,-8.357019122,7,30,2,7.15,4,2,32,0.5,0.7,5.6,40,49
3,3.327759197,-8.296731322,7,30,2,7.15,4,2,32,0.5,0.7,5.6,40,49
3,3.337792642,-8.236744366,7,30,2,7.15,4,2,32,0.5,0.7,5.6,40,49
3,3.347826087,-8.17707407,7,30,2,7.15,4,2,32,0.5,0.7,5.6,40,49
3,3.357859532,-8.117725042,7,30,2,7.15,4,2,32,0.5,0.7,5.6,40,49
3,3.367892977,-8.058697084,7,30,2,7.15,4,2,32,0.5,0.7,5.6,40,49
3,3.377926421,-8.000005499,7,30,2,7.15,4,2,32,0.5,0.7,5.6,40,49
3,3.387959866,-7.941639146,7,30,2,7.15,4,2,32,0.5,0.7,5.6,40,49
3,3.397993311,-7.883615633,7,30,2,7.15,4,2,32,0.5,0.7,5.6,40,49
3,3.408026756,-7.825923445,7,30,2,7.15,4,2,32,0.5,0.7,5.6,40,49
3,3.418060201,-7.768568113,7,30,2,7.15,4,2,32,0.5,0.7,5.6,40,49
3,3.428093645,-7.711551409,7,30,2,7.15,4,2,32,0.5,0.7,5.6,40,49
3,3.43812709,-7.654865738,7,30,2,7.15,4,2,32,0.5,0.7,5.6,40,49
3,3.448160535,-7.598523791,7,30,2,7.15,4,2,32,0.5,0.7,5.6,40,49
3,3.45819398,-7.542507923,7,30,2,7.15,4,2,32,0.5,0.7,5.6,40,49
3,3.468227425,-7.48682981,7,30,2,7.15,4,2,32,0.5,0.7,5.6,40,49
3,3.47826087,-7.431479106,7,30,2,7.15,4,2,32,0.5,0.7,5.6,40,49
3,3.488294314,-7.376456368,7,30,2,7.15,4,2,32,0.5,0.7,5.6,40,49
3,3.498327759,-7.321760972,7,30,2,7.15,4,2,32,0.5,0.7,5.6,40,49
3,3.508361204,-7.267382549,7,30,2,7.15,4,2,32,0.5,0.7,5.6,40,49
3,3.518394649,-7.213333631,7,30,2,7.15,4,2,32,0.5,0.7,5.6,40,49
3,3.528428094,-7.159595288,7,30,2,7.15,4,2,32,0.5,0.7,5.6,40,49
3,3.538461538,-7.10617927,7,30,2,7.15,4,2,32,0.5,0.7,5.6,40,49
3,3.548494983,-7.053072843,7,30,2,7.15,4,2,32,0.5,0.7,5.6,40,49
3,3.558528428,-7.000279498,7,30,2,7.15,4,2,32,0.5,0.7,5.6,40,49
3,3.568561873,-6.947798494,7,30,2,7.15,4,2,32,0.5,0.7,5.6,40,49
3,3.578595318,-6.895619415,7,30,2,7.15,4,2,32,0.5,0.7,5.6,40,49
3,3.588628763,-6.843759948,7,30,2,7.15,4,2,32,0.5,0.7,5.6,40,49
3,3.598662207,-6.792195811,7,30,2,7.15,4,2,32,0.5,0.7,5.6,40,49
3,3.608695652,-6.740947955,7,30,2,7.15,4,2,32,0.5,0.7,5.6,40,49
3,3.618729097,-6.690002798,7,30,2,7.15,4,2,32,0.5,0.7,5.6,40,49
3,3.628762542,-6.639365552,7,30,2,7.15,4,2,32,0.5,0.7,5.6,40,49
3,3.638795987,-6.589040354,7,30,2,7.15,4,2,32,0.5,0.7,5.6,40,49
3,3.648829431,-6.53901741,7,30,2,7.15,4,2,32,0.5,0.7,5.6,40,49
3,3.658862876,-6.489318723,7,30,2,7.15,4,2,32,0.5,0.7,5.6,40,49
3,3.668896321,-6.439925051,7,30,2,7.15,4,2,32,0.5,0.7,5.6,40,49
3,3.678929766,-6.39085947,7,30,2,7.15,4,2,32,0.5,0.7,5.6,40,49
3,3.688963211,-6.342110659,7,30,2,7.15,4,2,32,0.5,0.7,5.6,40,49
3,3.698996656,-6.293689532,7,30,2,7.15,4,2,32,0.5,0.7,5.6,40,49
3,3.7090301,-6.245603859,7,30,2,7.15,4,2,32,0.5,0.7,5.6,40,49
3,3.719063545,-6.197848996,7,30,2,7.15,4,2,32,0.5,0.7,5.6,40,49
3,3.72909699,-6.150451014,7,30,2,7.15,4,2,32,0.5,0.7,5.6,40,49
3,3.739130435,-6.103394001,7,30,2,7.15,4,2,32,0.5,0.7,5.6,40,49
3,3.74916388,-6.05670519,7,30,2,7.15,4,2,32,0.5,0.7,5.6,40,49
3,3.759197324,-6.010379269,7,30,2,7.15,4,2,32,0.5,0.7,5.6,40,49
3,3.769230769,-5.964430902,7,30,2,7.15,4,2,32,0.5,0.7,5.6,40,49
3,3.779264214,-5.91887151,7,30,2,7.15,4,2,32,0.5,0.7,5.6,40,49
3,3.789297659,-5.87370312,7,30,2,7.15,4,2,32,0.5,0.7,5.6,40,49
3,3.799331104,-5.828952437,7,30,2,7.15,4,2,32,0.5,0.7,5.6,40,49
3,3.809364548,-5.784612078,7,30,2,7.15,4,2,32,0.5,0.7,5.6,40,49
3,3.819397993,-5.740709865,7,30,2,7.15,4,2,32,0.5,0.7,5.6,40,49
3,3.829431438,-5.697247907,7,30,2,7.15,4,2,32,0.5,0.7,5.6,40,49
3,3.839464883,-5.654242705,7,30,2,7.15,4,2,32,0.5,0.7,5.6,40,49
3,3.849498328,-5.611714409,7,30,2,7.15,4,2,32,0.5,0.7,5.6,40,49
3,3.859531773,-5.569660637,7,30,2,7.15,4,2,32,0.5,0.7,5.6,40,49
3,3.869565217,-5.528123517,7,30,2,7.15,4,2,32,0.5,0.7,5.6,40,49
3,3.879598662,-5.487089199,7,30,2,7.15,4,2,32,0.5,0.7,5.6,40,49
3,3.889632107,-5.446596276,7,30,2,7.15,4,2,32,0.5,0.7,5.6,40,49
3,3.899665552,-5.406647737,7,30,2,7.15,4,2,32,0.5,0.7,5.6,40,49
3,3.909698997,-5.367260231,7,30,2,7.15,4,2,32,0.5,0.7,5.6,40,49
3,3.919732441,-5.328464413,7,30,2,7.15,4,2,32,0.5,0.7,5.6,40,49
3,3.929765886,-5.290251532,7,30,2,7.15,4,2,32,0.5,0.7,5.6,40,49
3,3.939799331,-5.252679154,7,30,2,7.15,4,2,32,0.5,0.7,5.6,40,49
3,3.949832776,-5.215725145,7,30,2,7.15,4,2,32,0.5,0.7,5.6,40,49
3,3.959866221,-5.179434732,7,30,2,7.15,4,2,32,0.5,0.7,5.6,40,49
3,3.969899666,-5.143812993,7,30,2,7.15,4,2,32,0.5,0.7,5.6,40,49
3,3.97993311,-5.108879709,7,30,2,7.15,4,2,32,0.5,0.7,5.6,40,49
3,3.989966555,-5.074666775,7,30,2,7.15,4,2,32,0.5,0.7,5.6,40,49
3,4,-5.041164587,7,30,2,7.15,4,2,32,0.5,0.7,5.6,40,49
4,1,-0.422300847,10,30,2,2.15,4,2,32,0.5,0.7,8.6,40,49
4,1.010033445,-0.431421771,10,30,2,2.15,4,2,32,0.5,0.7,8.6,40,49
4,1.02006689,-0.44102622,10,30,2,2.15,4,2,32,0.5,0.7,8.6,40,49
4,1.030100334,-0.451160691,10,30,2,2.15,4,2,32,0.5,0.7,8.6,40,49
4,1.040133779,-0.461817696,10,30,2,2.15,4,2,32,0.5,0.7,8.6,40,49
4,1.050167224,-0.473038302,10,30,2,2.15,4,2,32,0.5,0.7,8.6,40,49
4,1.060200669,-0.484810883,10,30,2,2.15,4,2,32,0.5,0.7,8.6,40,49
4,1.070234114,-0.497165064,10,30,2,2.15,4,2,32,0.5,0.7,8.6,40,49
4,1.080267559,-0.510110221,10,30,2,2.15,4,2,32,0.5,0.7,8.6,40,49
4,1.090301003,-0.523647683,10,30,2,2.15,4,2,32,0.5,0.7,8.6,40,49
4,1.100334448,-0.537813852,10,30,2,2.15,4,2,32,0.5,0.7,8.6,40,49
4,1.110367893,-0.552590464,10,30,2,2.15,4,2,32,0.5,0.7,8.6,40,49
4,1.120401338,-0.568022759,10,30,2,2.15,4,2,32,0.5,0.7,8.6,40,49
4,1.130434783,-0.584091004,10,30,2,2.15,4,2,32,0.5,0.7,8.6,40,49
4,1.140468227,-0.60082335,10,30,2,2.15,4,2,32,0.5,0.7,8.6,40,49
4,1.150501672,-0.618230409,10,30,2,2.15,4,2,32,0.5,0.7,8.6,40,49
4,1.160535117,-0.636305788,10,30,2,2.15,4,2,32,0.5,0.7,8.6,40,49
4,1.170568562,-0.655089926,10,30,2,2.15,4,2,32,0.5,0.7,8.6,40,49
4,1.180602007,-0.674555914,10,30,2,2.15,4,2,32,0.5,0.7,8.6,40,49
4,1.190635452,-0.694748992,10,30,2,2.15,4,2,32,0.5,0.7,8.6,40,49
4,1.200668896,-0.715650659,10,30,2,2.15,4,2,32,0.5,0.7,8.6,40,49
4,1.210702341,-0.737282642,10,30,2,2.15,4,2,32,0.5,0.7,8.6,40,49
4,1.220735786,-0.759654827,10,30,2,2.15,4,2,32,0.5,0.7,8.6,40,49
4,1.230769231,-0.782758531,10,30,2,2.15,4,2,32,0.5,0.7,8.6,40,49
4,1.240802676,-0.806635529,10,30,2,2.15,4,2,32,0.5,0.7,8.6,40,49
4,1.25083612,-0.831251139,10,30,2,2.15,4,2,32,0.5,0.7,8.6,40,49
4,1.260869565,-0.856654486,10,30,2,2.15,4,2,32,0.5,0.7,8.6,40,49
4,1.27090301,-0.882821054,10,30,2,2.15,4,2,32,0.5,0.7,8.6,40,49
4,1.280936455,-0.909772959,10,30,2,2.15,4,2,32,0.5,0.7,8.6,40,49
4,1.2909699,-0.937519984,10,30,2,2.15,4,2,32,0.5,0.7,8.6,40,49
4,1.301003344,-0.9660477,10,30,2,2.15,4,2,32,0.5,0.7,8.6,40,49
4,1.311036789,-0.995402311,10,30,2,2.15,4,2,32,0.5,0.7,8.6,40,49
4,1.321070234,-1.025542703,10,30,2,2.15,4,2,32,0.5,0.7,8.6,40,49
4,1.331103679,-1.056518269,10,30,2,2.15,4,2,32,0.5,0.7,8.6,40,49
4,1.341137124,-1.088305251,10,30,2,2.15,4,2,32,0.5,0.7,8.6,40,49
4,1.351170569,-1.120920551,10,30,2,2.15,4,2,32,0.5,0.7,8.6,40,49
4,1.361204013,-1.154377895,10,30,2,2.15,4,2,32,0.5,0.7,8.6,40,49
4,1.371237458,-1.188656149,10,30,2,2.15,4,2,32,0.5,0.7,8.6,40,49
4,1.381270903,-1.223804285,10,30,2,2.15,4,2,32,0.5,0.7,8.6,40,49
4,1.391304348,-1.2597808,10,30,2,2.15,4,2,32,0.5,0.7,8.6,40,49
4,1.401337793,-1.296631862,10,30,2,2.15,4,2,32,0.5,0.7,8.6,40,49
4,1.411371237,-1.334334315,10,30,2,2.15,4,2,32,0.5,0.7,8.6,40,49
4,1.421404682,-1.372902458,10,30,2,2.15,4,2,32,0.5,0.7,8.6,40,49
4,1.431438127,-1.412350918,10,30,2,2.15,4,2,32,0.5,0.7,8.6,40,49
4,1.441471572,-1.452656509,10,30,2,2.15,4,2,32,0.5,0.7,8.6,40,49
4,1.451505017,-1.493873077,10,30,2,2.15,4,2,32,0.5,0.7,8.6,40,49
4,1.461538462,-1.535951299,10,30,2,2.15,4,2,32,0.5,0.7,8.6,40,49
4,1.471571906,-1.578939062,10,30,2,2.15,4,2,32,0.5,0.7,8.6,40,49
4,1.481605351,-1.622813948,10,30,2,2.15,4,2,32,0.5,0.7,8.6,40,49
4,1.491638796,-1.66758867,10,30,2,2.15,4,2,32,0.5,0.7,8.6,40,49
4,1.501672241,-1.713279597,10,30,2,2.15,4,2,32,0.5,0.7,8.6,40,49
4,1.511705686,-1.75985913,10,30,2,2.15,4,2,32,0.5,0.7,8.6,40,49
4,1.52173913,-1.80738454,10,30,2,2.15,4,2,32,0.5,0.7,8.6,40,49
4,1.531772575,-1.855805074,10,30,2,2.15,4,2,32,0.5,0.7,8.6,40,49
4,1.54180602,-1.905167251,10,30,2,2.15,4,2,32,0.5,0.7,8.6,40,49
4,1.551839465,-1.955449874,10,30,2,2.15,4,2,32,0.5,0.7,8.6,40,49
4,1.56187291,-2.006663087,10,30,2,2.15,4,2,32,0.5,0.7,8.6,40,49
4,1.571906355,-2.058827323,10,30,2,2.15,4,2,32,0.5,0.7,8.6,40,49
4,1.581939799,-2.11190937,10,30,2,2.15,4,2,32,0.5,0.7,8.6,40,49
4,1.591973244,-2.16597252,10,30,2,2.15,4,2,32,0.5,0.7,8.6,40,49
4,1.602006689,-2.220960926,10,30,2,2.15,4,2,32,0.5,0.7,8.6,40,49
4,1.612040134,-2.276922124,10,30,2,2.15,4,2,32,0.5,0.7,8.6,40,49
4,1.622073579,-2.333835941,10,30,2,2.15,4,2,32,0.5,0.7,8.6,40,49
4,1.632107023,-2.391709708,10,30,2,2.15,4,2,32,0.5,0.7,8.6,40,49
4,1.642140468,-2.450568584,10,30,2,2.15,4,2,32,0.5,0.7,8.6,40,49
4,1.652173913,-2.510373984,10,30,2,2.15,4,2,32,0.5,0.7,8.6,40,49
4,1.662207358,-2.57119331,10,30,2,2.15,4,2,32,0.5,0.7,8.6,40,49
4,1.672240803,-2.632968188,10,30,2,2.15,4,2,32,0.5,0.7,8.6,40,49
4,1.682274247,-2.695745034,10,30,2,2.15,4,2,32,0.5,0.7,8.6,40,49
4,1.692307692,-2.759507123,10,30,2,2.15,4,2,32,0.5,0.7,8.6,40,49
4,1.702341137,-2.824258958,10,30,2,2.15,4,2,32,0.5,0.7,8.6,40,49
4,1.712374582,-2.890025845,10,30,2,2.15,4,2,32,0.5,0.7,8.6,40,49
4,1.722408027,-2.956769943,10,30,2,2.15,4,2,32,0.5,0.7,8.6,40,49
4,1.732441472,-3.024557008,10,30,2,2.15,4,2,32,0.5,0.7,8.6,40,49
4,1.742474916,-3.093331332,10,30,2,2.15,4,2,32,0.5,0.7,8.6,40,49
4,1.752508361,-3.16313498,10,30,2,2.15,4,2,32,0.5,0.7,8.6,40,49
4,1.762541806,-3.233954083,10,30,2,2.15,4,2,32,0.5,0.7,8.6,40,49
4,1.772575251,-3.305788859,10,30,2,2.15,4,2,32,0.5,0.7,8.6,40,49
4,1.782608696,-3.378669468,10,30,2,2.15,4,2,32,0.5,0.7,8.6,40,49
4,1.79264214,-3.452552311,10,30,2,2.15,4,2,32,0.5,0.7,8.6,40,49
4,1.802675585,-3.527507934,10,30,2,2.15,4,2,32,0.5,0.7,8.6,40,49
4,1.81270903,-3.603474082,10,30,2,2.15,4,2,32,0.5,0.7,8.6,40,49
4,1.822742475,-3.680496937,10,30,2,2.15,4,2,32,0.5,0.7,8.6,40,49
4,1.83277592,-3.75856026,10,30,2,2.15,4,2,32,0.5,0.7,8.6,40,49
4,1.842809365,-3.837662341,10,30,2,2.15,4,2,32,0.5,0.7,8.6,40,49
4,1.852842809,-3.917833141,10,30,2,2.15,4,2,32,0.5,0.7,8.6,40,49
4,1.862876254,-3.999027899,10,30,2,2.15,4,2,32,0.5,0.7,8.6,40,49
4,1.872909699,-4.081314668,10,30,2,2.15,4,2,32,0.5,0.7,8.6,40,49
4,1.882943144,-4.164631557,10,30,2,2.15,4,2,32,0.5,0.7,8.6,40,49
4,1.892976589,-4.249021419,10,30,2,2.15,4,2,32,0.5,0.7,8.6,40,49
4,1.903010033,-4.334467648,10,30,2,2.15,4,2,32,0.5,0.7,8.6,40,49
4,1.913043478,-4.420964272,10,30,2,2.15,4,2,32,0.5,0.7,8.6,40,49
4,1.923076923,-4.50854426,10,30,2,2.15,4,2,32,0.5,0.7,8.6,40,49
4,1.933110368,-4.597156736,10,30,2,2.15,4,2,32,0.5,0.7,8.6,40,49
4,1.943143813,-4.686865077,10,30,2,2.15,4,2,32,0.5,0.7,8.6,40,49
4,1.953177258,-4.777609154,10,30,2,2.15,4,2,32,0.5,0.7,8.6,40,49
4,1.963210702,-4.86942359,10,30,2,2.15,4,2,32,0.5,0.7,8.6,40,49
4,1.973244147,-4.962294011,10,30,2,2.15,4,2,32,0.5,0.7,8.6,40,49
4,1.983277592,-5.056206902,10,30,2,2.15,4,2,32,0.5,0.7,8.6,40,49
4,1.993311037,-5.151193061,10,30,2,2.15,4,2,32,0.5,0.7,8.6,40,49
4,2.003344482,-5.2471959,10,30,2,2.15,4,2,32,0.5,0.7,8.6,40,49
4,2.013377926,-5.344275069,10,30,2,2.15,4,2,32,0.5,0.7,8.6,40,49
4,2.023411371,-5.44236559,10,30,2,2.15,4,2,32,0.5,0.7,8.6,40,49
4,2.033444816,-5.541494627,10,30,2,2.15,4,2,32,0.5,0.7,8.6,40,49
4,2.043478261,-5.641644397,10,30,2,2.15,4,2,32,0.5,0.7,8.6,40,49
4,2.053511706,-5.742792711,10,30,2,2.15,4,2,32,0.5,0.7,8.6,40,49
4,2.063545151,-5.84496339,10,30,2,2.15,4,2,32,0.5,0.7,8.6,40,49
4,2.073578595,-5.94809607,10,30,2,2.15,4,2,32,0.5,0.7,8.6,40,49
4,2.08361204,-6.052234561,10,30,2,2.15,4,2,32,0.5,0.7,8.6,40,49
4,2.093645485,-6.157312328,10,30,2,2.15,4,2,32,0.5,0.7,8.6,40,49
4,2.10367893,-6.263344152,10,30,2,2.15,4,2,32,0.5,0.7,8.6,40,49
4,2.113712375,-6.370300736,10,30,2,2.15,4,2,32,0.5,0.7,8.6,40,49
4,2.123745819,-6.478152751,10,30,2,2.15,4,2,32,0.5,0.7,8.6,40,49
4,2.133779264,-6.58690817,10,30,2,2.15,4,2,32,0.5,0.7,8.6,40,49
4,2.143812709,-6.696499389,10,30,2,2.15,4,2,32,0.5,0.7,8.6,40,49
4,2.153846154,-6.806946977,10,30,2,2.15,4,2,32,0.5,0.7,8.6,40,49
4,2.163879599,-6.918181781,10,30,2,2.15,4,2,32,0.5,0.7,8.6,40,49
4,2.173913043,-7.030193714,10,30,2,2.15,4,2,32,0.5,0.7,8.6,40,49
4,2.183946488,-7.142942328,10,30,2,2.15,4,2,32,0.5,0.7,8.6,40,49
4,2.193979933,-7.256381986,10,30,2,2.15,4,2,32,0.5,0.7,8.6,40,49
4,2.204013378,-7.370492229,10,30,2,2.15,4,2,32,0.5,0.7,8.6,40,49
4,2.214046823,-7.485201126,10,30,2,2.15,4,2,32,0.5,0.7,8.6,40,49
4,2.224080268,-7.600489083,10,30,2,2.15,4,2,32,0.5,0.7,8.6,40,49
4,2.234113712,-7.716283416,10,30,2,2.15,4,2,32,0.5,0.7,8.6,40,49
4,2.244147157,-7.832538339,10,30,2,2.15,4,2,32,0.5,0.7,8.6,40,49
4,2.254180602,-7.949190849,10,30,2,2.15,4,2,32,0.5,0.7,8.6,40,49
4,2.264214047,-8.06617489,10,30,2,2.15,4,2,32,0.5,0.7,8.6,40,49
4,2.274247492,-8.183427695,10,30,2,2.15,4,2,32,0.5,0.7,8.6,40,49
4,2.284280936,-8.300869372,10,30,2,2.15,4,2,32,0.5,0.7,8.6,40,49
4,2.294314381,-8.418424788,10,30,2,2.15,4,2,32,0.5,0.7,8.6,40,49
4,2.304347826,-8.536011276,10,30,2,2.15,4,2,32,0.5,0.7,8.6,40,49
4,2.314381271,-8.653533839,10,30,2,2.15,4,2,32,0.5,0.7,8.6,40,49
4,2.324414716,-8.770903739,10,30,2,2.15,4,2,32,0.5,0.7,8.6,40,49
4,2.334448161,-8.888020912,10,30,2,2.15,4,2,32,0.5,0.7,8.6,40,49
4,2.344481605,-9.004769996,10,30,2,2.15,4,2,32,0.5,0.7,8.6,40,49
4,2.35451505,-9.121059014,10,30,2,2.15,4,2,32,0.5,0.7,8.6,40,49
4,2.364548495,-9.236738693,10,30,2,2.15,4,2,32,0.5,0.7,8.6,40,49
4,2.37458194,-9.351715854,10,30,2,2.15,4,2,32,0.5,0.7,8.6,40,49
4,2.384615385,-9.465844354,10,30,2,2.15,4,2,32,0.5,0.7,8.6,40,49
4,2.394648829,-9.578986315,10,30,2,2.15,4,2,32,0.5,0.7,8.6,40,49
4,2.404682274,-9.691027812,10,30,2,2.15,4,2,32,0.5,0.7,8.6,40,49
4,2.414715719,-9.801764405,10,30,2,2.15,4,2,32,0.5,0.7,8.6,40,49
4,2.424749164,-9.91111696,10,30,2,2.15,4,2,32,0.5,0.7,8.6,40,49
4,2.434782609,-10.01885541,10,30,2,2.15,4,2,32,0.5,0.7,8.6,40,49
4,2.444816054,-10.12487544,10,30,2,2.15,4,2,32,0.5,0.7,8.6,40,49
4,2.454849498,-10.22898763,10,30,2,2.15,4,2,32,0.5,0.7,8.6,40,49
4,2.464882943,-10.33100786,10,30,2,2.15,4,2,32,0.5,0.7,8.6,40,49
4,2.474916388,-10.43082673,10,30,2,2.15,4,2,32,0.5,0.7,8.6,40,49
4,2.484949833,-10.52815276,10,30,2,2.15,4,2,32,0.5,0.7,8.6,40,49
4,2.494983278,-10.62295261,10,30,2,2.15,4,2,32,0.5,0.7,8.6,40,49
4,2.505016722,-10.71492153,10,30,2,2.15,4,2,32,0.5,0.7,8.6,40,49
4,2.515050167,-10.80397984,10,30,2,2.15,4,2,32,0.5,0.7,8.6,40,49
4,2.525083612,-10.88992333,10,30,2,2.15,4,2,32,0.5,0.7,8.6,40,49
4,2.535117057,-10.97254793,10,30,2,2.15,4,2,32,0.5,0.7,8.6,40,49
4,2.545150502,-11.05180072,10,30,2,2.15,4,2,32,0.5,0.7,8.6,40,49
4,2.555183946,-11.12733164,10,30,2,2.15,4,2,32,0.5,0.7,8.6,40,49
4,2.565217391,-11.19920559,10,30,2,2.15,4,2,32,0.5,0.7,8.6,40,49
4,2.575250836,-11.2670984,10,30,2,2.15,4,2,32,0.5,0.7,8.6,40,49
4,2.585284281,-11.3309985,10,30,2,2.15,4,2,32,0.5,0.7,8.6,40,49
4,2.595317726,-11.39074889,10,30,2,2.15,4,2,32,0.5,0.7,8.6,40,49
4,2.605351171,-11.44618485,10,30,2,2.15,4,2,32,0.5,0.7,8.6,40,49
4,2.615384615,-11.49736036,10,30,2,2.15,4,2,32,0.5,0.7,8.6,40,49
4,2.62541806,-11.54394583,10,30,2,2.15,4,2,32,0.5,0.7,8.6,40,49
4,2.635451505,-11.58614275,10,30,2,2.15,4,2,32,0.5,0.7,8.6,40,49
4,2.64548495,-11.62368654,10,30,2,2.15,4,2,32,0.5,0.7,8.6,40,49
4,2.655518395,-11.65667578,10,30,2,2.15,4,2,32,0.5,0.7,8.6,40,49
4,2.665551839,-11.68506139,10,30,2,2.15,4,2,32,0.5,0.7,8.6,40,49
4,2.675585284,-11.70877274,10,30,2,2.15,4,2,32,0.5,0.7,8.6,40,49
4,2.685618729,-11.72799274,10,30,2,2.15,4,2,32,0.5,0.7,8.6,40,49
4,2.695652174,-11.74248671,10,30,2,2.15,4,2,32,0.5,0.7,8.6,40,49
4,2.705685619,-11.75258248,10,30,2,2.15,4,2,32,0.5,0.7,8.6,40,49
4,2.715719064,-11.75813748,10,30,2,2.15,4,2,32,0.5,0.7,8.6,40,49
4,2.725752508,-11.75935048,10,30,2,2.15,4,2,32,0.5,0.7,8.6,40,49
4,2.735785953,-11.75628946,10,30,2,2.15,4,2,32,0.5,0.7,8.6,40,49
4,2.745819398,-11.74899125,10,30,2,2.15,4,2,32,0.5,0.7,8.6,40,49
4,2.755852843,-11.73772866,10,30,2,2.15,4,2,32,0.5,0.7,8.6,40,49
4,2.765886288,-11.7223894,10,30,2,2.15,4,2,32,0.5,0.7,8.6,40,49
4,2.775919732,-11.7033512,10,30,2,2.15,4,2,32,0.5,0.7,8.6,40,49
4,2.785953177,-11.68059452,10,30,2,2.15,4,2,32,0.5,0.7,8.6,40,49
4,2.795986622,-11.65435545,10,30,2,2.15,4,2,32,0.5,0.7,8.6,40,49
4,2.806020067,-11.62478259,10,30,2,2.15,4,2,32,0.5,0.7,8.6,40,49
4,2.816053512,-11.59197147,10,30,2,2.15,4,2,32,0.5,0.7,8.6,40,49
4,2.826086957,-11.55621296,10,30,2,2.15,4,2,32,0.5,0.7,8.6,40,49
4,2.836120401,-11.51748652,10,30,2,2.15,4,2,32,0.5,0.7,8.6,40,49
4,2.846153846,-11.47613834,10,30,2,2.15,4,2,32,0.5,0.7,8.6,40,49
4,2.856187291,-11.43221506,10,30,2,2.15,4,2,32,0.5,0.7,8.6,40,49
4,2.866220736,-11.38593464,10,30,2,2.15,4,2,32,0.5,0.7,8.6,40,49
4,2.876254181,-11.33745657,10,30,2,2.15,4,2,32,0.5,0.7,8.6,40,49
4,2.886287625,-11.2868925,10,30,2,2.15,4,2,32,0.5,0.7,8.6,40,49
4,2.89632107,-11.23448035,10,30,2,2.15,4,2,32,0.5,0.7,8.6,40,49
4,2.906354515,-11.18025215,10,30,2,2.15,4,2,32,0.5,0.7,8.6,40,49
4,2.91638796,-11.12446208,10,30,2,2.15,4,2,32,0.5,0.7,8.6,40,49
4,2.926421405,-11.06718172,10,30,2,2.15,4,2,32,0.5,0.7,8.6,40,49
4,2.936454849,-11.0085741,10,30,2,2.15,4,2,32,0.5,0.7,8.6,40,49
4,2.946488294,-10.94876734,10,30,2,2.15,4,2,32,0.5,0.7,8.6,40,49
4,2.956521739,-10.88785805,10,30,2,2.15,4,2,32,0.5,0.7,8.6,40,49
4,2.966555184,-10.82600604,10,30,2,2.15,4,2,32,0.5,0.7,8.6,40,49
4,2.976588629,-10.76326321,10,30,2,2.15,4,2,32,0.5,0.7,8.6,40,49
4,2.986622074,-10.69978599,10,30,2,2.15,4,2,32,0.5,0.7,8.6,40,49
4,2.996655518,-10.63563962,10,30,2,2.15,4,2,32,0.5,0.7,8.6,40,49
4,3.006688963,-10.57093073,10,30,2,2.15,4,2,32,0.5,0.7,8.6,40,49
4,3.016722408,-10.50574192,10,30,2,2.15,4,2,32,0.5,0.7,8.6,40,49
4,3.026755853,-10.44014473,10,30,2,2.15,4,2,32,0.5,0.7,8.6,40,49
4,3.036789298,-10.37422867,10,30,2,2.15,4,2,32,0.5,0.7,8.6,40,49
4,3.046822742,-10.30804601,10,30,2,2.15,4,2,32,0.5,0.7,8.6,40,49
4,3.056856187,-10.24167357,10,30,2,2.15,4,2,32,0.5,0.7,8.6,40,49
4,3.066889632,-10.17516258,10,30,2,2.15,4,2,32,0.5,0.7,8.6,40,49
4,3.076923077,-10.10857105,10,30,2,2.15,4,2,32,0.5,0.7,8.6,40,49
4,3.086956522,-10.04194471,10,30,2,2.15,4,2,32,0.5,0.7,8.6,40,49
4,3.096989967,-9.975332143,10,30,2,2.15,4,2,32,0.5,0.7,8.6,40,49
4,3.107023411,-9.908768812,10,30,2,2.15,4,2,32,0.5,0.7,8.6,40,49
4,3.117056856,-9.842299117,10,30,2,2.15,4,2,32,0.5,0.7,8.6,40,49
4,3.127090301,-9.775950389,10,30,2,2.15,4,2,32,0.5,0.7,8.6,40,49
4,3.137123746,-9.709754012,10,30,2,2.15,4,2,32,0.5,0.7,8.6,40,49
4,3.147157191,-9.643738049,10,30,2,2.15,4,2,32,0.5,0.7,8.6,40,49
4,3.157190635,-9.577920695,10,30,2,2.15,4,2,32,0.5,0.7,8.6,40,49
4,3.16722408,-9.512333107,10,30,2,2.15,4,2,32,0.5,0.7,8.6,40,49
4,3.177257525,-9.446979252,10,30,2,2.15,4,2,32,0.5,0.7,8.6,40,49
4,3.18729097,-9.381890556,10,30,2,2.15,4,2,32,0.5,0.7,8.6,40,49
4,3.197324415,-9.317065119,10,30,2,2.15,4,2,32,0.5,0.7,8.6,40,49
4,3.20735786,-9.252524626,10,30,2,2.15,4,2,32,0.5,0.7,8.6,40,49
4,3.217391304,-9.188274118,10,30,2,2.15,4,2,32,0.5,0.7,8.6,40,49
4,3.227424749,-9.124317158,10,30,2,2.15,4,2,32,0.5,0.7,8.6,40,49
4,3.237458194,-9.060671791,10,30,2,2.15,4,2,32,0.5,0.7,8.6,40,49
4,3.247491639,-8.997324823,10,30,2,2.15,4,2,32,0.5,0.7,8.6,40,49
4,3.257525084,-8.934300953,10,30,2,2.15,4,2,32,0.5,0.7,8.6,40,49
4,3.267558528,-8.871583305,10,30,2,2.15,4,2,32,0.5,0.7,8.6,40,49
4,3.277591973,-8.809183836,10,30,2,2.15,4,2,32,0.5,0.7,8.6,40,49
4,3.287625418,-8.747099214,10,30,2,2.15,4,2,32,0.5,0.7,8.6,40,49
4,3.297658863,-8.685326647,10,30,2,2.15,4,2,32,0.5,0.7,8.6,40,49
4,3.307692308,-8.623873138,10,30,2,2.15,4,2,32,0.5,0.7,8.6,40,49
4,3.317725753,-8.562724211,10,30,2,2.15,4,2,32,0.5,0.7,8.6,40,49
4,3.327759197,-8.501892305,10,30,2,2.15,4,2,32,0.5,0.7,8.6,40,49
4,3.337792642,-8.441362515,10,30,2,2.15,4,2,32,0.5,0.7,8.6,40,49
4,3.347826087,-8.381139931,10,30,2,2.15,4,2,32,0.5,0.7,8.6,40,49
4,3.357859532,-8.321219415,10,30,2,2.15,4,2,32,0.5,0.7,8.6,40,49
4,3.367892977,-8.261594758,10,30,2,2.15,4,2,32,0.5,0.7,8.6,40,49
4,3.377926421,-8.202272923,10,30,2,2.15,4,2,32,0.5,0.7,8.6,40,49
4,3.387959866,-8.143237336,10,30,2,2.15,4,2,32,0.5,0.7,8.6,40,49
4,3.397993311,-8.08449952,10,30,2,2.15,4,2,32,0.5,0.7,8.6,40,49
4,3.408026756,-8.026047775,10,30,2,2.15,4,2,32,0.5,0.7,8.6,40,49
4,3.418060201,-7.96788344,10,30,2,2.15,4,2,32,0.5,0.7,8.6,40,49
4,3.428093645,-7.910006936,10,30,2,2.15,4,2,32,0.5,0.7,8.6,40,49
4,3.43812709,-7.852410548,10,30,2,2.15,4,2,32,0.5,0.7,8.6,40,49
4,3.448160535,-7.795105199,10,30,2,2.15,4,2,32,0.5,0.7,8.6,40,49
4,3.45819398,-7.738076289,10,30,2,2.15,4,2,32,0.5,0.7,8.6,40,49
4,3.468227425,-7.68133866,10,30,2,2.15,4,2,32,0.5,0.7,8.6,40,49
4,3.47826087,-7.624884435,10,30,2,2.15,4,2,32,0.5,0.7,8.6,40,49
4,3.488294314,-7.568716092,10,30,2,2.15,4,2,32,0.5,0.7,8.6,40,49
4,3.498327759,-7.512840583,10,30,2,2.15,4,2,32,0.5,0.7,8.6,40,49
4,3.508361204,-7.457252753,10,30,2,2.15,4,2,32,0.5,0.7,8.6,40,49
4,3.518394649,-7.401969688,10,30,2,2.15,4,2,32,0.5,0.7,8.6,40,49
4,3.528428094,-7.346979676,10,30,2,2.15,4,2,32,0.5,0.7,8.6,40,49
4,3.538461538,-7.292303154,10,30,2,2.15,4,2,32,0.5,0.7,8.6,40,49
4,3.548494983,-7.237935349,10,30,2,2.15,4,2,32,0.5,0.7,8.6,40,49
4,3.558528428,-7.183886602,10,30,2,2.15,4,2,32,0.5,0.7,8.6,40,49
4,3.568561873,-7.130169254,10,30,2,2.15,4,2,32,0.5,0.7,8.6,40,49
4,3.578595318,-7.076778133,10,30,2,2.15,4,2,32,0.5,0.7,8.6,40,49
4,3.588628763,-7.023743763,10,30,2,2.15,4,2,32,0.5,0.7,8.6,40,49
4,3.598662207,-6.971051537,10,30,2,2.15,4,2,32,0.5,0.7,8.6,40,49
4,3.608695652,-6.918733788,10,30,2,2.15,4,2,32,0.5,0.7,8.6,40,49
4,3.618729097,-6.866785893,10,30,2,2.15,4,2,32,0.5,0.7,8.6,40,49
4,3.628762542,-6.815226903,10,30,2,2.15,4,2,32,0.5,0.7,8.6,40,49
4,3.638795987,-6.764072761,10,30,2,2.15,4,2,32,0.5,0.7,8.6,40,49
4,3.648829431,-6.713321786,10,30,2,2.15,4,2,32,0.5,0.7,8.6,40,49
4,3.658862876,-6.663014385,10,30,2,2.15,4,2,32,0.5,0.7,8.6,40,49
4,3.668896321,-6.613135989,10,30,2,2.15,4,2,32,0.5,0.7,8.6,40,49
4,3.678929766,-6.563727072,10,30,2,2.15,4,2,32,0.5,0.7,8.6,40,49
4,3.688963211,-6.51478556,10,30,2,2.15,4,2,32,0.5,0.7,8.6,40,49
4,3.698996656,-6.466334608,10,30,2,2.15,4,2,32,0.5,0.7,8.6,40,49
4,3.7090301,-6.418395458,10,30,2,2.15,4,2,32,0.5,0.7,8.6,40,49
4,3.719063545,-6.370969442,10,30,2,2.15,4,2,32,0.5,0.7,8.6,40,49
4,3.72909699,-6.324103605,10,30,2,2.15,4,2,32,0.5,0.7,8.6,40,49
4,3.739130435,-6.277783862,10,30,2,2.15,4,2,32,0.5,0.7,8.6,40,49
4,3.74916388,-6.232055418,10,30,2,2.15,4,2,32,0.5,0.7,8.6,40,49
4,3.759197324,-6.186919028,10,30,2,2.15,4,2,32,0.5,0.7,8.6,40,49
4,3.769230769,-6.142400766,10,30,2,2.15,4,2,32,0.5,0.7,8.6,40,49
4,3.779264214,-6.098526733,10,30,2,2.15,4,2,32,0.5,0.7,8.6,40,49
4,3.789297659,-6.055294941,10,30,2,2.15,4,2,32,0.5,0.7,8.6,40,49
4,3.799331104,-6.012763226,10,30,2,2.15,4,2,32,0.5,0.7,8.6,40,49
4,3.809364548,-5.97091079,10,30,2,2.15,4,2,32,0.5,0.7,8.6,40,49
4,3.819397993,-5.929788738,10,30,2,2.15,4,2,32,0.5,0.7,8.6,40,49
4,3.829431438,-5.889399121,10,30,2,2.15,4,2,32,0.5,0.7,8.6,40,49
4,3.839464883,-5.849766962,10,30,2,2.15,4,2,32,0.5,0.7,8.6,40,49
4,3.849498328,-5.810922054,10,30,2,2.15,4,2,32,0.5,0.7,8.6,40,49
4,3.859531773,-5.772858882,10,30,2,2.15,4,2,32,0.5,0.7,8.6,40,49
4,3.869565217,-5.735640978,10,30,2,2.15,4,2,32,0.5,0.7,8.6,40,49
4,3.879598662,-5.699240431,10,30,2,2.15,4,2,32,0.5,0.7,8.6,40,49
4,3.889632107,-5.663714022,10,30,2,2.15,4,2,32,0.5,0.7,8.6,40,49
4,3.899665552,-5.629059742,10,30,2,2.15,4,2,32,0.5,0.7,8.6,40,49
4,3.909698997,-5.595298983,10,30,2,2.15,4,2,32,0.5,0.7,8.6,40,49
4,3.919732441,-5.56246718,10,30,2,2.15,4,2,32,0.5,0.7,8.6,40,49
4,3.929765886,-5.530545672,10,30,2,2.15,4,2,32,0.5,0.7,8.6,40,49
4,3.939799331,-5.499610048,10,30,2,2.15,4,2,32,0.5,0.7,8.6,40,49
4,3.949832776,-5.469617708,10,30,2,2.15,4,2,32,0.5,0.7,8.6,40,49
4,3.959866221,-5.440626845,10,30,2,2.15,4,2,32,0.5,0.7,8.6,40,49
4,3.969899666,-5.412633756,10,30,2,2.15,4,2,32,0.5,0.7,8.6,40,49
4,3.97993311,-5.385650011,10,30,2,2.15,4,2,32,0.5,0.7,8.6,40,49
4,3.989966555,-5.359714934,10,30,2,2.15,4,2,32,0.5,0.7,8.6,40,49
4,4,-5.334795803,10,30,2,2.15,4,2,32,0.5,0.7,8.6,40,49
5,1,-0.42203453,10,30,2,4.65,4,2,32,0.5,0.7,8.6,40,49
5,1.010033445,-0.431141913,10,30,2,4.65,4,2,32,0.5,0.7,8.6,40,49
5,1.02006689,-0.440730658,10,30,2,4.65,4,2,32,0.5,0.7,8.6,40,49
5,1.030100334,-0.450858706,10,30,2,4.65,4,2,32,0.5,0.7,8.6,40,49
5,1.040133779,-0.461511091,10,30,2,4.65,4,2,32,0.5,0.7,8.6,40,49
5,1.050167224,-0.47273121,10,30,2,4.65,4,2,32,0.5,0.7,8.6,40,49
5,1.060200669,-0.484508169,10,30,2,4.65,4,2,32,0.5,0.7,8.6,40,49
5,1.070234114,-0.496868981,10,30,2,4.65,4,2,32,0.5,0.7,8.6,40,49
5,1.080267559,-0.509827694,10,30,2,4.65,4,2,32,0.5,0.7,8.6,40,49
5,1.090301003,-0.523381874,10,30,2,4.65,4,2,32,0.5,0.7,8.6,40,49
5,1.100334448,-0.537571734,10,30,2,4.65,4,2,32,0.5,0.7,8.6,40,49
5,1.110367893,-0.552375568,10,30,2,4.65,4,2,32,0.5,0.7,8.6,40,49
5,1.120401338,-0.567838016,10,30,2,4.65,4,2,32,0.5,0.7,8.6,40,49
5,1.130434783,-0.583943402,10,30,2,4.65,4,2,32,0.5,0.7,8.6,40,49
5,1.140468227,-0.600717362,10,30,2,4.65,4,2,32,0.5,0.7,8.6,40,49
5,1.150501672,-0.618171249,10,30,2,4.65,4,2,32,0.5,0.7,8.6,40,49
5,1.160535117,-0.636297801,10,30,2,4.65,4,2,32,0.5,0.7,8.6,40,49
5,1.170568562,-0.655139266,10,30,2,4.65,4,2,32,0.5,0.7,8.6,40,49
5,1.180602007,-0.674667058,10,30,2,4.65,4,2,32,0.5,0.7,8.6,40,49
5,1.190635452,-0.694928812,10,30,2,4.65,4,2,32,0.5,0.7,8.6,40,49
5,1.200668896,-0.715902705,10,30,2,4.65,4,2,32,0.5,0.7,8.6,40,49
5,1.210702341,-0.737612595,10,30,2,4.65,4,2,32,0.5,0.7,8.6,40,49
5,1.220735786,-0.760068958,10,30,2,4.65,4,2,32,0.5,0.7,8.6,40,49
5,1.230769231,-0.783261174,10,30,2,4.65,4,2,32,0.5,0.7,8.6,40,49
5,1.240802676,-0.807233557,10,30,2,4.65,4,2,32,0.5,0.7,8.6,40,49
5,1.25083612,-0.831951064,10,30,2,4.65,4,2,32,0.5,0.7,8.6,40,49
5,1.260869565,-0.85745936,10,30,2,4.65,4,2,32,0.5,0.7,8.6,40,49
5,1.27090301,-0.883738789,10,30,2,4.65,4,2,32,0.5,0.7,8.6,40,49
5,1.280936455,-0.910807781,10,30,2,4.65,4,2,32,0.5,0.7,8.6,40,49
5,1.2909699,-0.938678249,10,30,2,4.65,4,2,32,0.5,0.7,8.6,40,49
5,1.301003344,-0.96733424,10,30,2,4.65,4,2,32,0.5,0.7,8.6,40,49
5,1.311036789,-0.996824196,10,30,2,4.65,4,2,32,0.5,0.7,8.6,40,49
5,1.321070234,-1.027107035,10,30,2,4.65,4,2,32,0.5,0.7,8.6,40,49
5,1.331103679,-1.058229221,10,30,2,4.65,4,2,32,0.5,0.7,8.6,40,49
5,1.341137124,-1.090169699,10,30,2,4.65,4,2,32,0.5,0.7,8.6,40,49
5,1.351170569,-1.122943806,10,30,2,4.65,4,2,32,0.5,0.7,8.6,40,49
5,1.361204013,-1.156565161,10,30,2,4.65,4,2,32,0.5,0.7,8.6,40,49
5,1.371237458,-1.19101536,10,30,2,4.65,4,2,32,0.5,0.7,8.6,40,49
5,1.381270903,-1.22634196,10,30,2,4.65,4,2,32,0.5,0.7,8.6,40,49
5,1.391304348,-1.262502392,10,30,2,4.65,4,2,32,0.5,0.7,8.6,40,49
5,1.401337793,-1.299543746,10,30,2,4.65,4,2,32,0.5,0.7,8.6,40,49
5,1.411371237,-1.337442928,10,30,2,4.65,4,2,32,0.5,0.7,8.6,40,49
5,1.421404682,-1.376213965,10,30,2,4.65,4,2,32,0.5,0.7,8.6,40,49
5,1.431438127,-1.415872492,10,30,2,4.65,4,2,32,0.5,0.7,8.6,40,49
5,1.441471572,-1.456394687,10,30,2,4.65,4,2,32,0.5,0.7,8.6,40,49
5,1.451505017,-1.497833718,10,30,2,4.65,4,2,32,0.5,0.7,8.6,40,49
5,1.461538462,-1.540141569,10,30,2,4.65,4,2,32,0.5,0.7,8.6,40,49
5,1.471571906,-1.583365832,10,30,2,4.65,4,2,32,0.5,0.7,8.6,40,49
5,1.481605351,-1.627483484,10,30,2,4.65,4,2,32,0.5,0.7,8.6,40,49
5,1.491638796,-1.672508229,10,30,2,4.65,4,2,32,0.5,0.7,8.6,40,49
5,1.501672241,-1.718456624,10,30,2,4.65,4,2,32,0.5,0.7,8.6,40,49
5,1.511705686,-1.765299996,10,30,2,4.65,4,2,32,0.5,0.7,8.6,40,49
5,1.52173913,-1.813098048,10,30,2,4.65,4,2,32,0.5,0.7,8.6,40,49
5,1.531772575,-1.861796962,10,30,2,4.65,4,2,32,0.5,0.7,8.6,40,49
5,1.54180602,-1.911445161,10,30,2,4.65,4,2,32,0.5,0.7,8.6,40,49
5,1.551839465,-1.962022385,10,30,2,4.65,4,2,32,0.5,0.7,8.6,40,49
5,1.56187291,-2.013535796,10,30,2,4.65,4,2,32,0.5,0.7,8.6,40,49
5,1.571906355,-2.066008887,10,30,2,4.65,4,2,32,0.5,0.7,8.6,40,49
5,1.581939799,-2.119407679,10,30,2,4.65,4,2,32,0.5,0.7,8.6,40,49
5,1.591973244,-2.173795179,10,30,2,4.65,4,2,32,0.5,0.7,8.6,40,49
5,1.602006689,-2.229116512,10,30,2,4.65,4,2,32,0.5,0.7,8.6,40,49
5,1.612040134,-2.285418089,10,30,2,4.65,4,2,32,0.5,0.7,8.6,40,49
5,1.622073579,-2.342681833,10,30,2,4.65,4,2,32,0.5,0.7,8.6,40,49
5,1.632107023,-2.400913301,10,30,2,4.65,4,2,32,0.5,0.7,8.6,40,49
5,1.642140468,-2.46013753,10,30,2,4.65,4,2,32,0.5,0.7,8.6,40,49
5,1.652173913,-2.520318403,10,30,2,4.65,4,2,32,0.5,0.7,8.6,40,49
5,1.662207358,-2.581522507,10,30,2,4.65,4,2,32,0.5,0.7,8.6,40,49
5,1.672240803,-2.643688994,10,30,2,4.65,4,2,32,0.5,0.7,8.6,40,49
5,1.682274247,-2.70686924,10,30,2,4.65,4,2,32,0.5,0.7,8.6,40,49
5,1.692307692,-2.771042691,10,30,2,4.65,4,2,32,0.5,0.7,8.6,40,49
5,1.702341137,-2.836215844,10,30,2,4.65,4,2,32,0.5,0.7,8.6,40,49
5,1.712374582,-2.902415067,10,30,2,4.65,4,2,32,0.5,0.7,8.6,40,49
5,1.722408027,-2.969599946,10,30,2,4.65,4,2,32,0.5,0.7,8.6,40,49
5,1.732441472,-3.037839144,10,30,2,4.65,4,2,32,0.5,0.7,8.6,40,49
5,1.742474916,-3.107074801,10,30,2,4.65,4,2,32,0.5,0.7,8.6,40,49
5,1.752508361,-3.177351913,10,30,2,4.65,4,2,32,0.5,0.7,8.6,40,49
5,1.762541806,-3.248655065,10,30,2,4.65,4,2,32,0.5,0.7,8.6,40,49
5,1.772575251,-3.320985844,10,30,2,4.65,4,2,32,0.5,0.7,8.6,40,49
5,1.782608696,-3.394373144,10,30,2,4.65,4,2,32,0.5,0.7,8.6,40,49
5,1.79264214,-3.468775416,10,30,2,4.65,4,2,32,0.5,0.7,8.6,40,49
5,1.802675585,-3.544260773,10,30,2,4.65,4,2,32,0.5,0.7,8.6,40,49
5,1.81270903,-3.620770247,10,30,2,4.65,4,2,32,0.5,0.7,8.6,40,49
5,1.822742475,-3.6983486,10,30,2,4.65,4,2,32,0.5,0.7,8.6,40,49
5,1.83277592,-3.776981092,10,30,2,4.65,4,2,32,0.5,0.7,8.6,40,49
5,1.842809365,-3.856664652,10,30,2,4.65,4,2,32,0.5,0.7,8.6,40,49
5,1.852842809,-3.937431638,10,30,2,4.65,4,2,32,0.5,0.7,8.6,40,49
5,1.862876254,-4.019235262,10,30,2,4.65,4,2,32,0.5,0.7,8.6,40,49
5,1.872909699,-4.102147064,10,30,2,4.65,4,2,32,0.5,0.7,8.6,40,49
5,1.882943144,-4.186102525,10,30,2,4.65,4,2,32,0.5,0.7,8.6,40,49
5,1.892976589,-4.271146964,10,30,2,4.65,4,2,32,0.5,0.7,8.6,40,49
5,1.903010033,-4.35726238,10,30,2,4.65,4,2,32,0.5,0.7,8.6,40,49
5,1.913043478,-4.444445481,10,30,2,4.65,4,2,32,0.5,0.7,8.6,40,49
5,1.923076923,-4.532725842,10,30,2,4.65,4,2,32,0.5,0.7,8.6,40,49
5,1.933110368,-4.622057131,10,30,2,4.65,4,2,32,0.5,0.7,8.6,40,49
5,1.943143813,-4.712501835,10,30,2,4.65,4,2,32,0.5,0.7,8.6,40,49
5,1.953177258,-4.803998827,10,30,2,4.65,4,2,32,0.5,0.7,8.6,40,49
5,1.963210702,-4.896585366,10,30,2,4.65,4,2,32,0.5,0.7,8.6,40,49
5,1.973244147,-4.990245842,10,30,2,4.65,4,2,32,0.5,0.7,8.6,40,49
5,1.983277592,-5.084967734,10,30,2,4.65,4,2,32,0.5,0.7,8.6,40,49
5,1.993311037,-5.180783228,10,30,2,4.65,4,2,32,0.5,0.7,8.6,40,49
5,2.003344482,-5.27763432,10,30,2,4.65,4,2,32,0.5,0.7,8.6,40,49
5,2.013377926,-5.375583026,10,30,2,4.65,4,2,32,0.5,0.7,8.6,40,49
5,2.023411371,-5.474563827,10,30,2,4.65,4,2,32,0.5,0.7,8.6,40,49
5,2.033444816,-5.57460581,10,30,2,4.65,4,2,32,0.5,0.7,8.6,40,49
5,2.043478261,-5.675688584,10,30,2,4.65,4,2,32,0.5,0.7,8.6,40,49
5,2.053511706,-5.777793365,10,30,2,4.65,4,2,32,0.5,0.7,8.6,40,49
5,2.063545151,-5.880944176,10,30,2,4.65,4,2,32,0.5,0.7,8.6,40,49
5,2.073578595,-5.985080077,10,30,2,4.65,4,2,32,0.5,0.7,8.6,40,49
5,2.08361204,-6.090247067,10,30,2,4.65,4,2,32,0.5,0.7,8.6,40,49
5,2.093645485,-6.196376969,10,30,2,4.65,4,2,32,0.5,0.7,8.6,40,49
5,2.10367893,-6.303486068,10,30,2,4.65,4,2,32,0.5,0.7,8.6,40,49
5,2.113712375,-6.411545819,10,30,2,4.65,4,2,32,0.5,0.7,8.6,40,49
5,2.123745819,-6.52052757,10,30,2,4.65,4,2,32,0.5,0.7,8.6,40,49
5,2.133779264,-6.630438577,10,30,2,4.65,4,2,32,0.5,0.7,8.6,40,49
5,2.143812709,-6.741212444,10,30,2,4.65,4,2,32,0.5,0.7,8.6,40,49
5,2.153846154,-6.852870142,10,30,2,4.65,4,2,32,0.5,0.7,8.6,40,49
5,2.163879599,-6.965341836,10,30,2,4.65,4,2,32,0.5,0.7,8.6,40,49
5,2.173913043,-7.078618386,10,30,2,4.65,4,2,32,0.5,0.7,8.6,40,49
5,2.183946488,-7.192661175,10,30,2,4.65,4,2,32,0.5,0.7,8.6,40,49
5,2.193979933,-7.307421779,10,30,2,4.65,4,2,32,0.5,0.7,8.6,40,49
5,2.204013378,-7.422881676,10,30,2,4.65,4,2,32,0.5,0.7,8.6,40,49
5,2.214046823,-7.538968698,10,30,2,4.65,4,2,32,0.5,0.7,8.6,40,49
5,2.224080268,-7.655663352,10,30,2,4.65,4,2,32,0.5,0.7,8.6,40,49
5,2.234113712,-7.772891455,10,30,2,4.65,4,2,32,0.5,0.7,8.6,40,49
5,2.244147157,-7.890607384,10,30,2,4.65,4,2,32,0.5,0.7,8.6,40,49
5,2.254180602,-8.008749263,10,30,2,4.65,4,2,32,0.5,0.7,8.6,40,49
5,2.264214047,-8.127247763,10,30,2,4.65,4,2,32,0.5,0.7,8.6,40,49
5,2.274247492,-8.246042546,10,30,2,4.65,4,2,32,0.5,0.7,8.6,40,49
5,2.284280936,-8.365050048,10,30,2,4.65,4,2,32,0.5,0.7,8.6,40,49
5,2.294314381,-8.484194007,10,30,2,4.65,4,2,32,0.5,0.7,8.6,40,49
5,2.304347826,-8.603391752,10,30,2,4.65,4,2,32,0.5,0.7,8.6,40,49
5,2.314381271,-8.722546947,10,30,2,4.65,4,2,32,0.5,0.7,8.6,40,49
5,2.324414716,-8.841567571,10,30,2,4.65,4,2,32,0.5,0.7,8.6,40,49
5,2.334448161,-8.960351837,10,30,2,4.65,4,2,32,0.5,0.7,8.6,40,49
5,2.344481605,-9.078782352,10,30,2,4.65,4,2,32,0.5,0.7,8.6,40,49
5,2.35451505,-9.196763082,10,30,2,4.65,4,2,32,0.5,0.7,8.6,40,49
5,2.364548495,-9.314145436,10,30,2,4.65,4,2,32,0.5,0.7,8.6,40,49
5,2.37458194,-9.430828002,10,30,2,4.65,4,2,32,0.5,0.7,8.6,40,49
5,2.384615385,-9.546664273,10,30,2,4.65,4,2,32,0.5,0.7,8.6,40,49
5,2.394648829,-9.661511269,10,30,2,4.65,4,2,32,0.5,0.7,8.6,40,49
5,2.404682274,-9.775249044,10,30,2,4.65,4,2,32,0.5,0.7,8.6,40,49
5,2.414715719,-9.88767109,10,30,2,4.65,4,2,32,0.5,0.7,8.6,40,49
5,2.424749164,-9.998691998,10,30,2,4.65,4,2,32,0.5,0.7,8.6,40,49
5,2.434782609,-10.10807438,10,30,2,4.65,4,2,32,0.5,0.7,8.6,40,49
5,2.444816054,-10.21570927,10,30,2,4.65,4,2,32,0.5,0.7,8.6,40,49
5,2.454849498,-10.3214025,10,30,2,4.65,4,2,32,0.5,0.7,8.6,40,49
5,2.464882943,-10.42496071,10,30,2,4.65,4,2,32,0.5,0.7,8.6,40,49
5,2.474916388,-10.52626921,10,30,2,4.65,4,2,32,0.5,0.7,8.6,40,49
5,2.484949833,-10.62502926,10,30,2,4.65,4,2,32,0.5,0.7,8.6,40,49
5,2.494983278,-10.72119893,10,30,2,4.65,4,2,32,0.5,0.7,8.6,40,49
5,2.505016722,-10.8144675,10,30,2,4.65,4,2,32,0.5,0.7,8.6,40,49
5,2.515050167,-10.90474693,10,30,2,4.65,4,2,32,0.5,0.7,8.6,40,49
5,2.525083612,-10.99182588,10,30,2,4.65,4,2,32,0.5,0.7,8.6,40,49
5,2.535117057,-11.07549129,10,30,2,4.65,4,2,32,0.5,0.7,8.6,40,49
5,2.545150502,-11.15568618,10,30,2,4.65,4,2,32,0.5,0.7,8.6,40,49
5,2.555183946,-11.23204854,10,30,2,4.65,4,2,32,0.5,0.7,8.6,40,49
5,2.565217391,-11.3046439,10,30,2,4.65,4,2,32,0.5,0.7,8.6,40,49
5,2.575250836,-11.37313174,10,30,2,4.65,4,2,32,0.5,0.7,8.6,40,49
5,2.585284281,-11.43750295,10,30,2,4.65,4,2,32,0.5,0.7,8.6,40,49
5,2.595317726,-11.49759287,10,30,2,4.65,4,2,32,0.5,0.7,8.6,40,49
5,2.605351171,-11.5532313,10,30,2,4.65,4,2,32,0.5,0.7,8.6,40,49
5,2.615384615,-11.60447284,10,30,2,4.65,4,2,32,0.5,0.7,8.6,40,49
5,2.62541806,-11.65097546,10,30,2,4.65,4,2,32,0.5,0.7,8.6,40,49
5,2.635451505,-11.6929492,10,30,2,4.65,4,2,32,0.5,0.7,8.6,40,49
5,2.64548495,-11.73012287,10,30,2,4.65,4,2,32,0.5,0.7,8.6,40,49
5,2.655518395,-11.76259863,10,30,2,4.65,4,2,32,0.5,0.7,8.6,40,49
5,2.665551839,-11.79032556,10,30,2,4.65,4,2,32,0.5,0.7,8.6,40,49
5,2.675585284,-11.81323557,10,30,2,4.65,4,2,32,0.5,0.7,8.6,40,49
5,2.685618729,-11.8315179,10,30,2,4.65,4,2,32,0.5,0.7,8.6,40,49
5,2.695652174,-11.84493489,10,30,2,4.65,4,2,32,0.5,0.7,8.6,40,49
5,2.705685619,-11.85382767,10,30,2,4.65,4,2,32,0.5,0.7,8.6,40,49
5,2.715719064,-11.85805131,10,30,2,4.65,4,2,32,0.5,0.7,8.6,40,49
5,2.725752508,-11.85781623,10,30,2,4.65,4,2,32,0.5,0.7,8.6,40,49
5,2.735785953,-11.85319639,10,30,2,4.65,4,2,32,0.5,0.7,8.6,40,49
5,2.745819398,-11.84423351,10,30,2,4.65,4,2,32,0.5,0.7,8.6,40,49
5,2.755852843,-11.8312129,10,30,2,4.65,4,2,32,0.5,0.7,8.6,40,49
5,2.765886288,-11.81402426,10,30,2,4.65,4,2,32,0.5,0.7,8.6,40,49
5,2.775919732,-11.79306035,10,30,2,4.65,4,2,32,0.5,0.7,8.6,40,49
5,2.785953177,-11.7683023,10,30,2,4.65,4,2,32,0.5,0.7,8.6,40,49
5,2.795986622,-11.74000282,10,30,2,4.65,4,2,32,0.5,0.7,8.6,40,49
5,2.806020067,-11.70831412,10,30,2,4.65,4,2,32,0.5,0.7,8.6,40,49
5,2.816053512,-11.67334071,10,30,2,4.65,4,2,32,0.5,0.7,8.6,40,49
5,2.826086957,-11.63538383,10,30,2,4.65,4,2,32,0.5,0.7,8.6,40,49
5,2.836120401,-11.59442604,10,30,2,4.65,4,2,32,0.5,0.7,8.6,40,49
5,2.846153846,-11.55082338,10,30,2,4.65,4,2,32,0.5,0.7,8.6,40,49
5,2.856187291,-11.50463023,10,30,2,4.65,4,2,32,0.5,0.7,8.6,40,49
5,2.866220736,-11.45607146,10,30,2,4.65,4,2,32,0.5,0.7,8.6,40,49
5,2.876254181,-11.4053112,10,30,2,4.65,4,2,32,0.5,0.7,8.6,40,49
5,2.886287625,-11.35246663,10,30,2,4.65,4,2,32,0.5,0.7,8.6,40,49
5,2.89632107,-11.29778186,10,30,2,4.65,4,2,32,0.5,0.7,8.6,40,49
5,2.906354515,-11.24129246,10,30,2,4.65,4,2,32,0.5,0.7,8.6,40,49
5,2.91638796,-11.18325879,10,30,2,4.65,4,2,32,0.5,0.7,8.6,40,49
5,2.926421405,-11.12375439,10,30,2,4.65,4,2,32,0.5,0.7,8.6,40,49
5,2.936454849,-11.06294845,10,30,2,4.65,4,2,32,0.5,0.7,8.6,40,49
5,2.946488294,-11.00097041,10,30,2,4.65,4,2,32,0.5,0.7,8.6,40,49
5,2.956521739,-10.9379179,10,30,2,4.65,4,2,32,0.5,0.7,8.6,40,49
5,2.966555184,-10.87395454,10,30,2,4.65,4,2,32,0.5,0.7,8.6,40,49
5,2.976588629,-10.80913522,10,30,2,4.65,4,2,32,0.5,0.7,8.6,40,49
5,2.986622074,-10.74361739,10,30,2,4.65,4,2,32,0.5,0.7,8.6,40,49
5,2.996655518,-10.67746491,10,30,2,4.65,4,2,32,0.5,0.7,8.6,40,49
5,3.006688963,-10.61078771,10,30,2,4.65,4,2,32,0.5,0.7,8.6,40,49
5,3.016722408,-10.54367051,10,30,2,4.65,4,2,32,0.5,0.7,8.6,40,49
5,3.026755853,-10.47618402,10,30,2,4.65,4,2,32,0.5,0.7,8.6,40,49
5,3.036789298,-10.40841688,10,30,2,4.65,4,2,32,0.5,0.7,8.6,40,49
5,3.046822742,-10.34042377,10,30,2,4.65,4,2,32,0.5,0.7,8.6,40,49
5,3.056856187,-10.27227866,10,30,2,4.65,4,2,32,0.5,0.7,8.6,40,49
5,3.066889632,-10.20403555,10,30,2,4.65,4,2,32,0.5,0.7,8.6,40,49
5,3.076923077,-10.13575227,10,30,2,4.65,4,2,32,0.5,0.7,8.6,40,49
5,3.086956522,-10.06747062,10,30,2,4.65,4,2,32,0.5,0.7,8.6,40,49
5,3.096989967,-9.999243171,10,30,2,4.65,4,2,32,0.5,0.7,8.6,40,49
5,3.107023411,-9.931102214,10,30,2,4.65,4,2,32,0.5,0.7,8.6,40,49
5,3.117056856,-9.863091671,10,30,2,4.65,4,2,32,0.5,0.7,8.6,40,49
5,3.127090301,-9.79523972,10,30,2,4.65,4,2,32,0.5,0.7,8.6,40,49
5,3.137123746,-9.727575025,10,30,2,4.65,4,2,32,0.5,0.7,8.6,40,49
5,3.147157191,-9.660127661,10,30,2,4.65,4,2,32,0.5,0.7,8.6,40,49
5,3.157190635,-9.592912487,10,30,2,4.65,4,2,32,0.5,0.7,8.6,40,49
5,3.16722408,-9.525961066,10,30,2,4.65,4,2,32,0.5,0.7,8.6,40,49
5,3.177257525,-9.459274129,10,30,2,4.65,4,2,32,0.5,0.7,8.6,40,49
5,3.18729097,-9.392888617,10,30,2,4.65,4,2,32,0.5,0.7,8.6,40,49
5,3.197324415,-9.326795188,10,30,2,4.65,4,2,32,0.5,0.7,8.6,40,49
5,3.20735786,-9.261018609,10,30,2,4.65,4,2,32,0.5,0.7,8.6,40,49
5,3.217391304,-9.195561477,10,30,2,4.65,4,2,32,0.5,0.7,8.6,40,49
5,3.227424749,-9.130426509,10,30,2,4.65,4,2,32,0.5,0.7,8.6,40,49
5,3.237458194,-9.065634069,10,30,2,4.65,4,2,32,0.5,0.7,8.6,40,49
5,3.247491639,-9.001166594,10,30,2,4.65,4,2,32,0.5,0.7,8.6,40,49
5,3.257525084,-8.937050381,10,30,2,4.65,4,2,32,0.5,0.7,8.6,40,49
5,3.267558528,-8.873264663,10,30,2,4.65,4,2,32,0.5,0.7,8.6,40,49
5,3.277591973,-8.809825163,10,30,2,4.65,4,2,32,0.5,0.7,8.6,40,49
5,3.287625418,-8.746724483,10,30,2,4.65,4,2,32,0.5,0.7,8.6,40,49
5,3.297658863,-8.683961275,10,30,2,4.65,4,2,32,0.5,0.7,8.6,40,49
5,3.307692308,-8.621541279,10,30,2,4.65,4,2,32,0.5,0.7,8.6,40,49
5,3.317725753,-8.559449171,10,30,2,4.65,4,2,32,0.5,0.7,8.6,40,49
5,3.327759197,-8.49769723,10,30,2,4.65,4,2,32,0.5,0.7,8.6,40,49
5,3.337792642,-8.43626906,10,30,2,4.65,4,2,32,0.5,0.7,8.6,40,49
5,3.347826087,-8.375171675,10,30,2,4.65,4,2,32,0.5,0.7,8.6,40,49
5,3.357859532,-8.314397728,10,30,2,4.65,4,2,32,0.5,0.7,8.6,40,49
5,3.367892977,-8.253941158,10,30,2,4.65,4,2,32,0.5,0.7,8.6,40,49
5,3.377926421,-8.1938064,10,30,2,4.65,4,2,32,0.5,0.7,8.6,40,49
5,3.387959866,-8.133980236,10,30,2,4.65,4,2,32,0.5,0.7,8.6,40,49
5,3.397993311,-8.074472157,10,30,2,4.65,4,2,32,0.5,0.7,8.6,40,49
5,3.408026756,-8.015268704,10,30,2,4.65,4,2,32,0.5,0.7,8.6,40,49
5,3.418060201,-7.956371908,10,30,2,4.65,4,2,32,0.5,0.7,8.6,40,49
5,3.428093645,-7.897782621,10,30,2,4.65,4,2,32,0.5,0.7,8.6,40,49
5,3.43812709,-7.839492073,10,30,2,4.65,4,2,32,0.5,0.7,8.6,40,49
5,3.448160535,-7.78151007,10,30,2,4.65,4,2,32,0.5,0.7,8.6,40,49
5,3.45819398,-7.723825161,10,30,2,4.65,4,2,32,0.5,0.7,8.6,40,49
5,3.468227425,-7.666447736,10,30,2,4.65,4,2,32,0.5,0.7,8.6,40,49
5,3.47826087,-7.609370756,10,30,2,4.65,4,2,32,0.5,0.7,8.6,40,49
5,3.488294314,-7.552598322,10,30,2,4.65,4,2,32,0.5,0.7,8.6,40,49
5,3.498327759,-7.496136021,10,30,2,4.65,4,2,32,0.5,0.7,8.6,40,49
5,3.508361204,-7.439977097,10,30,2,4.65,4,2,32,0.5,0.7,8.6,40,49
5,3.518394649,-7.384141203,10,30,2,4.65,4,2,32,0.5,0.7,8.6,40,49
5,3.528428094,-7.328614015,10,30,2,4.65,4,2,32,0.5,0.7,8.6,40,49
5,3.538461538,-7.273417439,10,30,2,4.65,4,2,32,0.5,0.7,8.6,40,49
5,3.548494983,-7.218545829,10,30,2,4.65,4,2,32,0.5,0.7,8.6,40,49
5,3.558528428,-7.16400888,10,30,2,4.65,4,2,32,0.5,0.7,8.6,40,49
5,3.568561873,-7.109818746,10,30,2,4.65,4,2,32,0.5,0.7,8.6,40,49
5,3.578595318,-7.055970899,10,30,2,4.65,4,2,32,0.5,0.7,8.6,40,49
5,3.588628763,-7.002494822,10,30,2,4.65,4,2,32,0.5,0.7,8.6,40,49
5,3.598662207,-6.949375933,10,30,2,4.65,4,2,32,0.5,0.7,8.6,40,49
5,3.608695652,-6.896647361,10,30,2,4.65,4,2,32,0.5,0.7,8.6,40,49
5,3.618729097,-6.84430434,10,30,2,4.65,4,2,32,0.5,0.7,8.6,40,49
5,3.628762542,-6.792363268,10,30,2,4.65,4,2,32,0.5,0.7,8.6,40,49
5,3.638795987,-6.740842372,10,30,2,4.65,4,2,32,0.5,0.7,8.6,40,49
5,3.648829431,-6.689739128,10,30,2,4.65,4,2,32,0.5,0.7,8.6,40,49
5,3.658862876,-6.639093461,10,30,2,4.65,4,2,32,0.5,0.7,8.6,40,49
5,3.668896321,-6.588890266,10,30,2,4.65,4,2,32,0.5,0.7,8.6,40,49
5,3.678929766,-6.539170856,10,30,2,4.65,4,2,32,0.5,0.7,8.6,40,49
5,3.688963211,-6.489932086,10,30,2,4.65,4,2,32,0.5,0.7,8.6,40,49
5,3.698996656,-6.441197909,10,30,2,4.65,4,2,32,0.5,0.7,8.6,40,49
5,3.7090301,-6.39298895,10,30,2,4.65,4,2,32,0.5,0.7,8.6,40,49
5,3.719063545,-6.345304957,10,30,2,4.65,4,2,32,0.5,0.7,8.6,40,49
5,3.72909699,-6.298195782,10,30,2,4.65,4,2,32,0.5,0.7,8.6,40,49
5,3.739130435,-6.251643811,10,30,2,4.65,4,2,32,0.5,0.7,8.6,40,49
5,3.74916388,-6.205696912,10,30,2,4.65,4,2,32,0.5,0.7,8.6,40,49
5,3.759197324,-6.160353507,10,30,2,4.65,4,2,32,0.5,0.7,8.6,40,49
5,3.769230769,-6.115640622,10,30,2,4.65,4,2,32,0.5,0.7,8.6,40,49
5,3.779264214,-6.071582804,10,30,2,4.65,4,2,32,0.5,0.7,8.6,40,49
5,3.789297659,-6.028179867,10,30,2,4.65,4,2,32,0.5,0.7,8.6,40,49
5,3.799331104,-5.985488333,10,30,2,4.65,4,2,32,0.5,0.7,8.6,40,49
5,3.809364548,-5.943486662,10,30,2,4.65,4,2,32,0.5,0.7,8.6,40,49
5,3.819397993,-5.902228425,10,30,2,4.65,4,2,32,0.5,0.7,8.6,40,49
5,3.829431438,-5.861711382,10,30,2,4.65,4,2,32,0.5,0.7,8.6,40,49
5,3.839464883,-5.821962654,10,30,2,4.65,4,2,32,0.5,0.7,8.6,40,49
5,3.849498328,-5.783012728,10,30,2,4.65,4,2,32,0.5,0.7,8.6,40,49
5,3.859531773,-5.744853882,10,30,2,4.65,4,2,32,0.5,0.7,8.6,40,49
5,3.869565217,-5.707551271,10,30,2,4.65,4,2,32,0.5,0.7,8.6,40,49
5,3.879598662,-5.671075391,10,30,2,4.65,4,2,32,0.5,0.7,8.6,40,49
5,3.889632107,-5.635483529,10,30,2,4.65,4,2,32,0.5,0.7,8.6,40,49
5,3.899665552,-5.600772248,10,30,2,4.65,4,2,32,0.5,0.7,8.6,40,49
5,3.909698997,-5.566963455,10,30,2,4.65,4,2,32,0.5,0.7,8.6,40,49
5,3.919732441,-5.534093596,10,30,2,4.65,4,2,32,0.5,0.7,8.6,40,49
5,3.929765886,-5.502141149,10,30,2,4.65,4,2,32,0.5,0.7,8.6,40,49
5,3.939799331,-5.471185214,10,30,2,4.65,4,2,32,0.5,0.7,8.6,40,49
5,3.949832776,-5.441180559,10,30,2,4.65,4,2,32,0.5,0.7,8.6,40,49
5,3.959866221,-5.41218584,10,30,2,4.65,4,2,32,0.5,0.7,8.6,40,49
5,3.969899666,-5.38419457,10,30,2,4.65,4,2,32,0.5,0.7,8.6,40,49
5,3.97993311,-5.357222955,10,30,2,4.65,4,2,32,0.5,0.7,8.6,40,49
5,3.989966555,-5.331306217,10,30,2,4.65,4,2,32,0.5,0.7,8.6,40,49
5,4,-5.306414245,10,30,2,4.65,4,2,32,0.5,0.7,8.6,40,49
6,1,-0.421469275,10,30,2,7.15,4,2,32,0.5,0.7,8.6,40,49
6,1.010033445,-0.43053881,10,30,2,7.15,4,2,32,0.5,0.7,8.6,40,49
6,1.02006689,-0.440102387,10,30,2,7.15,4,2,32,0.5,0.7,8.6,40,49
6,1.030100334,-0.450215783,10,30,2,7.15,4,2,32,0.5,0.7,8.6,40,49
6,1.040133779,-0.460862744,10,30,2,7.15,4,2,32,0.5,0.7,8.6,40,49
6,1.050167224,-0.472091846,10,30,2,7.15,4,2,32,0.5,0.7,8.6,40,49
6,1.060200669,-0.483889943,10,30,2,7.15,4,2,32,0.5,0.7,8.6,40,49
6,1.070234114,-0.496283839,10,30,2,7.15,4,2,32,0.5,0.7,8.6,40,49
6,1.080267559,-0.509286392,10,30,2,7.15,4,2,32,0.5,0.7,8.6,40,49
6,1.090301003,-0.52289784,10,30,2,7.15,4,2,32,0.5,0.7,8.6,40,49
6,1.100334448,-0.537158636,10,30,2,7.15,4,2,32,0.5,0.7,8.6,40,49
6,1.110367893,-0.552045221,10,30,2,7.15,4,2,32,0.5,0.7,8.6,40,49
6,1.120401338,-0.567606444,10,30,2,7.15,4,2,32,0.5,0.7,8.6,40,49
6,1.130434783,-0.583823495,10,30,2,7.15,4,2,32,0.5,0.7,8.6,40,49
6,1.140468227,-0.600722465,10,30,2,7.15,4,2,32,0.5,0.7,8.6,40,49
6,1.150501672,-0.618315077,10,30,2,7.15,4,2,32,0.5,0.7,8.6,40,49
6,1.160535117,-0.636596027,10,30,2,7.15,4,2,32,0.5,0.7,8.6,40,49
6,1.170568562,-0.655605959,10,30,2,7.15,4,2,32,0.5,0.7,8.6,40,49
6,1.180602007,-0.675316955,10,30,2,7.15,4,2,32,0.5,0.7,8.6,40,49
6,1.190635452,-0.695775429,10,30,2,7.15,4,2,32,0.5,0.7,8.6,40,49
6,1.200668896,-0.716962592,10,30,2,7.15,4,2,32,0.5,0.7,8.6,40,49
6,1.210702341,-0.738900424,10,30,2,7.15,4,2,32,0.5,0.7,8.6,40,49
6,1.220735786,-0.761599169,10,30,2,7.15,4,2,32,0.5,0.7,8.6,40,49
6,1.230769231,-0.785051039,10,30,2,7.15,4,2,32,0.5,0.7,8.6,40,49
6,1.240802676,-0.809296575,10,30,2,7.15,4,2,32,0.5,0.7,8.6,40,49
6,1.25083612,-0.834303753,10,30,2,7.15,4,2,32,0.5,0.7,8.6,40,49
6,1.260869565,-0.860117633,10,30,2,7.15,4,2,32,0.5,0.7,8.6,40,49
6,1.27090301,-0.88671874,10,30,2,7.15,4,2,32,0.5,0.7,8.6,40,49
6,1.280936455,-0.914125633,10,30,2,7.15,4,2,32,0.5,0.7,8.6,40,49
6,1.2909699,-0.942350935,10,30,2,7.15,4,2,32,0.5,0.7,8.6,40,49
6,1.301003344,-0.971376749,10,30,2,7.15,4,2,32,0.5,0.7,8.6,40,49
6,1.311036789,-1.001253806,10,30,2,7.15,4,2,32,0.5,0.7,8.6,40,49
6,1.321070234,-1.031939417,10,30,2,7.15,4,2,32,0.5,0.7,8.6,40,49
6,1.331103679,-1.063482606,10,30,2,7.15,4,2,32,0.5,0.7,8.6,40,49
6,1.341137124,-1.095859122,10,30,2,7.15,4,2,32,0.5,0.7,8.6,40,49
6,1.351170569,-1.129088016,10,30,2,7.15,4,2,32,0.5,0.7,8.6,40,49
6,1.361204013,-1.163181303,10,30,2,7.15,4,2,32,0.5,0.7,8.6,40,49
6,1.371237458,-1.198118999,10,30,2,7.15,4,2,32,0.5,0.7,8.6,40,49
6,1.381270903,-1.233952459,10,30,2,7.15,4,2,32,0.5,0.7,8.6,40,49
6,1.391304348,-1.27063561,10,30,2,7.15,4,2,32,0.5,0.7,8.6,40,49
6,1.401337793,-1.308218287,10,30,2,7.15,4,2,32,0.5,0.7,8.6,40,49
6,1.411371237,-1.346676387,10,30,2,7.15,4,2,32,0.5,0.7,8.6,40,49
6,1.421404682,-1.38602566,10,30,2,7.15,4,2,32,0.5,0.7,8.6,40,49
6,1.431438127,-1.426278921,10,30,2,7.15,4,2,32,0.5,0.7,8.6,40,49
6,1.441471572,-1.467415176,10,30,2,7.15,4,2,32,0.5,0.7,8.6,40,49
6,1.451505017,-1.509486494,10,30,2,7.15,4,2,32,0.5,0.7,8.6,40,49
6,1.461538462,-1.552445297,10,30,2,7.15,4,2,32,0.5,0.7,8.6,40,49
6,1.471571906,-1.596339829,10,30,2,7.15,4,2,32,0.5,0.7,8.6,40,49
6,1.481605351,-1.641146426,10,30,2,7.15,4,2,32,0.5,0.7,8.6,40,49
6,1.491638796,-1.68687963,10,30,2,7.15,4,2,32,0.5,0.7,8.6,40,49
6,1.501672241,-1.733556869,10,30,2,7.15,4,2,32,0.5,0.7,8.6,40,49
6,1.511705686,-1.781148737,10,30,2,7.15,4,2,32,0.5,0.7,8.6,40,49
6,1.52173913,-1.829714803,10,30,2,7.15,4,2,32,0.5,0.7,8.6,40,49
6,1.531772575,-1.879201315,10,30,2,7.15,4,2,32,0.5,0.7,8.6,40,49
6,1.54180602,-1.929658887,10,30,2,7.15,4,2,32,0.5,0.7,8.6,40,49
6,1.551839465,-1.98106531,10,30,2,7.15,4,2,32,0.5,0.7,8.6,40,49
6,1.56187291,-2.033431626,10,30,2,7.15,4,2,32,0.5,0.7,8.6,40,49
6,1.571906355,-2.08677723,10,30,2,7.15,4,2,32,0.5,0.7,8.6,40,49
6,1.581939799,-2.141070515,10,30,2,7.15,4,2,32,0.5,0.7,8.6,40,49
6,1.591973244,-2.196375623,10,30,2,7.15,4,2,32,0.5,0.7,8.6,40,49
6,1.602006689,-2.25263516,10,30,2,7.15,4,2,32,0.5,0.7,8.6,40,49
6,1.612040134,-2.3099008,10,30,2,7.15,4,2,32,0.5,0.7,8.6,40,49
6,1.622073579,-2.368148512,10,30,2,7.15,4,2,32,0.5,0.7,8.6,40,49
6,1.632107023,-2.427391913,10,30,2,7.15,4,2,32,0.5,0.7,8.6,40,49
6,1.642140468,-2.487649523,10,30,2,7.15,4,2,32,0.5,0.7,8.6,40,49
6,1.652173913,-2.548888064,10,30,2,7.15,4,2,32,0.5,0.7,8.6,40,49
6,1.662207358,-2.611174342,10,30,2,7.15,4,2,32,0.5,0.7,8.6,40,49
6,1.672240803,-2.67445134,10,30,2,7.15,4,2,32,0.5,0.7,8.6,40,49
6,1.682274247,-2.738766711,10,30,2,7.15,4,2,32,0.5,0.7,8.6,40,49
6,1.692307692,-2.804101792,10,30,2,7.15,4,2,32,0.5,0.7,8.6,40,49
6,1.702341137,-2.870464101,10,30,2,7.15,4,2,32,0.5,0.7,8.6,40,49
6,1.712374582,-2.937880188,10,30,2,7.15,4,2,32,0.5,0.7,8.6,40,49
6,1.722408027,-3.006308922,10,30,2,7.15,4,2,32,0.5,0.7,8.6,40,49
6,1.732441472,-3.075823495,10,30,2,7.15,4,2,32,0.5,0.7,8.6,40,49
6,1.742474916,-3.146362768,10,30,2,7.15,4,2,32,0.5,0.7,8.6,40,49
6,1.752508361,-3.217974441,10,30,2,7.15,4,2,32,0.5,0.7,8.6,40,49
6,1.762541806,-3.290642667,10,30,2,7.15,4,2,32,0.5,0.7,8.6,40,49
6,1.772575251,-3.364369861,10,30,2,7.15,4,2,32,0.5,0.7,8.6,40,49
6,1.782608696,-3.439187039,10,30,2,7.15,4,2,32,0.5,0.7,8.6,40,49
6,1.79264214,-3.515051301,10,30,2,7.15,4,2,32,0.5,0.7,8.6,40,49
6,1.802675585,-3.592035627,10,30,2,7.15,4,2,32,0.5,0.7,8.6,40,49
6,1.81270903,-3.670076257,10,30,2,7.15,4,2,32,0.5,0.7,8.6,40,49
6,1.822742475,-3.749223506,10,30,2,7.15,4,2,32,0.5,0.7,8.6,40,49
6,1.83277592,-3.829460541,10,30,2,7.15,4,2,32,0.5,0.7,8.6,40,49
6,1.842809365,-3.910787398,10,30,2,7.15,4,2,32,0.5,0.7,8.6,40,49
6,1.852842809,-3.993235404,10,30,2,7.15,4,2,32,0.5,0.7,8.6,40,49
6,1.862876254,-4.07676095,10,30,2,7.15,4,2,32,0.5,0.7,8.6,40,49
6,1.872909699,-4.161435015,10,30,2,7.15,4,2,32,0.5,0.7,8.6,40,49
6,1.882943144,-4.247196519,10,30,2,7.15,4,2,32,0.5,0.7,8.6,40,49
6,1.892976589,-4.334087033,10,30,2,7.15,4,2,32,0.5,0.7,8.6,40,49
6,1.903010033,-4.422095461,10,30,2,7.15,4,2,32,0.5,0.7,8.6,40,49
6,1.913043478,-4.511216231,10,30,2,7.15,4,2,32,0.5,0.7,8.6,40,49
6,1.923076923,-4.60148187,10,30,2,7.15,4,2,32,0.5,0.7,8.6,40,49
6,1.933110368,-4.692845458,10,30,2,7.15,4,2,32,0.5,0.7,8.6,40,49
6,1.943143813,-4.785372223,10,30,2,7.15,4,2,32,0.5,0.7,8.6,40,49
6,1.953177258,-4.879002003,10,30,2,7.15,4,2,32,0.5,0.7,8.6,40,49
6,1.963210702,-4.973773944,10,30,2,7.15,4,2,32,0.5,0.7,8.6,40,49
6,1.973244147,-5.06967342,10,30,2,7.15,4,2,32,0.5,0.7,8.6,40,49
6,1.983277592,-5.166689465,10,30,2,7.15,4,2,32,0.5,0.7,8.6,40,49
6,1.993311037,-5.26485625,10,30,2,7.15,4,2,32,0.5,0.7,8.6,40,49
6,2.003344482,-5.364115716,10,30,2,7.15,4,2,32,0.5,0.7,8.6,40,49
6,2.013377926,-5.464533795,10,30,2,7.15,4,2,32,0.5,0.7,8.6,40,49
6,2.023411371,-5.566043705,10,30,2,7.15,4,2,32,0.5,0.7,8.6,40,49
6,2.033444816,-5.66867915,10,30,2,7.15,4,2,32,0.5,0.7,8.6,40,49
6,2.043478261,-5.772419498,10,30,2,7.15,4,2,32,0.5,0.7,8.6,40,49
6,2.053511706,-5.87724886,10,30,2,7.15,4,2,32,0.5,0.7,8.6,40,49
6,2.063545151,-5.983191529,10,30,2,7.15,4,2,32,0.5,0.7,8.6,40,49
6,2.073578595,-6.090189106,10,30,2,7.15,4,2,32,0.5,0.7,8.6,40,49
6,2.08361204,-6.198289042,10,30,2,7.15,4,2,32,0.5,0.7,8.6,40,49
6,2.093645485,-6.307423862,10,30,2,7.15,4,2,32,0.5,0.7,8.6,40,49
6,2.10367893,-6.417613649,10,30,2,7.15,4,2,32,0.5,0.7,8.6,40,49
6,2.113712375,-6.528829116,10,30,2,7.15,4,2,32,0.5,0.7,8.6,40,49
6,2.123745819,-6.64104335,10,30,2,7.15,4,2,32,0.5,0.7,8.6,40,49
6,2.133779264,-6.754267944,10,30,2,7.15,4,2,32,0.5,0.7,8.6,40,49
6,2.143812709,-6.868432383,10,30,2,7.15,4,2,32,0.5,0.7,8.6,40,49
6,2.153846154,-6.983566531,10,30,2,7.15,4,2,32,0.5,0.7,8.6,40,49
6,2.163879599,-7.099595099,10,30,2,7.15,4,2,32,0.5,0.7,8.6,40,49
6,2.173913043,-7.216513185,10,30,2,7.15,4,2,32,0.5,0.7,8.6,40,49
6,2.183946488,-7.334281824,10,30,2,7.15,4,2,32,0.5,0.7,8.6,40,49
6,2.193979933,-7.452852777,10,30,2,7.15,4,2,32,0.5,0.7,8.6,40,49
6,2.204013378,-7.572211287,10,30,2,7.15,4,2,32,0.5,0.7,8.6,40,49
6,2.214046823,-7.692281775,10,30,2,7.15,4,2,32,0.5,0.7,8.6,40,49
6,2.224080268,-7.813047016,10,30,2,7.15,4,2,32,0.5,0.7,8.6,40,49
6,2.234113712,-7.934430787,10,30,2,7.15,4,2,32,0.5,0.7,8.6,40,49
6,2.244147157,-8.056388748,10,30,2,7.15,4,2,32,0.5,0.7,8.6,40,49
6,2.254180602,-8.178856971,10,30,2,7.15,4,2,32,0.5,0.7,8.6,40,49
6,2.264214047,-8.30176354,10,30,2,7.15,4,2,32,0.5,0.7,8.6,40,49
6,2.274247492,-8.425047921,10,30,2,7.15,4,2,32,0.5,0.7,8.6,40,49
6,2.284280936,-8.54862124,10,30,2,7.15,4,2,32,0.5,0.7,8.6,40,49
6,2.294314381,-8.672410067,10,30,2,7.15,4,2,32,0.5,0.7,8.6,40,49
6,2.304347826,-8.796320739,10,30,2,7.15,4,2,32,0.5,0.7,8.6,40,49
6,2.314381271,-8.920257093,10,30,2,7.15,4,2,32,0.5,0.7,8.6,40,49
6,2.324414716,-9.044120722,10,30,2,7.15,4,2,32,0.5,0.7,8.6,40,49
6,2.334448161,-9.167802798,10,30,2,7.15,4,2,32,0.5,0.7,8.6,40,49
6,2.344481605,-9.291181023,10,30,2,7.15,4,2,32,0.5,0.7,8.6,40,49
6,2.35451505,-9.414149933,10,30,2,7.15,4,2,32,0.5,0.7,8.6,40,49
6,2.364548495,-9.53654951,10,30,2,7.15,4,2,32,0.5,0.7,8.6,40,49
6,2.37458194,-9.658273739,10,30,2,7.15,4,2,32,0.5,0.7,8.6,40,49
6,2.384615385,-9.77916053,10,30,2,7.15,4,2,32,0.5,0.7,8.6,40,49
6,2.394648829,-9.899057629,10,30,2,7.15,4,2,32,0.5,0.7,8.6,40,49
6,2.404682274,-10.01782995,10,30,2,7.15,4,2,32,0.5,0.7,8.6,40,49
6,2.414715719,-10.13525517,10,30,2,7.15,4,2,32,0.5,0.7,8.6,40,49
6,2.424749164,-10.25123395,10,30,2,7.15,4,2,32,0.5,0.7,8.6,40,49
6,2.434782609,-10.36551133,10,30,2,7.15,4,2,32,0.5,0.7,8.6,40,49
6,2.444816054,-10.4779595,10,30,2,7.15,4,2,32,0.5,0.7,8.6,40,49
6,2.454849498,-10.5883654,10,30,2,7.15,4,2,32,0.5,0.7,8.6,40,49
6,2.464882943,-10.69651356,10,30,2,7.15,4,2,32,0.5,0.7,8.6,40,49
6,2.474916388,-10.80227096,10,30,2,7.15,4,2,32,0.5,0.7,8.6,40,49
6,2.484949833,-10.90530948,10,30,2,7.15,4,2,32,0.5,0.7,8.6,40,49
6,2.494983278,-11.00557437,10,30,2,7.15,4,2,32,0.5,0.7,8.6,40,49
6,2.505016722,-11.10271978,10,30,2,7.15,4,2,32,0.5,0.7,8.6,40,49
6,2.515050167,-11.19664398,10,30,2,7.15,4,2,32,0.5,0.7,8.6,40,49
6,2.525083612,-11.28710554,10,30,2,7.15,4,2,32,0.5,0.7,8.6,40,49
6,2.535117057,-11.373867,10,30,2,7.15,4,2,32,0.5,0.7,8.6,40,49
6,2.545150502,-11.45685689,10,30,2,7.15,4,2,32,0.5,0.7,8.6,40,49
6,2.555183946,-11.53567204,10,30,2,7.15,4,2,32,0.5,0.7,8.6,40,49
6,2.565217391,-11.61037741,10,30,2,7.15,4,2,32,0.5,0.7,8.6,40,49
6,2.575250836,-11.68059651,10,30,2,7.15,4,2,32,0.5,0.7,8.6,40,49
6,2.585284281,-11.74631186,10,30,2,7.15,4,2,32,0.5,0.7,8.6,40,49
6,2.595317726,-11.80733834,10,30,2,7.15,4,2,32,0.5,0.7,8.6,40,49
6,2.605351171,-11.86348733,10,30,2,7.15,4,2,32,0.5,0.7,8.6,40,49
6,2.615384615,-11.91481625,10,30,2,7.15,4,2,32,0.5,0.7,8.6,40,49
6,2.62541806,-11.96095151,10,30,2,7.15,4,2,32,0.5,0.7,8.6,40,49
6,2.635451505,-12.0021221,10,30,2,7.15,4,2,32,0.5,0.7,8.6,40,49
6,2.64548495,-12.03803409,10,30,2,7.15,4,2,32,0.5,0.7,8.6,40,49
6,2.655518395,-12.06880372,10,30,2,7.15,4,2,32,0.5,0.7,8.6,40,49
6,2.665551839,-12.09437997,10,30,2,7.15,4,2,32,0.5,0.7,8.6,40,49
6,2.675585284,-12.11469532,10,30,2,7.15,4,2,32,0.5,0.7,8.6,40,49
6,2.685618729,-12.12996713,10,30,2,7.15,4,2,32,0.5,0.7,8.6,40,49
6,2.695652174,-12.13994334,10,30,2,7.15,4,2,32,0.5,0.7,8.6,40,49
6,2.705685619,-12.14500724,10,30,2,7.15,4,2,32,0.5,0.7,8.6,40,49
6,2.715719064,-12.14501561,10,30,2,7.15,4,2,32,0.5,0.7,8.6,40,49
6,2.725752508,-12.14020783,10,30,2,7.15,4,2,32,0.5,0.7,8.6,40,49
6,2.735785953,-12.13067943,10,30,2,7.15,4,2,32,0.5,0.7,8.6,40,49
6,2.745819398,-12.11648952,10,30,2,7.15,4,2,32,0.5,0.7,8.6,40,49
6,2.755852843,-12.09796115,10,30,2,7.15,4,2,32,0.5,0.7,8.6,40,49
6,2.765886288,-12.07499315,10,30,2,7.15,4,2,32,0.5,0.7,8.6,40,49
6,2.775919732,-12.04802139,10,30,2,7.15,4,2,32,0.5,0.7,8.6,40,49
6,2.785953177,-12.01704472,10,30,2,7.15,4,2,32,0.5,0.7,8.6,40,49
6,2.795986622,-11.98234358,10,30,2,7.15,4,2,32,0.5,0.7,8.6,40,49
6,2.806020067,-11.94409964,10,30,2,7.15,4,2,32,0.5,0.7,8.6,40,49
6,2.816053512,-11.90243985,10,30,2,7.15,4,2,32,0.5,0.7,8.6,40,49
6,2.826086957,-11.85769301,10,30,2,7.15,4,2,32,0.5,0.7,8.6,40,49
6,2.836120401,-11.80986049,10,30,2,7.15,4,2,32,0.5,0.7,8.6,40,49
6,2.846153846,-11.7593263,10,30,2,7.15,4,2,32,0.5,0.7,8.6,40,49
6,2.856187291,-11.70616581,10,30,2,7.15,4,2,32,0.5,0.7,8.6,40,49
6,2.866220736,-11.65061962,10,30,2,7.15,4,2,32,0.5,0.7,8.6,40,49
6,2.876254181,-11.59287381,10,30,2,7.15,4,2,32,0.5,0.7,8.6,40,49
6,2.886287625,-11.53306163,10,30,2,7.15,4,2,32,0.5,0.7,8.6,40,49
6,2.89632107,-11.47144129,10,30,2,7.15,4,2,32,0.5,0.7,8.6,40,49
6,2.906354515,-11.40806468,10,30,2,7.15,4,2,32,0.5,0.7,8.6,40,49
6,2.91638796,-11.34320092,10,30,2,7.15,4,2,32,0.5,0.7,8.6,40,49
6,2.926421405,-11.27693965,10,30,2,7.15,4,2,32,0.5,0.7,8.6,40,49
6,2.936454849,-11.20945431,10,30,2,7.15,4,2,32,0.5,0.7,8.6,40,49
6,2.946488294,-11.14088532,10,30,2,7.15,4,2,32,0.5,0.7,8.6,40,49
6,2.956521739,-11.0713394,10,30,2,7.15,4,2,32,0.5,0.7,8.6,40,49
6,2.966555184,-11.00098181,10,30,2,7.15,4,2,32,0.5,0.7,8.6,40,49
6,2.976588629,-10.92987783,10,30,2,7.15,4,2,32,0.5,0.7,8.6,40,49
6,2.986622074,-10.85818281,10,30,2,7.15,4,2,32,0.5,0.7,8.6,40,49
6,2.996655518,-10.78597078,10,30,2,7.15,4,2,32,0.5,0.7,8.6,40,49
6,3.006688963,-10.71334958,10,30,2,7.15,4,2,32,0.5,0.7,8.6,40,49
6,3.016722408,-10.64040379,10,30,2,7.15,4,2,32,0.5,0.7,8.6,40,49
6,3.026755853,-10.567212,10,30,2,7.15,4,2,32,0.5,0.7,8.6,40,49
6,3.036789298,-10.49385481,10,30,2,7.15,4,2,32,0.5,0.7,8.6,40,49
6,3.046822742,-10.42039263,10,30,2,7.15,4,2,32,0.5,0.7,8.6,40,49
6,3.056856187,-10.34689792,10,30,2,7.15,4,2,32,0.5,0.7,8.6,40,49
6,3.066889632,-10.27342223,10,30,2,7.15,4,2,32,0.5,0.7,8.6,40,49
6,3.076923077,-10.20002232,10,30,2,7.15,4,2,32,0.5,0.7,8.6,40,49
6,3.086956522,-10.12673972,10,30,2,7.15,4,2,32,0.5,0.7,8.6,40,49
6,3.096989967,-10.05362612,10,30,2,7.15,4,2,32,0.5,0.7,8.6,40,49
6,3.107023411,-9.980706478,10,30,2,7.15,4,2,32,0.5,0.7,8.6,40,49
6,3.117056856,-9.908031298,10,30,2,7.15,4,2,32,0.5,0.7,8.6,40,49
6,3.127090301,-9.83561721,10,30,2,7.15,4,2,32,0.5,0.7,8.6,40,49
6,3.137123746,-9.763499966,10,30,2,7.15,4,2,32,0.5,0.7,8.6,40,49
6,3.147157191,-9.691698033,10,30,2,7.15,4,2,32,0.5,0.7,8.6,40,49
6,3.157190635,-9.620227788,10,30,2,7.15,4,2,32,0.5,0.7,8.6,40,49
6,3.16722408,-9.549121795,10,30,2,7.15,4,2,32,0.5,0.7,8.6,40,49
6,3.177257525,-9.47837263,10,30,2,7.15,4,2,32,0.5,0.7,8.6,40,49
6,3.18729097,-9.408018374,10,30,2,7.15,4,2,32,0.5,0.7,8.6,40,49
6,3.197324415,-9.338044572,10,30,2,7.15,4,2,32,0.5,0.7,8.6,40,49
6,3.20735786,-9.268476772,10,30,2,7.15,4,2,32,0.5,0.7,8.6,40,49
6,3.217391304,-9.19931146,10,30,2,7.15,4,2,32,0.5,0.7,8.6,40,49
6,3.227424749,-9.13055175,10,30,2,7.15,4,2,32,0.5,0.7,8.6,40,49
6,3.237458194,-9.06221423,10,30,2,7.15,4,2,32,0.5,0.7,8.6,40,49
6,3.247491639,-8.994279002,10,30,2,7.15,4,2,32,0.5,0.7,8.6,40,49
6,3.257525084,-8.926771645,10,30,2,7.15,4,2,32,0.5,0.7,8.6,40,49
6,3.267558528,-8.85966893,10,30,2,7.15,4,2,32,0.5,0.7,8.6,40,49
6,3.277591973,-8.792983518,10,30,2,7.15,4,2,32,0.5,0.7,8.6,40,49
6,3.287625418,-8.726707913,10,30,2,7.15,4,2,32,0.5,0.7,8.6,40,49
6,3.297658863,-8.66083586,10,30,2,7.15,4,2,32,0.5,0.7,8.6,40,49
6,3.307692308,-8.595373906,10,30,2,7.15,4,2,32,0.5,0.7,8.6,40,49
6,3.317725753,-8.530303342,10,30,2,7.15,4,2,32,0.5,0.7,8.6,40,49
6,3.327759197,-8.465638463,10,30,2,7.15,4,2,32,0.5,0.7,8.6,40,49
6,3.337792642,-8.401357189,10,30,2,7.15,4,2,32,0.5,0.7,8.6,40,49
6,3.347826087,-8.337466052,10,30,2,7.15,4,2,32,0.5,0.7,8.6,40,49
6,3.357859532,-8.273957174,10,30,2,7.15,4,2,32,0.5,0.7,8.6,40,49
6,3.367892977,-8.210821302,10,30,2,7.15,4,2,32,0.5,0.7,8.6,40,49
6,3.377926421,-8.148066091,10,30,2,7.15,4,2,32,0.5,0.7,8.6,40,49
6,3.387959866,-8.085671623,10,30,2,7.15,4,2,32,0.5,0.7,8.6,40,49
6,3.397993311,-8.023650043,10,30,2,7.15,4,2,32,0.5,0.7,8.6,40,49
6,3.408026756,-7.961984369,10,30,2,7.15,4,2,32,0.5,0.7,8.6,40,49
6,3.418060201,-7.900678438,10,30,2,7.15,4,2,32,0.5,0.7,8.6,40,49
6,3.428093645,-7.839729713,10,30,2,7.15,4,2,32,0.5,0.7,8.6,40,49
6,3.43812709,-7.779126895,10,30,2,7.15,4,2,32,0.5,0.7,8.6,40,49
6,3.448160535,-7.718885752,10,30,2,7.15,4,2,32,0.5,0.7,8.6,40,49
6,3.45819398,-7.658985378,10,30,2,7.15,4,2,32,0.5,0.7,8.6,40,49
6,3.468227425,-7.599441967,10,30,2,7.15,4,2,32,0.5,0.7,8.6,40,49
6,3.47826087,-7.540245092,10,30,2,7.15,4,2,32,0.5,0.7,8.6,40,49
6,3.488294314,-7.481397651,10,30,2,7.15,4,2,32,0.5,0.7,8.6,40,49
6,3.498327759,-7.422905838,10,30,2,7.15,4,2,32,0.5,0.7,8.6,40,49
6,3.508361204,-7.36476041,10,30,2,7.15,4,2,32,0.5,0.7,8.6,40,49
6,3.518394649,-7.306983145,10,30,2,7.15,4,2,32,0.5,0.7,8.6,40,49
6,3.528428094,-7.249556605,10,30,2,7.15,4,2,32,0.5,0.7,8.6,40,49
6,3.538461538,-7.192504197,10,30,2,7.15,4,2,32,0.5,0.7,8.6,40,49
6,3.548494983,-7.135817887,10,30,2,7.15,4,2,32,0.5,0.7,8.6,40,49
6,3.558528428,-7.079507951,10,30,2,7.15,4,2,32,0.5,0.7,8.6,40,49
6,3.568561873,-7.023586479,10,30,2,7.15,4,2,32,0.5,0.7,8.6,40,49
6,3.578595318,-6.968046064,10,30,2,7.15,4,2,32,0.5,0.7,8.6,40,49
6,3.588628763,-6.912919346,10,30,2,7.15,4,2,32,0.5,0.7,8.6,40,49
6,3.598662207,-6.858187504,10,30,2,7.15,4,2,32,0.5,0.7,8.6,40,49
6,3.608695652,-6.803885176,10,30,2,7.15,4,2,32,0.5,0.7,8.6,40,49
6,3.618729097,-6.750006986,10,30,2,7.15,4,2,32,0.5,0.7,8.6,40,49
6,3.628762542,-6.696569201,10,30,2,7.15,4,2,32,0.5,0.7,8.6,40,49
6,3.638795987,-6.643588413,10,30,2,7.15,4,2,32,0.5,0.7,8.6,40,49
6,3.648829431,-6.591062579,10,30,2,7.15,4,2,32,0.5,0.7,8.6,40,49
6,3.658862876,-6.539031198,10,30,2,7.15,4,2,32,0.5,0.7,8.6,40,49
6,3.668896321,-6.48747843,10,30,2,7.15,4,2,32,0.5,0.7,8.6,40,49
6,3.678929766,-6.436444152,10,30,2,7.15,4,2,32,0.5,0.7,8.6,40,49
6,3.688963211,-6.385926178,10,30,2,7.15,4,2,32,0.5,0.7,8.6,40,49
6,3.698996656,-6.33594747,10,30,2,7.15,4,2,32,0.5,0.7,8.6,40,49
6,3.7090301,-6.286528426,10,30,2,7.15,4,2,32,0.5,0.7,8.6,40,49
6,3.719063545,-6.237667486,10,30,2,7.15,4,2,32,0.5,0.7,8.6,40,49
6,3.72909699,-6.189416011,10,30,2,7.15,4,2,32,0.5,0.7,8.6,40,49
6,3.739130435,-6.141753153,10,30,2,7.15,4,2,32,0.5,0.7,8.6,40,49
6,3.74916388,-6.094728795,10,30,2,7.15,4,2,32,0.5,0.7,8.6,40,49
6,3.759197324,-6.048339115,10,30,2,7.15,4,2,32,0.5,0.7,8.6,40,49
6,3.769230769,-6.002611356,10,30,2,7.15,4,2,32,0.5,0.7,8.6,40,49
6,3.779264214,-5.957570943,10,30,2,7.15,4,2,32,0.5,0.7,8.6,40,49
6,3.789297659,-5.913215456,10,30,2,7.15,4,2,32,0.5,0.7,8.6,40,49
6,3.799331104,-5.869600737,10,30,2,7.15,4,2,32,0.5,0.7,8.6,40,49
6,3.809364548,-5.826705423,10,30,2,7.15,4,2,32,0.5,0.7,8.6,40,49
6,3.819397993,-5.78458252,10,30,2,7.15,4,2,32,0.5,0.7,8.6,40,49
6,3.829431438,-5.743231127,10,30,2,7.15,4,2,32,0.5,0.7,8.6,40,49
6,3.839464883,-5.702674568,10,30,2,7.15,4,2,32,0.5,0.7,8.6,40,49
6,3.849498328,-5.662945548,10,30,2,7.15,4,2,32,0.5,0.7,8.6,40,49
6,3.859531773,-5.624034222,10,30,2,7.15,4,2,32,0.5,0.7,8.6,40,49
6,3.869565217,-5.58600635,10,30,2,7.15,4,2,32,0.5,0.7,8.6,40,49
6,3.879598662,-5.548831182,10,30,2,7.15,4,2,32,0.5,0.7,8.6,40,49
6,3.889632107,-5.512566986,10,30,2,7.15,4,2,32,0.5,0.7,8.6,40,49
6,3.899665552,-5.477208405,10,30,2,7.15,4,2,32,0.5,0.7,8.6,40,49
6,3.909698997,-5.442778273,10,30,2,7.15,4,2,32,0.5,0.7,8.6,40,49
6,3.919732441,-5.409311457,10,30,2,7.15,4,2,32,0.5,0.7,8.6,40,49
6,3.929765886,-5.376786302,10,30,2,7.15,4,2,32,0.5,0.7,8.6,40,49
6,3.939799331,-5.345281191,10,30,2,7.15,4,2,32,0.5,0.7,8.6,40,49
6,3.949832776,-5.314752036,10,30,2,7.15,4,2,32,0.5,0.7,8.6,40,49
6,3.959866221,-5.285254949,10,30,2,7.15,4,2,32,0.5,0.7,8.6,40,49
6,3.969899666,-5.256785613,10,30,2,7.15,4,2,32,0.5,0.7,8.6,40,49
6,3.97993311,-5.22935858,10,30,2,7.15,4,2,32,0.5,0.7,8.6,40,49
6,3.989966555,-5.203008441,10,30,2,7.15,4,2,32,0.5,0.7,8.6,40,49
6,4,-5.177704277,10,30,2,7.15,4,2,32,0.5,0.7,8.6,40,49
7,1,-0.414529513,7,30,2,2.15,4,2,32,0.5,0.7,5.6,40,52
7,1.010033445,-0.422859618,7,30,2,2.15,4,2,32,0.5,0.7,5.6,40,52
7,1.02006689,-0.431593159,7,30,2,2.15,4,2,32,0.5,0.7,5.6,40,52
7,1.030100334,-0.440772866,7,30,2,2.15,4,2,32,0.5,0.7,5.6,40,52
7,1.040133779,-0.450389644,7,30,2,2.15,4,2,32,0.5,0.7,5.6,40,52
7,1.050167224,-0.46048123,7,30,2,2.15,4,2,32,0.5,0.7,5.6,40,52
7,1.060200669,-0.47103729,7,30,2,2.15,4,2,32,0.5,0.7,5.6,40,52
7,1.070234114,-0.482080088,7,30,2,2.15,4,2,32,0.5,0.7,5.6,40,52
7,1.080267559,-0.493623262,7,30,2,2.15,4,2,32,0.5,0.7,5.6,40,52
7,1.090301003,-0.505665426,7,30,2,2.15,4,2,32,0.5,0.7,5.6,40,52
7,1.100334448,-0.51823971,7,30,2,2.15,4,2,32,0.5,0.7,5.6,40,52
7,1.110367893,-0.531328541,7,30,2,2.15,4,2,32,0.5,0.7,5.6,40,52
7,1.120401338,-0.544970661,7,30,2,2.15,4,2,32,0.5,0.7,5.6,40,52
7,1.130434783,-0.559153418,7,30,2,2.15,4,2,32,0.5,0.7,5.6,40,52
7,1.140468227,-0.57389668,7,30,2,2.15,4,2,32,0.5,0.7,5.6,40,52
7,1.150501672,-0.589210005,7,30,2,2.15,4,2,32,0.5,0.7,5.6,40,52
7,1.160535117,-0.605089983,7,30,2,2.15,4,2,32,0.5,0.7,5.6,40,52
7,1.170568562,-0.621571401,7,30,2,2.15,4,2,32,0.5,0.7,5.6,40,52
7,1.180602007,-0.638630033,7,30,2,2.15,4,2,32,0.5,0.7,5.6,40,52
7,1.190635452,-0.656305684,7,30,2,2.15,4,2,32,0.5,0.7,5.6,40,52
7,1.200668896,-0.674580706,7,30,2,2.15,4,2,32,0.5,0.7,5.6,40,52
7,1.210702341,-0.693475481,7,30,2,2.15,4,2,32,0.5,0.7,5.6,40,52
7,1.220735786,-0.712999786,7,30,2,2.15,4,2,32,0.5,0.7,5.6,40,52
7,1.230769231,-0.733141695,7,30,2,2.15,4,2,32,0.5,0.7,5.6,40,52
7,1.240802676,-0.753941883,7,30,2,2.15,4,2,32,0.5,0.7,5.6,40,52
7,1.25083612,-0.775368819,7,30,2,2.15,4,2,32,0.5,0.7,5.6,40,52
7,1.260869565,-0.797463083,7,30,2,2.15,4,2,32,0.5,0.7,5.6,40,52
7,1.27090301,-0.820204615,7,30,2,2.15,4,2,32,0.5,0.7,5.6,40,52
7,1.280936455,-0.843612074,7,30,2,2.15,4,2,32,0.5,0.7,5.6,40,52
7,1.2909699,-0.867692597,7,30,2,2.15,4,2,32,0.5,0.7,5.6,40,52
7,1.301003344,-0.892434423,7,30,2,2.15,4,2,32,0.5,0.7,5.6,40,52
7,1.311036789,-0.917877931,7,30,2,2.15,4,2,32,0.5,0.7,5.6,40,52
7,1.321070234,-0.943986279,7,30,2,2.15,4,2,32,0.5,0.7,5.6,40,52
7,1.331103679,-0.970803174,7,30,2,2.15,4,2,32,0.5,0.7,5.6,40,52
7,1.341137124,-0.998304852,7,30,2,2.15,4,2,32,0.5,0.7,5.6,40,52
7,1.351170569,-1.026507599,7,30,2,2.15,4,2,32,0.5,0.7,5.6,40,52
7,1.361204013,-1.055421763,7,30,2,2.15,4,2,32,0.5,0.7,5.6,40,52
7,1.371237458,-1.085029226,7,30,2,2.15,4,2,32,0.5,0.7,5.6,40,52
7,1.381270903,-1.115372939,7,30,2,2.15,4,2,32,0.5,0.7,5.6,40,52
7,1.391304348,-1.146415617,7,30,2,2.15,4,2,32,0.5,0.7,5.6,40,52
7,1.401337793,-1.178193079,7,30,2,2.15,4,2,32,0.5,0.7,5.6,40,52
7,1.411371237,-1.21068936,7,30,2,2.15,4,2,32,0.5,0.7,5.6,40,52
7,1.421404682,-1.243913492,7,30,2,2.15,4,2,32,0.5,0.7,5.6,40,52
7,1.431438127,-1.277879595,7,30,2,2.15,4,2,32,0.5,0.7,5.6,40,52
7,1.441471572,-1.312564982,7,30,2,2.15,4,2,32,0.5,0.7,5.6,40,52
7,1.451505017,-1.348015252,7,30,2,2.15,4,2,32,0.5,0.7,5.6,40,52
7,1.461538462,-1.384188464,7,30,2,2.15,4,2,32,0.5,0.7,5.6,40,52
7,1.471571906,-1.42112386,7,30,2,2.15,4,2,32,0.5,0.7,5.6,40,52
7,1.481605351,-1.458801991,7,30,2,2.15,4,2,32,0.5,0.7,5.6,40,52
7,1.491638796,-1.497231823,7,30,2,2.15,4,2,32,0.5,0.7,5.6,40,52
7,1.501672241,-1.536428637,7,30,2,2.15,4,2,32,0.5,0.7,5.6,40,52
7,1.511705686,-1.576365583,7,30,2,2.15,4,2,32,0.5,0.7,5.6,40,52
7,1.52173913,-1.617091844,7,30,2,2.15,4,2,32,0.5,0.7,5.6,40,52
7,1.531772575,-1.658562661,7,30,2,2.15,4,2,32,0.5,0.7,5.6,40,52
7,1.54180602,-1.700816066,7,30,2,2.15,4,2,32,0.5,0.7,5.6,40,52
7,1.551839465,-1.743834316,7,30,2,2.15,4,2,32,0.5,0.7,5.6,40,52
7,1.56187291,-1.787623399,7,30,2,2.15,4,2,32,0.5,0.7,5.6,40,52
7,1.571906355,-1.832200553,7,30,2,2.15,4,2,32,0.5,0.7,5.6,40,52
7,1.581939799,-1.877537131,7,30,2,2.15,4,2,32,0.5,0.7,5.6,40,52
7,1.591973244,-1.923682212,7,30,2,2.15,4,2,32,0.5,0.7,5.6,40,52
7,1.602006689,-1.970591124,7,30,2,2.15,4,2,32,0.5,0.7,5.6,40,52
7,1.612040134,-2.018301989,7,30,2,2.15,4,2,32,0.5,0.7,5.6,40,52
7,1.622073579,-2.066794638,7,30,2,2.15,4,2,32,0.5,0.7,5.6,40,52
7,1.632107023,-2.116076169,7,30,2,2.15,4,2,32,0.5,0.7,5.6,40,52
7,1.642140468,-2.166164354,7,30,2,2.15,4,2,32,0.5,0.7,5.6,40,52
7,1.652173913,-2.217028439,7,30,2,2.15,4,2,32,0.5,0.7,5.6,40,52
7,1.662207358,-2.268719122,7,30,2,2.15,4,2,32,0.5,0.7,5.6,40,52
7,1.672240803,-2.321188884,7,30,2,2.15,4,2,32,0.5,0.7,5.6,40,52
7,1.682274247,-2.374476905,7,30,2,2.15,4,2,32,0.5,0.7,5.6,40,52
7,1.692307692,-2.428564046,7,30,2,2.15,4,2,32,0.5,0.7,5.6,40,52
7,1.702341137,-2.48345363,7,30,2,2.15,4,2,32,0.5,0.7,5.6,40,52
7,1.712374582,-2.53916638,7,30,2,2.15,4,2,32,0.5,0.7,5.6,40,52
7,1.722408027,-2.595668078,7,30,2,2.15,4,2,32,0.5,0.7,5.6,40,52
7,1.732441472,-2.653013927,7,30,2,2.15,4,2,32,0.5,0.7,5.6,40,52
7,1.742474916,-2.711151599,7,30,2,2.15,4,2,32,0.5,0.7,5.6,40,52
7,1.752508361,-2.770119666,7,30,2,2.15,4,2,32,0.5,0.7,5.6,40,52
7,1.762541806,-2.829902242,7,30,2,2.15,4,2,32,0.5,0.7,5.6,40,52
7,1.772575251,-2.890497417,7,30,2,2.15,4,2,32,0.5,0.7,5.6,40,52
7,1.782608696,-2.951929816,7,30,2,2.15,4,2,32,0.5,0.7,5.6,40,52
7,1.79264214,-3.014162995,7,30,2,2.15,4,2,32,0.5,0.7,5.6,40,52
7,1.802675585,-3.077247872,7,30,2,2.15,4,2,32,0.5,0.7,5.6,40,52
7,1.81270903,-3.141138584,7,30,2,2.15,4,2,32,0.5,0.7,5.6,40,52
7,1.822742475,-3.205866388,7,30,2,2.15,4,2,32,0.5,0.7,5.6,40,52
7,1.83277592,-3.271416841,7,30,2,2.15,4,2,32,0.5,0.7,5.6,40,52
7,1.842809365,-3.33779063,7,30,2,2.15,4,2,32,0.5,0.7,5.6,40,52
7,1.852842809,-3.405005038,7,30,2,2.15,4,2,32,0.5,0.7,5.6,40,52
7,1.862876254,-3.473027357,7,30,2,2.15,4,2,32,0.5,0.7,5.6,40,52
7,1.872909699,-3.541906416,7,30,2,2.15,4,2,32,0.5,0.7,5.6,40,52
7,1.882943144,-3.611594432,7,30,2,2.15,4,2,32,0.5,0.7,5.6,40,52
7,1.892976589,-3.682119124,7,30,2,2.15,4,2,32,0.5,0.7,5.6,40,52
7,1.903010033,-3.753471646,7,30,2,2.15,4,2,32,0.5,0.7,5.6,40,52
7,1.913043478,-3.825643388,7,30,2,2.15,4,2,32,0.5,0.7,5.6,40,52
7,1.923076923,-3.898655199,7,30,2,2.15,4,2,32,0.5,0.7,5.6,40,52
7,1.933110368,-3.972469475,7,30,2,2.15,4,2,32,0.5,0.7,5.6,40,52
7,1.943143813,-4.047134597,7,30,2,2.15,4,2,32,0.5,0.7,5.6,40,52
7,1.953177258,-4.122599561,7,30,2,2.15,4,2,32,0.5,0.7,5.6,40,52
7,1.963210702,-4.198894275,7,30,2,2.15,4,2,32,0.5,0.7,5.6,40,52
7,1.973244147,-4.27600146,7,30,2,2.15,4,2,32,0.5,0.7,5.6,40,52
7,1.983277592,-4.353911488,7,30,2,2.15,4,2,32,0.5,0.7,5.6,40,52
7,1.993311037,-4.432646258,7,30,2,2.15,4,2,32,0.5,0.7,5.6,40,52
7,2.003344482,-4.512161999,7,30,2,2.15,4,2,32,0.5,0.7,5.6,40,52
7,2.013377926,-4.592504508,7,30,2,2.15,4,2,32,0.5,0.7,5.6,40,52
7,2.023411371,-4.673620165,7,30,2,2.15,4,2,32,0.5,0.7,5.6,40,52
7,2.033444816,-4.755531185,7,30,2,2.15,4,2,32,0.5,0.7,5.6,40,52
7,2.043478261,-4.838221383,7,30,2,2.15,4,2,32,0.5,0.7,5.6,40,52
7,2.053511706,-4.921676444,7,30,2,2.15,4,2,32,0.5,0.7,5.6,40,52
7,2.063545151,-5.005912085,7,30,2,2.15,4,2,32,0.5,0.7,5.6,40,52
7,2.073578595,-5.090881567,7,30,2,2.15,4,2,32,0.5,0.7,5.6,40,52
7,2.08361204,-5.176621171,7,30,2,2.15,4,2,32,0.5,0.7,5.6,40,52
7,2.093645485,-5.263076871,7,30,2,2.15,4,2,32,0.5,0.7,5.6,40,52
7,2.10367893,-5.350264666,7,30,2,2.15,4,2,32,0.5,0.7,5.6,40,52
7,2.113712375,-5.438160055,7,30,2,2.15,4,2,32,0.5,0.7,5.6,40,52
7,2.123745819,-5.526743514,7,30,2,2.15,4,2,32,0.5,0.7,5.6,40,52
7,2.133779264,-5.616021863,7,30,2,2.15,4,2,32,0.5,0.7,5.6,40,52
7,2.143812709,-5.705947294,7,30,2,2.15,4,2,32,0.5,0.7,5.6,40,52
7,2.153846154,-5.79653657,7,30,2,2.15,4,2,32,0.5,0.7,5.6,40,52
7,2.163879599,-5.887740695,7,30,2,2.15,4,2,32,0.5,0.7,5.6,40,52
7,2.173913043,-5.979556675,7,30,2,2.15,4,2,32,0.5,0.7,5.6,40,52
7,2.183946488,-6.071956108,7,30,2,2.15,4,2,32,0.5,0.7,5.6,40,52
7,2.193979933,-6.164909873,7,30,2,2.15,4,2,32,0.5,0.7,5.6,40,52
7,2.204013378,-6.258409173,7,30,2,2.15,4,2,32,0.5,0.7,5.6,40,52
7,2.214046823,-6.352403946,7,30,2,2.15,4,2,32,0.5,0.7,5.6,40,52
7,2.224080268,-6.446888264,7,30,2,2.15,4,2,32,0.5,0.7,5.6,40,52
7,2.234113712,-6.541813155,7,30,2,2.15,4,2,32,0.5,0.7,5.6,40,52
7,2.244147157,-6.637152829,7,30,2,2.15,4,2,32,0.5,0.7,5.6,40,52
7,2.254180602,-6.732870769,7,30,2,2.15,4,2,32,0.5,0.7,5.6,40,52
7,2.264214047,-6.828923839,7,30,2,2.15,4,2,32,0.5,0.7,5.6,40,52
7,2.274247492,-6.925283009,7,30,2,2.15,4,2,32,0.5,0.7,5.6,40,52
7,2.284280936,-7.021893882,7,30,2,2.15,4,2,32,0.5,0.7,5.6,40,52
7,2.294314381,-7.118718144,7,30,2,2.15,4,2,32,0.5,0.7,5.6,40,52
7,2.304347826,-7.215705324,7,30,2,2.15,4,2,32,0.5,0.7,5.6,40,52
7,2.314381271,-7.312802368,7,30,2,2.15,4,2,32,0.5,0.7,5.6,40,52
7,2.324414716,-7.409959723,7,30,2,2.15,4,2,32,0.5,0.7,5.6,40,52
7,2.334448161,-7.507116803,7,30,2,2.15,4,2,32,0.5,0.7,5.6,40,52
7,2.344481605,-7.604215506,7,30,2,2.15,4,2,32,0.5,0.7,5.6,40,52
7,2.35451505,-7.701195941,7,30,2,2.15,4,2,32,0.5,0.7,5.6,40,52
7,2.364548495,-7.797982614,7,30,2,2.15,4,2,32,0.5,0.7,5.6,40,52
7,2.37458194,-7.894518324,7,30,2,2.15,4,2,32,0.5,0.7,5.6,40,52
7,2.384615385,-7.990720714,7,30,2,2.15,4,2,32,0.5,0.7,5.6,40,52
7,2.394648829,-8.086517103,7,30,2,2.15,4,2,32,0.5,0.7,5.6,40,52
7,2.404682274,-8.181835431,7,30,2,2.15,4,2,32,0.5,0.7,5.6,40,52
7,2.414715719,-8.27657277,7,30,2,2.15,4,2,32,0.5,0.7,5.6,40,52
7,2.424749164,-8.370672599,7,30,2,2.15,4,2,32,0.5,0.7,5.6,40,52
7,2.434782609,-8.464014097,7,30,2,2.15,4,2,32,0.5,0.7,5.6,40,52
7,2.444816054,-8.556531546,7,30,2,2.15,4,2,32,0.5,0.7,5.6,40,52
7,2.454849498,-8.648119441,7,30,2,2.15,4,2,32,0.5,0.7,5.6,40,52
7,2.464882943,-8.738671205,7,30,2,2.15,4,2,32,0.5,0.7,5.6,40,52
7,2.474916388,-8.82811575,7,30,2,2.15,4,2,32,0.5,0.7,5.6,40,52
7,2.484949833,-8.9162942,7,30,2,2.15,4,2,32,0.5,0.7,5.6,40,52
7,2.494983278,-9.003168864,7,30,2,2.15,4,2,32,0.5,0.7,5.6,40,52
7,2.505016722,-9.08857029,7,30,2,2.15,4,2,32,0.5,0.7,5.6,40,52
7,2.515050167,-9.172433709,7,30,2,2.15,4,2,32,0.5,0.7,5.6,40,52
7,2.525083612,-9.254633916,7,30,2,2.15,4,2,32,0.5,0.7,5.6,40,52
7,2.535117057,-9.335041046,7,30,2,2.15,4,2,32,0.5,0.7,5.6,40,52
7,2.545150502,-9.413602048,7,30,2,2.15,4,2,32,0.5,0.7,5.6,40,52
7,2.555183946,-9.49009957,7,30,2,2.15,4,2,32,0.5,0.7,5.6,40,52
7,2.565217391,-9.564543989,7,30,2,2.15,4,2,32,0.5,0.7,5.6,40,52
7,2.575250836,-9.636720155,7,30,2,2.15,4,2,32,0.5,0.7,5.6,40,52
7,2.585284281,-9.706589895,7,30,2,2.15,4,2,32,0.5,0.7,5.6,40,52
7,2.595317726,-9.774026607,7,30,2,2.15,4,2,32,0.5,0.7,5.6,40,52
7,2.605351171,-9.838891932,7,30,2,2.15,4,2,32,0.5,0.7,5.6,40,52
7,2.615384615,-9.901179219,7,30,2,2.15,4,2,32,0.5,0.7,5.6,40,52
7,2.62541806,-9.960636405,7,30,2,2.15,4,2,32,0.5,0.7,5.6,40,52
7,2.635451505,-10.01734085,7,30,2,2.15,4,2,32,0.5,0.7,5.6,40,52
7,2.64548495,-10.07107111,7,30,2,2.15,4,2,32,0.5,0.7,5.6,40,52
7,2.655518395,-10.12183288,7,30,2,2.15,4,2,32,0.5,0.7,5.6,40,52
7,2.665551839,-10.16953052,7,30,2,2.15,4,2,32,0.5,0.7,5.6,40,52
7,2.675585284,-10.21404998,7,30,2,2.15,4,2,32,0.5,0.7,5.6,40,52
7,2.685618729,-10.25545106,7,30,2,2.15,4,2,32,0.5,0.7,5.6,40,52
7,2.695652174,-10.2934897,7,30,2,2.15,4,2,32,0.5,0.7,5.6,40,52
7,2.705685619,-10.32832673,7,30,2,2.15,4,2,32,0.5,0.7,5.6,40,52
7,2.715719064,-10.35977449,7,30,2,2.15,4,2,32,0.5,0.7,5.6,40,52
7,2.725752508,-10.38789837,7,30,2,2.15,4,2,32,0.5,0.7,5.6,40,52
7,2.735785953,-10.41266555,7,30,2,2.15,4,2,32,0.5,0.7,5.6,40,52
7,2.745819398,-10.43401201,7,30,2,2.15,4,2,32,0.5,0.7,5.6,40,52
7,2.755852843,-10.45207082,7,30,2,2.15,4,2,32,0.5,0.7,5.6,40,52
7,2.765886288,-10.46665082,7,30,2,2.15,4,2,32,0.5,0.7,5.6,40,52
7,2.775919732,-10.47798161,7,30,2,2.15,4,2,32,0.5,0.7,5.6,40,52
7,2.785953177,-10.48594679,7,30,2,2.15,4,2,32,0.5,0.7,5.6,40,52
7,2.795986622,-10.49066558,7,30,2,2.15,4,2,32,0.5,0.7,5.6,40,52
7,2.806020067,-10.49217476,7,30,2,2.15,4,2,32,0.5,0.7,5.6,40,52
7,2.816053512,-10.490471,7,30,2,2.15,4,2,32,0.5,0.7,5.6,40,52
7,2.826086957,-10.48574385,7,30,2,2.15,4,2,32,0.5,0.7,5.6,40,52
7,2.836120401,-10.47786919,7,30,2,2.15,4,2,32,0.5,0.7,5.6,40,52
7,2.846153846,-10.46711709,7,30,2,2.15,4,2,32,0.5,0.7,5.6,40,52
7,2.856187291,-10.4534416,7,30,2,2.15,4,2,32,0.5,0.7,5.6,40,52
7,2.866220736,-10.43699287,7,30,2,2.15,4,2,32,0.5,0.7,5.6,40,52
7,2.876254181,-10.41786125,7,30,2,2.15,4,2,32,0.5,0.7,5.6,40,52
7,2.886287625,-10.39608564,7,30,2,2.15,4,2,32,0.5,0.7,5.6,40,52
7,2.89632107,-10.37187471,7,30,2,2.15,4,2,32,0.5,0.7,5.6,40,52
7,2.906354515,-10.34517361,7,30,2,2.15,4,2,32,0.5,0.7,5.6,40,52
7,2.91638796,-10.31623602,7,30,2,2.15,4,2,32,0.5,0.7,5.6,40,52
7,2.926421405,-10.28507403,7,30,2,2.15,4,2,32,0.5,0.7,5.6,40,52
7,2.936454849,-10.25183576,7,30,2,2.15,4,2,32,0.5,0.7,5.6,40,52
7,2.946488294,-10.2166304,7,30,2,2.15,4,2,32,0.5,0.7,5.6,40,52
7,2.956521739,-10.17952011,7,30,2,2.15,4,2,32,0.5,0.7,5.6,40,52
7,2.966555184,-10.14068866,7,30,2,2.15,4,2,32,0.5,0.7,5.6,40,52
7,2.976588629,-10.10013605,7,30,2,2.15,4,2,32,0.5,0.7,5.6,40,52
7,2.986622074,-10.05806406,7,30,2,2.15,4,2,32,0.5,0.7,5.6,40,52
7,2.996655518,-10.01451151,7,30,2,2.15,4,2,32,0.5,0.7,5.6,40,52
7,3.006688963,-9.969605712,7,30,2,2.15,4,2,32,0.5,0.7,5.6,40,52
7,3.016722408,-9.923447144,7,30,2,2.15,4,2,32,0.5,0.7,5.6,40,52
7,3.026755853,-9.876097438,7,30,2,2.15,4,2,32,0.5,0.7,5.6,40,52
7,3.036789298,-9.827700532,7,30,2,2.15,4,2,32,0.5,0.7,5.6,40,52
7,3.046822742,-9.778279345,7,30,2,2.15,4,2,32,0.5,0.7,5.6,40,52
7,3.056856187,-9.727976247,7,30,2,2.15,4,2,32,0.5,0.7,5.6,40,52
7,3.066889632,-9.67683883,7,30,2,2.15,4,2,32,0.5,0.7,5.6,40,52
7,3.076923077,-9.62496146,7,30,2,2.15,4,2,32,0.5,0.7,5.6,40,52
7,3.086956522,-9.57241913,7,30,2,2.15,4,2,32,0.5,0.7,5.6,40,52
7,3.096989967,-9.519266127,7,30,2,2.15,4,2,32,0.5,0.7,5.6,40,52
7,3.107023411,-9.465597555,7,30,2,2.15,4,2,32,0.5,0.7,5.6,40,52
7,3.117056856,-9.41144699,7,30,2,2.15,4,2,32,0.5,0.7,5.6,40,52
7,3.127090301,-9.356902104,7,30,2,2.15,4,2,32,0.5,0.7,5.6,40,52
7,3.137123746,-9.302005085,7,30,2,2.15,4,2,32,0.5,0.7,5.6,40,52
7,3.147157191,-9.246816048,7,30,2,2.15,4,2,32,0.5,0.7,5.6,40,52
7,3.157190635,-9.191386138,7,30,2,2.15,4,2,32,0.5,0.7,5.6,40,52
7,3.16722408,-9.135758412,7,30,2,2.15,4,2,32,0.5,0.7,5.6,40,52
7,3.177257525,-9.079985031,7,30,2,2.15,4,2,32,0.5,0.7,5.6,40,52
7,3.18729097,-9.024099164,7,30,2,2.15,4,2,32,0.5,0.7,5.6,40,52
7,3.197324415,-8.968146122,7,30,2,2.15,4,2,32,0.5,0.7,5.6,40,52
7,3.20735786,-8.912158952,7,30,2,2.15,4,2,32,0.5,0.7,5.6,40,52
7,3.217391304,-8.856170056,7,30,2,2.15,4,2,32,0.5,0.7,5.6,40,52
7,3.227424749,-8.800210907,7,30,2,2.15,4,2,32,0.5,0.7,5.6,40,52
7,3.237458194,-8.744312457,7,30,2,2.15,4,2,32,0.5,0.7,5.6,40,52
7,3.247491639,-8.688495285,7,30,2,2.15,4,2,32,0.5,0.7,5.6,40,52
7,3.257525084,-8.632787032,7,30,2,2.15,4,2,32,0.5,0.7,5.6,40,52
7,3.267558528,-8.577204619,7,30,2,2.15,4,2,32,0.5,0.7,5.6,40,52
7,3.277591973,-8.521771466,7,30,2,2.15,4,2,32,0.5,0.7,5.6,40,52
7,3.287625418,-8.466502272,7,30,2,2.15,4,2,32,0.5,0.7,5.6,40,52
7,3.297658863,-8.411411381,7,30,2,2.15,4,2,32,0.5,0.7,5.6,40,52
7,3.307692308,-8.356517378,7,30,2,2.15,4,2,32,0.5,0.7,5.6,40,52
7,3.317725753,-8.301823188,7,30,2,2.15,4,2,32,0.5,0.7,5.6,40,52
7,3.327759197,-8.24735129,7,30,2,2.15,4,2,32,0.5,0.7,5.6,40,52
7,3.337792642,-8.193099084,7,30,2,2.15,4,2,32,0.5,0.7,5.6,40,52
7,3.347826087,-8.139082773,7,30,2,2.15,4,2,32,0.5,0.7,5.6,40,52
7,3.357859532,-8.085304783,7,30,2,2.15,4,2,32,0.5,0.7,5.6,40,52
7,3.367892977,-8.031768495,7,30,2,2.15,4,2,32,0.5,0.7,5.6,40,52
7,3.377926421,-7.978484954,7,30,2,2.15,4,2,32,0.5,0.7,5.6,40,52
7,3.387959866,-7.925448889,7,30,2,2.15,4,2,32,0.5,0.7,5.6,40,52
7,3.397993311,-7.872672356,7,30,2,2.15,4,2,32,0.5,0.7,5.6,40,52
7,3.408026756,-7.820148055,7,30,2,2.15,4,2,32,0.5,0.7,5.6,40,52
7,3.418060201,-7.767881674,7,30,2,2.15,4,2,32,0.5,0.7,5.6,40,52
7,3.428093645,-7.715874595,7,30,2,2.15,4,2,32,0.5,0.7,5.6,40,52
7,3.43812709,-7.66411869,7,30,2,2.15,4,2,32,0.5,0.7,5.6,40,52
7,3.448160535,-7.61262746,7,30,2,2.15,4,2,32,0.5,0.7,5.6,40,52
7,3.45819398,-7.561384223,7,30,2,2.15,4,2,32,0.5,0.7,5.6,40,52
7,3.468227425,-7.510401011,7,30,2,2.15,4,2,32,0.5,0.7,5.6,40,52
7,3.47826087,-7.45966817,7,30,2,2.15,4,2,32,0.5,0.7,5.6,40,52
7,3.488294314,-7.409184608,7,30,2,2.15,4,2,32,0.5,0.7,5.6,40,52
7,3.498327759,-7.358952022,7,30,2,2.15,4,2,32,0.5,0.7,5.6,40,52
7,3.508361204,-7.308960793,7,30,2,2.15,4,2,32,0.5,0.7,5.6,40,52
7,3.518394649,-7.259221744,7,30,2,2.15,4,2,32,0.5,0.7,5.6,40,52
7,3.528428094,-7.209718546,7,30,2,2.15,4,2,32,0.5,0.7,5.6,40,52
7,3.538461538,-7.160460944,7,30,2,2.15,4,2,32,0.5,0.7,5.6,40,52
7,3.548494983,-7.111440001,7,30,2,2.15,4,2,32,0.5,0.7,5.6,40,52
7,3.558528428,-7.062656186,7,30,2,2.15,4,2,32,0.5,0.7,5.6,40,52
7,3.568561873,-7.014110742,7,30,2,2.15,4,2,32,0.5,0.7,5.6,40,52
7,3.578595318,-6.965794928,7,30,2,2.15,4,2,32,0.5,0.7,5.6,40,52
7,3.588628763,-6.917721056,7,30,2,2.15,4,2,32,0.5,0.7,5.6,40,52
7,3.598662207,-6.869874771,7,30,2,2.15,4,2,32,0.5,0.7,5.6,40,52
7,3.608695652,-6.822266505,7,30,2,2.15,4,2,32,0.5,0.7,5.6,40,52
7,3.618729097,-6.774891931,7,30,2,2.15,4,2,32,0.5,0.7,5.6,40,52
7,3.628762542,-6.727751932,7,30,2,2.15,4,2,32,0.5,0.7,5.6,40,52
7,3.638795987,-6.680852117,7,30,2,2.15,4,2,32,0.5,0.7,5.6,40,52
7,3.648829431,-6.63418604,7,30,2,2.15,4,2,32,0.5,0.7,5.6,40,52
7,3.658862876,-6.587770093,7,30,2,2.15,4,2,32,0.5,0.7,5.6,40,52
7,3.668896321,-6.541591379,7,30,2,2.15,4,2,32,0.5,0.7,5.6,40,52
7,3.678929766,-6.49566852,7,30,2,2.15,4,2,32,0.5,0.7,5.6,40,52
7,3.688963211,-6.449995001,7,30,2,2.15,4,2,32,0.5,0.7,5.6,40,52
7,3.698996656,-6.404579885,7,30,2,2.15,4,2,32,0.5,0.7,5.6,40,52
7,3.7090301,-6.359431448,7,30,2,2.15,4,2,32,0.5,0.7,5.6,40,52
7,3.719063545,-6.314547421,7,30,2,2.15,4,2,32,0.5,0.7,5.6,40,52
7,3.72909699,-6.26995121,7,30,2,2.15,4,2,32,0.5,0.7,5.6,40,52
7,3.739130435,-6.225630992,7,30,2,2.15,4,2,32,0.5,0.7,5.6,40,52
7,3.74916388,-6.181611465,7,30,2,2.15,4,2,32,0.5,0.7,5.6,40,52
7,3.759197324,-6.137890629,7,30,2,2.15,4,2,32,0.5,0.7,5.6,40,52
7,3.769230769,-6.094482304,7,30,2,2.15,4,2,32,0.5,0.7,5.6,40,52
7,3.779264214,-6.051399029,7,30,2,2.15,4,2,32,0.5,0.7,5.6,40,52
7,3.789297659,-6.008642596,7,30,2,2.15,4,2,32,0.5,0.7,5.6,40,52
7,3.799331104,-5.9662424,7,30,2,2.15,4,2,32,0.5,0.7,5.6,40,52
7,3.809364548,-5.924191355,7,30,2,2.15,4,2,32,0.5,0.7,5.6,40,52
7,3.819397993,-5.882516147,7,30,2,2.15,4,2,32,0.5,0.7,5.6,40,52
7,3.829431438,-5.841221827,7,30,2,2.15,4,2,32,0.5,0.7,5.6,40,52
7,3.839464883,-5.80032504,7,30,2,2.15,4,2,32,0.5,0.7,5.6,40,52
7,3.849498328,-5.759845758,7,30,2,2.15,4,2,32,0.5,0.7,5.6,40,52
7,3.859531773,-5.719784933,7,30,2,2.15,4,2,32,0.5,0.7,5.6,40,52
7,3.869565217,-5.680182479,7,30,2,2.15,4,2,32,0.5,0.7,5.6,40,52
7,3.879598662,-5.641028229,7,30,2,2.15,4,2,32,0.5,0.7,5.6,40,52
7,3.889632107,-5.602359225,7,30,2,2.15,4,2,32,0.5,0.7,5.6,40,52
7,3.899665552,-5.564180731,7,30,2,2.15,4,2,32,0.5,0.7,5.6,40,52
7,3.909698997,-5.526512693,7,30,2,2.15,4,2,32,0.5,0.7,5.6,40,52
7,3.919732441,-5.489382191,7,30,2,2.15,4,2,32,0.5,0.7,5.6,40,52
7,3.929765886,-5.452784006,7,30,2,2.15,4,2,32,0.5,0.7,5.6,40,52
7,3.939799331,-5.416775471,7,30,2,2.15,4,2,32,0.5,0.7,5.6,40,52
7,3.949832776,-5.381337646,7,30,2,2.15,4,2,32,0.5,0.7,5.6,40,52
7,3.959866221,-5.346514181,7,30,2,2.15,4,2,32,0.5,0.7,5.6,40,52
7,3.969899666,-5.312313557,7,30,2,2.15,4,2,32,0.5,0.7,5.6,40,52
7,3.97993311,-5.278754069,7,30,2,2.15,4,2,32,0.5,0.7,5.6,40,52
7,3.989966555,-5.245869496,7,30,2,2.15,4,2,32,0.5,0.7,5.6,40,52
7,4,-5.213651507,7,30,2,2.15,4,2,32,0.5,0.7,5.6,40,52
8,1,-0.413854547,7,30,2,4.65,4,2,32,0.5,0.7,5.6,40,52
8,1.010033445,-0.422146433,7,30,2,4.65,4,2,32,0.5,0.7,5.6,40,52
8,1.02006689,-0.430849277,7,30,2,4.65,4,2,32,0.5,0.7,5.6,40,52
8,1.030100334,-0.440009684,7,30,2,4.65,4,2,32,0.5,0.7,5.6,40,52
8,1.040133779,-0.449615636,7,30,2,4.65,4,2,32,0.5,0.7,5.6,40,52
8,1.050167224,-0.459705632,7,30,2,4.65,4,2,32,0.5,0.7,5.6,40,52
8,1.060200669,-0.470270907,7,30,2,4.65,4,2,32,0.5,0.7,5.6,40,52
8,1.070234114,-0.481335797,7,30,2,4.65,4,2,32,0.5,0.7,5.6,40,52
8,1.080267559,-0.492909891,7,30,2,4.65,4,2,32,0.5,0.7,5.6,40,52
8,1.090301003,-0.504993862,7,30,2,4.65,4,2,32,0.5,0.7,5.6,40,52
8,1.100334448,-0.51762026,7,30,2,4.65,4,2,32,0.5,0.7,5.6,40,52
8,1.110367893,-0.530773389,7,30,2,4.65,4,2,32,0.5,0.7,5.6,40,52
8,1.120401338,-0.544490752,7,30,2,4.65,4,2,32,0.5,0.7,5.6,40,52
8,1.130434783,-0.558760379,7,30,2,4.65,4,2,32,0.5,0.7,5.6,40,52
8,1.140468227,-0.57360117,7,30,2,4.65,4,2,32,0.5,0.7,5.6,40,52
8,1.150501672,-0.589024923,7,30,2,4.65,4,2,32,0.5,0.7,5.6,40,52
8,1.160535117,-0.605026771,7,30,2,4.65,4,2,32,0.5,0.7,5.6,40,52
8,1.170568562,-0.621640994,7,30,2,4.65,4,2,32,0.5,0.7,5.6,40,52
8,1.180602007,-0.638845026,7,30,2,4.65,4,2,32,0.5,0.7,5.6,40,52
8,1.190635452,-0.656677579,7,30,2,4.65,4,2,32,0.5,0.7,5.6,40,52
8,1.200668896,-0.675121265,7,30,2,4.65,4,2,32,0.5,0.7,5.6,40,52
8,1.210702341,-0.694198178,7,30,2,4.65,4,2,32,0.5,0.7,5.6,40,52
8,1.220735786,-0.713914873,7,30,2,4.65,4,2,32,0.5,0.7,5.6,40,52
8,1.230769231,-0.734262147,7,30,2,4.65,4,2,32,0.5,0.7,5.6,40,52
8,1.240802676,-0.755278741,7,30,2,4.65,4,2,32,0.5,0.7,5.6,40,52
8,1.25083612,-0.776934272,7,30,2,4.65,4,2,32,0.5,0.7,5.6,40,52
8,1.260869565,-0.79926998,7,30,2,4.65,4,2,32,0.5,0.7,5.6,40,52
8,1.27090301,-0.822265056,7,30,2,4.65,4,2,32,0.5,0.7,5.6,40,52
8,1.280936455,-0.845935662,7,30,2,4.65,4,2,32,0.5,0.7,5.6,40,52
8,1.2909699,-0.870294577,7,30,2,4.65,4,2,32,0.5,0.7,5.6,40,52
8,1.301003344,-0.895325647,7,30,2,4.65,4,2,32,0.5,0.7,5.6,40,52
8,1.311036789,-0.921070448,7,30,2,4.65,4,2,32,0.5,0.7,5.6,40,52
8,1.321070234,-0.947491834,7,30,2,4.65,4,2,32,0.5,0.7,5.6,40,52
8,1.331103679,-0.974632088,7,30,2,4.65,4,2,32,0.5,0.7,5.6,40,52
8,1.341137124,-1.002470437,7,30,2,4.65,4,2,32,0.5,0.7,5.6,40,52
8,1.351170569,-1.031021143,7,30,2,4.65,4,2,32,0.5,0.7,5.6,40,52
8,1.361204013,-1.060295655,7,30,2,4.65,4,2,32,0.5,0.7,5.6,40,52
8,1.371237458,-1.090274275,7,30,2,4.65,4,2,32,0.5,0.7,5.6,40,52
8,1.381270903,-1.121001662,7,30,2,4.65,4,2,32,0.5,0.7,5.6,40,52
8,1.391304348,-1.152437247,7,30,2,4.65,4,2,32,0.5,0.7,5.6,40,52
8,1.401337793,-1.184622036,7,30,2,4.65,4,2,32,0.5,0.7,5.6,40,52
8,1.411371237,-1.217535958,7,30,2,4.65,4,2,32,0.5,0.7,5.6,40,52
8,1.421404682,-1.251189142,7,30,2,4.65,4,2,32,0.5,0.7,5.6,40,52
8,1.431438127,-1.285594775,7,30,2,4.65,4,2,32,0.5,0.7,5.6,40,52
8,1.441471572,-1.320732096,7,30,2,4.65,4,2,32,0.5,0.7,5.6,40,52
8,1.451505017,-1.356645915,7,30,2,4.65,4,2,32,0.5,0.7,5.6,40,52
8,1.461538462,-1.393292721,7,30,2,4.65,4,2,32,0.5,0.7,5.6,40,52
8,1.471571906,-1.430713298,7,30,2,4.65,4,2,32,0.5,0.7,5.6,40,52
8,1.481605351,-1.468888437,7,30,2,4.65,4,2,32,0.5,0.7,5.6,40,52
8,1.491638796,-1.507825779,7,30,2,4.65,4,2,32,0.5,0.7,5.6,40,52
8,1.501672241,-1.547540084,7,30,2,4.65,4,2,32,0.5,0.7,5.6,40,52
8,1.511705686,-1.588006234,7,30,2,4.65,4,2,32,0.5,0.7,5.6,40,52
8,1.52173913,-1.629272753,7,30,2,4.65,4,2,32,0.5,0.7,5.6,40,52
8,1.531772575,-1.67129527,7,30,2,4.65,4,2,32,0.5,0.7,5.6,40,52
8,1.54180602,-1.714110555,7,30,2,4.65,4,2,32,0.5,0.7,5.6,40,52
8,1.551839465,-1.757700776,7,30,2,4.65,4,2,32,0.5,0.7,5.6,40,52
8,1.56187291,-1.802074329,7,30,2,4.65,4,2,32,0.5,0.7,5.6,40,52
8,1.571906355,-1.847244596,7,30,2,4.65,4,2,32,0.5,0.7,5.6,40,52
8,1.581939799,-1.893185837,7,30,2,4.65,4,2,32,0.5,0.7,5.6,40,52
8,1.591973244,-1.939948427,7,30,2,4.65,4,2,32,0.5,0.7,5.6,40,52
8,1.602006689,-1.987483662,7,30,2,4.65,4,2,32,0.5,0.7,5.6,40,52
8,1.612040134,-2.035831276,7,30,2,4.65,4,2,32,0.5,0.7,5.6,40,52
8,1.622073579,-2.084972065,7,30,2,4.65,4,2,32,0.5,0.7,5.6,40,52
8,1.632107023,-2.134913008,7,30,2,4.65,4,2,32,0.5,0.7,5.6,40,52
8,1.642140468,-2.185669811,7,30,2,4.65,4,2,32,0.5,0.7,5.6,40,52
8,1.652173913,-2.237214184,7,30,2,4.65,4,2,32,0.5,0.7,5.6,40,52
8,1.662207358,-2.289595842,7,30,2,4.65,4,2,32,0.5,0.7,5.6,40,52
8,1.672240803,-2.342767939,7,30,2,4.65,4,2,32,0.5,0.7,5.6,40,52
8,1.682274247,-2.396767674,7,30,2,4.65,4,2,32,0.5,0.7,5.6,40,52
8,1.692307692,-2.45157902,7,30,2,4.65,4,2,32,0.5,0.7,5.6,40,52
8,1.702341137,-2.507203341,7,30,2,4.65,4,2,32,0.5,0.7,5.6,40,52
8,1.712374582,-2.563662222,7,30,2,4.65,4,2,32,0.5,0.7,5.6,40,52
8,1.722408027,-2.620920488,7,30,2,4.65,4,2,32,0.5,0.7,5.6,40,52
8,1.732441472,-2.679034137,7,30,2,4.65,4,2,32,0.5,0.7,5.6,40,52
8,1.742474916,-2.737952591,7,30,2,4.65,4,2,32,0.5,0.7,5.6,40,52
8,1.752508361,-2.797710315,7,30,2,4.65,4,2,32,0.5,0.7,5.6,40,52
8,1.762541806,-2.858295159,7,30,2,4.65,4,2,32,0.5,0.7,5.6,40,52
8,1.772575251,-2.91970537,7,30,2,4.65,4,2,32,0.5,0.7,5.6,40,52
8,1.782608696,-2.98196319,7,30,2,4.65,4,2,32,0.5,0.7,5.6,40,52
8,1.79264214,-3.045032553,7,30,2,4.65,4,2,32,0.5,0.7,5.6,40,52
8,1.802675585,-3.108970085,7,30,2,4.65,4,2,32,0.5,0.7,5.6,40,52
8,1.81270903,-3.173721471,7,30,2,4.65,4,2,32,0.5,0.7,5.6,40,52
8,1.822742475,-3.239323518,7,30,2,4.65,4,2,32,0.5,0.7,5.6,40,52
8,1.83277592,-3.30576287,7,30,2,4.65,4,2,32,0.5,0.7,5.6,40,52
8,1.842809365,-3.373034446,7,30,2,4.65,4,2,32,0.5,0.7,5.6,40,52
8,1.852842809,-3.441164565,7,30,2,4.65,4,2,32,0.5,0.7,5.6,40,52
8,1.862876254,-3.510111369,7,30,2,4.65,4,2,32,0.5,0.7,5.6,40,52
8,1.872909699,-3.579930134,7,30,2,4.65,4,2,32,0.5,0.7,5.6,40,52
8,1.882943144,-3.65057211,7,30,2,4.65,4,2,32,0.5,0.7,5.6,40,52
8,1.892976589,-3.722065439,7,30,2,4.65,4,2,32,0.5,0.7,5.6,40,52
8,1.903010033,-3.794399292,7,30,2,4.65,4,2,32,0.5,0.7,5.6,40,52
8,1.913043478,-3.867566171,7,30,2,4.65,4,2,32,0.5,0.7,5.6,40,52
8,1.923076923,-3.94158978,7,30,2,4.65,4,2,32,0.5,0.7,5.6,40,52
8,1.933110368,-4.01643047,7,30,2,4.65,4,2,32,0.5,0.7,5.6,40,52
8,1.943143813,-4.092137671,7,30,2,4.65,4,2,32,0.5,0.7,5.6,40,52
8,1.953177258,-4.16866119,7,30,2,4.65,4,2,32,0.5,0.7,5.6,40,52
8,1.963210702,-4.24602778,7,30,2,4.65,4,2,32,0.5,0.7,5.6,40,52
8,1.973244147,-4.324226787,7,30,2,4.65,4,2,32,0.5,0.7,5.6,40,52
8,1.983277592,-4.403243726,7,30,2,4.65,4,2,32,0.5,0.7,5.6,40,52
8,1.993311037,-4.483104248,7,30,2,4.65,4,2,32,0.5,0.7,5.6,40,52
8,2.003344482,-4.563761841,7,30,2,4.65,4,2,32,0.5,0.7,5.6,40,52
8,2.013377926,-4.645263978,7,30,2,4.65,4,2,32,0.5,0.7,5.6,40,52
8,2.023411371,-4.727557985,7,30,2,4.65,4,2,32,0.5,0.7,5.6,40,52
8,2.033444816,-4.810668564,7,30,2,4.65,4,2,32,0.5,0.7,5.6,40,52
8,2.043478261,-4.894575112,7,30,2,4.65,4,2,32,0.5,0.7,5.6,40,52
8,2.053511706,-4.979267211,7,30,2,4.65,4,2,32,0.5,0.7,5.6,40,52
8,2.063545151,-5.064760412,7,30,2,4.65,4,2,32,0.5,0.7,5.6,40,52
8,2.073578595,-5.151007489,7,30,2,4.65,4,2,32,0.5,0.7,5.6,40,52
8,2.08361204,-5.238046229,7,30,2,4.65,4,2,32,0.5,0.7,5.6,40,52
8,2.093645485,-5.325823404,7,30,2,4.65,4,2,32,0.5,0.7,5.6,40,52
8,2.10367893,-5.414352892,7,30,2,4.65,4,2,32,0.5,0.7,5.6,40,52
8,2.113712375,-5.503614051,7,30,2,4.65,4,2,32,0.5,0.7,5.6,40,52
8,2.123745819,-5.593585148,7,30,2,4.65,4,2,32,0.5,0.7,5.6,40,52
8,2.133779264,-5.68427621,7,30,2,4.65,4,2,32,0.5,0.7,5.6,40,52
8,2.143812709,-5.775636605,7,30,2,4.65,4,2,32,0.5,0.7,5.6,40,52
8,2.153846154,-5.867687217,7,30,2,4.65,4,2,32,0.5,0.7,5.6,40,52
8,2.163879599,-5.960375741,7,30,2,4.65,4,2,32,0.5,0.7,5.6,40,52
8,2.173913043,-6.053700229,7,30,2,4.65,4,2,32,0.5,0.7,5.6,40,52
8,2.183946488,-6.147635609,7,30,2,4.65,4,2,32,0.5,0.7,5.6,40,52
8,2.193979933,-6.242150176,7,30,2,4.65,4,2,32,0.5,0.7,5.6,40,52
8,2.204013378,-6.337237237,7,30,2,4.65,4,2,32,0.5,0.7,5.6,40,52
8,2.214046823,-6.432844807,7,30,2,4.65,4,2,32,0.5,0.7,5.6,40,52
8,2.224080268,-6.528969812,7,30,2,4.65,4,2,32,0.5,0.7,5.6,40,52
8,2.234113712,-6.625560734,7,30,2,4.65,4,2,32,0.5,0.7,5.6,40,52
8,2.244147157,-6.722594409,7,30,2,4.65,4,2,32,0.5,0.7,5.6,40,52
8,2.254180602,-6.820032206,7,30,2,4.65,4,2,32,0.5,0.7,5.6,40,52
8,2.264214047,-6.917834015,7,30,2,4.65,4,2,32,0.5,0.7,5.6,40,52
8,2.274247492,-7.015966107,7,30,2,4.65,4,2,32,0.5,0.7,5.6,40,52
8,2.284280936,-7.114377239,7,30,2,4.65,4,2,32,0.5,0.7,5.6,40,52
8,2.294314381,-7.213028717,7,30,2,4.65,4,2,32,0.5,0.7,5.6,40,52
8,2.304347826,-7.311867714,7,30,2,4.65,4,2,32,0.5,0.7,5.6,40,52
8,2.314381271,-7.410842585,7,30,2,4.65,4,2,32,0.5,0.7,5.6,40,52
8,2.324414716,-7.509902479,7,30,2,4.65,4,2,32,0.5,0.7,5.6,40,52
8,2.334448161,-7.608985096,7,30,2,4.65,4,2,32,0.5,0.7,5.6,40,52
8,2.344481605,-7.708032786,7,30,2,4.65,4,2,32,0.5,0.7,5.6,40,52
8,2.35451505,-7.806984179,7,30,2,4.65,4,2,32,0.5,0.7,5.6,40,52
8,2.364548495,-7.905761246,7,30,2,4.65,4,2,32,0.5,0.7,5.6,40,52
8,2.37458194,-8.004305031,7,30,2,4.65,4,2,32,0.5,0.7,5.6,40,52
8,2.384615385,-8.102533921,7,30,2,4.65,4,2,32,0.5,0.7,5.6,40,52
8,2.394648829,-8.200371102,7,30,2,4.65,4,2,32,0.5,0.7,5.6,40,52
8,2.404682274,-8.297743659,7,30,2,4.65,4,2,32,0.5,0.7,5.6,40,52
8,2.414715719,-8.394545814,7,30,2,4.65,4,2,32,0.5,0.7,5.6,40,52
8,2.424749164,-8.490717505,7,30,2,4.65,4,2,32,0.5,0.7,5.6,40,52
8,2.434782609,-8.586136842,7,30,2,4.65,4,2,32,0.5,0.7,5.6,40,52
8,2.444816054,-8.680732272,7,30,2,4.65,4,2,32,0.5,0.7,5.6,40,52
8,2.454849498,-8.77439704,7,30,2,4.65,4,2,32,0.5,0.7,5.6,40,52
8,2.464882943,-8.867019885,7,30,2,4.65,4,2,32,0.5,0.7,5.6,40,52
8,2.474916388,-8.958526851,7,30,2,4.65,4,2,32,0.5,0.7,5.6,40,52
8,2.484949833,-9.048753343,7,30,2,4.65,4,2,32,0.5,0.7,5.6,40,52
8,2.494983278,-9.137658254,7,30,2,4.65,4,2,32,0.5,0.7,5.6,40,52
8,2.505016722,-9.225063958,7,30,2,4.65,4,2,32,0.5,0.7,5.6,40,52
8,2.515050167,-9.310905745,7,30,2,4.65,4,2,32,0.5,0.7,5.6,40,52
8,2.525083612,-9.395050082,7,30,2,4.65,4,2,32,0.5,0.7,5.6,40,52
8,2.535117057,-9.477361829,7,30,2,4.65,4,2,32,0.5,0.7,5.6,40,52
8,2.545150502,-9.557782142,7,30,2,4.65,4,2,32,0.5,0.7,5.6,40,52
8,2.555183946,-9.63608777,7,30,2,4.65,4,2,32,0.5,0.7,5.6,40,52
8,2.565217391,-9.712283568,7,30,2,4.65,4,2,32,0.5,0.7,5.6,40,52
8,2.575250836,-9.786147283,7,30,2,4.65,4,2,32,0.5,0.7,5.6,40,52
8,2.585284281,-9.857634549,7,30,2,4.65,4,2,32,0.5,0.7,5.6,40,52
8,2.595317726,-9.926614656,7,30,2,4.65,4,2,32,0.5,0.7,5.6,40,52
8,2.605351171,-9.992938825,7,30,2,4.65,4,2,32,0.5,0.7,5.6,40,52
8,2.615384615,-10.05660024,7,30,2,4.65,4,2,32,0.5,0.7,5.6,40,52
8,2.62541806,-10.11733476,7,30,2,4.65,4,2,32,0.5,0.7,5.6,40,52
8,2.635451505,-10.17521799,7,30,2,4.65,4,2,32,0.5,0.7,5.6,40,52
8,2.64548495,-10.23002022,7,30,2,4.65,4,2,32,0.5,0.7,5.6,40,52
8,2.655518395,-10.28174477,7,30,2,4.65,4,2,32,0.5,0.7,5.6,40,52
8,2.665551839,-10.33028906,7,30,2,4.65,4,2,32,0.5,0.7,5.6,40,52
8,2.675585284,-10.37553638,7,30,2,4.65,4,2,32,0.5,0.7,5.6,40,52
8,2.685618729,-10.41754359,7,30,2,4.65,4,2,32,0.5,0.7,5.6,40,52
8,2.695652174,-10.4560568,7,30,2,4.65,4,2,32,0.5,0.7,5.6,40,52
8,2.705685619,-10.49124215,7,30,2,4.65,4,2,32,0.5,0.7,5.6,40,52
8,2.715719064,-10.52290404,7,30,2,4.65,4,2,32,0.5,0.7,5.6,40,52
8,2.725752508,-10.55111013,7,30,2,4.65,4,2,32,0.5,0.7,5.6,40,52
8,2.735785953,-10.57582628,7,30,2,4.65,4,2,32,0.5,0.7,5.6,40,52
8,2.745819398,-10.5969838,7,30,2,4.65,4,2,32,0.5,0.7,5.6,40,52
8,2.755852843,-10.61472502,7,30,2,4.65,4,2,32,0.5,0.7,5.6,40,52
8,2.765886288,-10.62884794,7,30,2,4.65,4,2,32,0.5,0.7,5.6,40,52
8,2.775919732,-10.63959539,7,30,2,4.65,4,2,32,0.5,0.7,5.6,40,52
8,2.785953177,-10.64684562,7,30,2,4.65,4,2,32,0.5,0.7,5.6,40,52
8,2.795986622,-10.65072415,7,30,2,4.65,4,2,32,0.5,0.7,5.6,40,52
8,2.806020067,-10.65127413,7,30,2,4.65,4,2,32,0.5,0.7,5.6,40,52
8,2.816053512,-10.64848749,7,30,2,4.65,4,2,32,0.5,0.7,5.6,40,52
8,2.826086957,-10.64256909,7,30,2,4.65,4,2,32,0.5,0.7,5.6,40,52
8,2.836120401,-10.63339013,7,30,2,4.65,4,2,32,0.5,0.7,5.6,40,52
8,2.846153846,-10.62123399,7,30,2,4.65,4,2,32,0.5,0.7,5.6,40,52
8,2.856187291,-10.60605393,7,30,2,4.65,4,2,32,0.5,0.7,5.6,40,52
8,2.866220736,-10.58800995,7,30,2,4.65,4,2,32,0.5,0.7,5.6,40,52
8,2.876254181,-10.56719842,7,30,2,4.65,4,2,32,0.5,0.7,5.6,40,52
8,2.886287625,-10.5436611,7,30,2,4.65,4,2,32,0.5,0.7,5.6,40,52
8,2.89632107,-10.51761821,7,30,2,4.65,4,2,32,0.5,0.7,5.6,40,52
8,2.906354515,-10.48901537,7,30,2,4.65,4,2,32,0.5,0.7,5.6,40,52
8,2.91638796,-10.45811743,7,30,2,4.65,4,2,32,0.5,0.7,5.6,40,52
8,2.926421405,-10.42493811,7,30,2,4.65,4,2,32,0.5,0.7,5.6,40,52
8,2.936454849,-10.38963545,7,30,2,4.65,4,2,32,0.5,0.7,5.6,40,52
8,2.946488294,-10.35232332,7,30,2,4.65,4,2,32,0.5,0.7,5.6,40,52
8,2.956521739,-10.31306778,7,30,2,4.65,4,2,32,0.5,0.7,5.6,40,52
8,2.966555184,-10.27206249,7,30,2,4.65,4,2,32,0.5,0.7,5.6,40,52
8,2.976588629,-10.22930588,7,30,2,4.65,4,2,32,0.5,0.7,5.6,40,52
8,2.986622074,-10.18501062,7,30,2,4.65,4,2,32,0.5,0.7,5.6,40,52
8,2.996655518,-10.13921968,7,30,2,4.65,4,2,32,0.5,0.7,5.6,40,52
8,3.006688963,-10.09206201,7,30,2,4.65,4,2,32,0.5,0.7,5.6,40,52
8,3.016722408,-10.04364413,7,30,2,4.65,4,2,32,0.5,0.7,5.6,40,52
8,3.026755853,-9.994031564,7,30,2,4.65,4,2,32,0.5,0.7,5.6,40,52
8,3.036789298,-9.943371438,7,30,2,4.65,4,2,32,0.5,0.7,5.6,40,52
8,3.046822742,-9.891689974,7,30,2,4.65,4,2,32,0.5,0.7,5.6,40,52
8,3.056856187,-9.839132729,7,30,2,4.65,4,2,32,0.5,0.7,5.6,40,52
8,3.066889632,-9.785751972,7,30,2,4.65,4,2,32,0.5,0.7,5.6,40,52
8,3.076923077,-9.731640285,7,30,2,4.65,4,2,32,0.5,0.7,5.6,40,52
8,3.086956522,-9.676877892,7,30,2,4.65,4,2,32,0.5,0.7,5.6,40,52
8,3.096989967,-9.621521914,7,30,2,4.65,4,2,32,0.5,0.7,5.6,40,52
8,3.107023411,-9.565666047,7,30,2,4.65,4,2,32,0.5,0.7,5.6,40,52
8,3.117056856,-9.509348318,7,30,2,4.65,4,2,32,0.5,0.7,5.6,40,52
8,3.127090301,-9.452656553,7,30,2,4.65,4,2,32,0.5,0.7,5.6,40,52
8,3.137123746,-9.395634928,7,30,2,4.65,4,2,32,0.5,0.7,5.6,40,52
8,3.147157191,-9.338342803,7,30,2,4.65,4,2,32,0.5,0.7,5.6,40,52
8,3.157190635,-9.280833662,7,30,2,4.65,4,2,32,0.5,0.7,5.6,40,52
8,3.16722408,-9.223152266,7,30,2,4.65,4,2,32,0.5,0.7,5.6,40,52
8,3.177257525,-9.165347173,7,30,2,4.65,4,2,32,0.5,0.7,5.6,40,52
8,3.18729097,-9.107457022,7,30,2,4.65,4,2,32,0.5,0.7,5.6,40,52
8,3.197324415,-9.049523758,7,30,2,4.65,4,2,32,0.5,0.7,5.6,40,52
8,3.20735786,-8.991581793,7,30,2,4.65,4,2,32,0.5,0.7,5.6,40,52
8,3.217391304,-8.933663713,7,30,2,4.65,4,2,32,0.5,0.7,5.6,40,52
8,3.227424749,-8.875801514,7,30,2,4.65,4,2,32,0.5,0.7,5.6,40,52
8,3.237458194,-8.818025345,7,30,2,4.65,4,2,32,0.5,0.7,5.6,40,52
8,3.247491639,-8.760353658,7,30,2,4.65,4,2,32,0.5,0.7,5.6,40,52
8,3.257525084,-8.702819567,7,30,2,4.65,4,2,32,0.5,0.7,5.6,40,52
8,3.267558528,-8.645433258,7,30,2,4.65,4,2,32,0.5,0.7,5.6,40,52
8,3.277591973,-8.588222343,7,30,2,4.65,4,2,32,0.5,0.7,5.6,40,52
8,3.287625418,-8.531198877,7,30,2,4.65,4,2,32,0.5,0.7,5.6,40,52
8,3.297658863,-8.474376179,7,30,2,4.65,4,2,32,0.5,0.7,5.6,40,52
8,3.307692308,-8.41777526,7,30,2,4.65,4,2,32,0.5,0.7,5.6,40,52
8,3.317725753,-8.361397202,7,30,2,4.65,4,2,32,0.5,0.7,5.6,40,52
8,3.327759197,-8.305262311,7,30,2,4.65,4,2,32,0.5,0.7,5.6,40,52
8,3.337792642,-8.249369694,7,30,2,4.65,4,2,32,0.5,0.7,5.6,40,52
8,3.347826087,-8.193733796,7,30,2,4.65,4,2,32,0.5,0.7,5.6,40,52
8,3.357859532,-8.138357315,7,30,2,4.65,4,2,32,0.5,0.7,5.6,40,52
8,3.367892977,-8.083243048,7,30,2,4.65,4,2,32,0.5,0.7,5.6,40,52
8,3.377926421,-8.028401925,7,30,2,4.65,4,2,32,0.5,0.7,5.6,40,52
8,3.387959866,-7.973826276,7,30,2,4.65,4,2,32,0.5,0.7,5.6,40,52
8,3.397993311,-7.919530283,7,30,2,4.65,4,2,32,0.5,0.7,5.6,40,52
8,3.408026756,-7.865505045,7,30,2,4.65,4,2,32,0.5,0.7,5.6,40,52
8,3.418060201,-7.811754789,7,30,2,4.65,4,2,32,0.5,0.7,5.6,40,52
8,3.428093645,-7.758280792,7,30,2,4.65,4,2,32,0.5,0.7,5.6,40,52
8,3.43812709,-7.705077471,7,30,2,4.65,4,2,32,0.5,0.7,5.6,40,52
8,3.448160535,-7.652152997,7,30,2,4.65,4,2,32,0.5,0.7,5.6,40,52
8,3.45819398,-7.59949478,7,30,2,4.65,4,2,32,0.5,0.7,5.6,40,52
8,3.468227425,-7.547110857,7,30,2,4.65,4,2,32,0.5,0.7,5.6,40,52
8,3.47826087,-7.49499261,7,30,2,4.65,4,2,32,0.5,0.7,5.6,40,52
8,3.488294314,-7.44314114,7,30,2,4.65,4,2,32,0.5,0.7,5.6,40,52
8,3.498327759,-7.391553832,7,30,2,4.65,4,2,32,0.5,0.7,5.6,40,52
8,3.508361204,-7.340223102,7,30,2,4.65,4,2,32,0.5,0.7,5.6,40,52
8,3.518394649,-7.289159093,7,30,2,4.65,4,2,32,0.5,0.7,5.6,40,52
8,3.528428094,-7.238344032,7,30,2,4.65,4,2,32,0.5,0.7,5.6,40,52
8,3.538461538,-7.187789047,7,30,2,4.65,4,2,32,0.5,0.7,5.6,40,52
8,3.548494983,-7.137484405,7,30,2,4.65,4,2,32,0.5,0.7,5.6,40,52
8,3.558528428,-7.087429897,7,30,2,4.65,4,2,32,0.5,0.7,5.6,40,52
8,3.568561873,-7.03762875,7,30,2,4.65,4,2,32,0.5,0.7,5.6,40,52
8,3.578595318,-6.988068623,7,30,2,4.65,4,2,32,0.5,0.7,5.6,40,52
8,3.588628763,-6.93876557,7,30,2,4.65,4,2,32,0.5,0.7,5.6,40,52
8,3.598662207,-6.889700321,7,30,2,4.65,4,2,32,0.5,0.7,5.6,40,52
8,3.608695652,-6.840888897,7,30,2,4.65,4,2,32,0.5,0.7,5.6,40,52
8,3.618729097,-6.792321692,7,30,2,4.65,4,2,32,0.5,0.7,5.6,40,52
8,3.628762542,-6.744003901,7,30,2,4.65,4,2,32,0.5,0.7,5.6,40,52
8,3.638795987,-6.695938518,7,30,2,4.65,4,2,32,0.5,0.7,5.6,40,52
8,3.648829431,-6.648119585,7,30,2,4.65,4,2,32,0.5,0.7,5.6,40,52
8,3.658862876,-6.600563962,7,30,2,4.65,4,2,32,0.5,0.7,5.6,40,52
8,3.668896321,-6.553258752,7,30,2,4.65,4,2,32,0.5,0.7,5.6,40,52
8,3.678929766,-6.506222683,7,30,2,4.65,4,2,32,0.5,0.7,5.6,40,52
8,3.688963211,-6.45944824,7,30,2,4.65,4,2,32,0.5,0.7,5.6,40,52
8,3.698996656,-6.412945819,7,30,2,4.65,4,2,32,0.5,0.7,5.6,40,52
8,3.7090301,-6.366723268,7,30,2,4.65,4,2,32,0.5,0.7,5.6,40,52
8,3.719063545,-6.32077907,7,30,2,4.65,4,2,32,0.5,0.7,5.6,40,52
8,3.72909699,-6.275136241,7,30,2,4.65,4,2,32,0.5,0.7,5.6,40,52
8,3.739130435,-6.229783215,7,30,2,4.65,4,2,32,0.5,0.7,5.6,40,52
8,3.74916388,-6.184744897,7,30,2,4.65,4,2,32,0.5,0.7,5.6,40,52
8,3.759197324,-6.140018527,7,30,2,4.65,4,2,32,0.5,0.7,5.6,40,52
8,3.769230769,-6.095619862,7,30,2,4.65,4,2,32,0.5,0.7,5.6,40,52
8,3.779264214,-6.051560716,7,30,2,4.65,4,2,32,0.5,0.7,5.6,40,52
8,3.789297659,-6.007843581,7,30,2,4.65,4,2,32,0.5,0.7,5.6,40,52
8,3.799331104,-5.964496562,7,30,2,4.65,4,2,32,0.5,0.7,5.6,40,52
8,3.809364548,-5.921513618,7,30,2,4.65,4,2,32,0.5,0.7,5.6,40,52
8,3.819397993,-5.878922352,7,30,2,4.65,4,2,32,0.5,0.7,5.6,40,52
8,3.829431438,-5.836727184,7,30,2,4.65,4,2,32,0.5,0.7,5.6,40,52
8,3.839464883,-5.794945357,7,30,2,4.65,4,2,32,0.5,0.7,5.6,40,52
8,3.849498328,-5.75359785,7,30,2,4.65,4,2,32,0.5,0.7,5.6,40,52
8,3.859531773,-5.712683535,7,30,2,4.65,4,2,32,0.5,0.7,5.6,40,52
8,3.869565217,-5.672244699,7,30,2,4.65,4,2,32,0.5,0.7,5.6,40,52
8,3.879598662,-5.632270474,7,30,2,4.65,4,2,32,0.5,0.7,5.6,40,52
8,3.889632107,-5.592797964,7,30,2,4.65,4,2,32,0.5,0.7,5.6,40,52
8,3.899665552,-5.553833612,7,30,2,4.65,4,2,32,0.5,0.7,5.6,40,52
8,3.909698997,-5.515396344,7,30,2,4.65,4,2,32,0.5,0.7,5.6,40,52
8,3.919732441,-5.477513959,7,30,2,4.65,4,2,32,0.5,0.7,5.6,40,52
8,3.929765886,-5.440181246,7,30,2,4.65,4,2,32,0.5,0.7,5.6,40,52
8,3.939799331,-5.403456195,7,30,2,4.65,4,2,32,0.5,0.7,5.6,40,52
8,3.949832776,-5.367318929,7,30,2,4.65,4,2,32,0.5,0.7,5.6,40,52
8,3.959866221,-5.331815677,7,30,2,4.65,4,2,32,0.5,0.7,5.6,40,52
8,3.969899666,-5.296952703,7,30,2,4.65,4,2,32,0.5,0.7,5.6,40,52
8,3.97993311,-5.262747835,7,30,2,4.65,4,2,32,0.5,0.7,5.6,40,52
8,3.989966555,-5.229239221,7,30,2,4.65,4,2,32,0.5,0.7,5.6,40,52
8,4,-5.196414551,7,30,2,4.65,4,2,32,0.5,0.7,5.6,40,52
9,1,-0.414046226,7,30,2,7.15,4,2,32,0.5,0.7,5.6,40,52
9,1.010033445,-0.422306478,7,30,2,7.15,4,2,32,0.5,0.7,5.6,40,52
9,1.02006689,-0.430980232,7,30,2,7.15,4,2,32,0.5,0.7,5.6,40,52
9,1.030100334,-0.440113069,7,30,2,7.15,4,2,32,0.5,0.7,5.6,40,52
9,1.040133779,-0.449693414,7,30,2,7.15,4,2,32,0.5,0.7,5.6,40,52
9,1.050167224,-0.459760173,7,30,2,7.15,4,2,32,0.5,0.7,5.6,40,52
9,1.060200669,-0.470304121,7,30,2,7.15,4,2,32,0.5,0.7,5.6,40,52
9,1.070234114,-0.481350212,7,30,2,7.15,4,2,32,0.5,0.7,5.6,40,52
9,1.080267559,-0.492906807,7,30,2,7.15,4,2,32,0.5,0.7,5.6,40,52
9,1.090301003,-0.504976961,7,30,2,7.15,4,2,32,0.5,0.7,5.6,40,52
9,1.100334448,-0.517593007,7,30,2,7.15,4,2,32,0.5,0.7,5.6,40,52
9,1.110367893,-0.530737333,7,30,2,7.15,4,2,32,0.5,0.7,5.6,40,52
9,1.120401338,-0.544449142,7,30,2,7.15,4,2,32,0.5,0.7,5.6,40,52
9,1.130434783,-0.558716993,7,30,2,7.15,4,2,32,0.5,0.7,5.6,40,52
9,1.140468227,-0.573560407,7,30,2,7.15,4,2,32,0.5,0.7,5.6,40,52
9,1.150501672,-0.588990376,7,30,2,7.15,4,2,32,0.5,0.7,5.6,40,52
9,1.160535117,-0.60500153,7,30,2,7.15,4,2,32,0.5,0.7,5.6,40,52
9,1.170568562,-0.621630688,7,30,2,7.15,4,2,32,0.5,0.7,5.6,40,52
9,1.180602007,-0.638851982,7,30,2,7.15,4,2,32,0.5,0.7,5.6,40,52
9,1.190635452,-0.656706979,7,30,2,7.15,4,2,32,0.5,0.7,5.6,40,52
9,1.200668896,-0.675178624,7,30,2,7.15,4,2,32,0.5,0.7,5.6,40,52
9,1.210702341,-0.694287547,7,30,2,7.15,4,2,32,0.5,0.7,5.6,40,52
9,1.220735786,-0.714039954,7,30,2,7.15,4,2,32,0.5,0.7,5.6,40,52
9,1.230769231,-0.734431194,7,30,2,7.15,4,2,32,0.5,0.7,5.6,40,52
9,1.240802676,-0.75549533,7,30,2,7.15,4,2,32,0.5,0.7,5.6,40,52
9,1.25083612,-0.777206244,7,30,2,7.15,4,2,32,0.5,0.7,5.6,40,52
9,1.260869565,-0.799600608,7,30,2,7.15,4,2,32,0.5,0.7,5.6,40,52
9,1.27090301,-0.822660625,7,30,2,7.15,4,2,32,0.5,0.7,5.6,40,52
9,1.280936455,-0.846404212,7,30,2,7.15,4,2,32,0.5,0.7,5.6,40,52
9,1.2909699,-0.870840951,7,30,2,7.15,4,2,32,0.5,0.7,5.6,40,52
9,1.301003344,-0.89595675,7,30,2,7.15,4,2,32,0.5,0.7,5.6,40,52
9,1.311036789,-0.92179336,7,30,2,7.15,4,2,32,0.5,0.7,5.6,40,52
9,1.321070234,-0.94831376,7,30,2,7.15,4,2,32,0.5,0.7,5.6,40,52
9,1.331103679,-0.975560016,7,30,2,7.15,4,2,32,0.5,0.7,5.6,40,52
9,1.341137124,-1.00351245,7,30,2,7.15,4,2,32,0.5,0.7,5.6,40,52
9,1.351170569,-1.032184569,7,30,2,7.15,4,2,32,0.5,0.7,5.6,40,52
9,1.361204013,-1.061588037,7,30,2,7.15,4,2,32,0.5,0.7,5.6,40,52
9,1.371237458,-1.091705317,7,30,2,7.15,4,2,32,0.5,0.7,5.6,40,52
9,1.381270903,-1.122578557,7,30,2,7.15,4,2,32,0.5,0.7,5.6,40,52
9,1.391304348,-1.1541691,7,30,2,7.15,4,2,32,0.5,0.7,5.6,40,52
9,1.401337793,-1.18651776,7,30,2,7.15,4,2,32,0.5,0.7,5.6,40,52
9,1.411371237,-1.219605238,7,30,2,7.15,4,2,32,0.5,0.7,5.6,40,52
9,1.421404682,-1.253440788,7,30,2,7.15,4,2,32,0.5,0.7,5.6,40,52
9,1.431438127,-1.288039652,7,30,2,7.15,4,2,32,0.5,0.7,5.6,40,52
9,1.441471572,-1.32337961,7,30,2,7.15,4,2,32,0.5,0.7,5.6,40,52
9,1.451505017,-1.359505146,7,30,2,7.15,4,2,32,0.5,0.7,5.6,40,52
9,1.461538462,-1.396376308,7,30,2,7.15,4,2,32,0.5,0.7,5.6,40,52
9,1.471571906,-1.434030469,7,30,2,7.15,4,2,32,0.5,0.7,5.6,40,52
9,1.481605351,-1.472450053,7,30,2,7.15,4,2,32,0.5,0.7,5.6,40,52
9,1.491638796,-1.511645224,7,30,2,7.15,4,2,32,0.5,0.7,5.6,40,52
9,1.501672241,-1.551627989,7,30,2,7.15,4,2,32,0.5,0.7,5.6,40,52
9,1.511705686,-1.592375216,7,30,2,7.15,4,2,32,0.5,0.7,5.6,40,52
9,1.52173913,-1.633935519,7,30,2,7.15,4,2,32,0.5,0.7,5.6,40,52
9,1.531772575,-1.67626245,7,30,2,7.15,4,2,32,0.5,0.7,5.6,40,52
9,1.54180602,-1.719397244,7,30,2,7.15,4,2,32,0.5,0.7,5.6,40,52
9,1.551839465,-1.763319769,7,30,2,7.15,4,2,32,0.5,0.7,5.6,40,52
9,1.56187291,-1.808039754,7,30,2,7.15,4,2,32,0.5,0.7,5.6,40,52
9,1.571906355,-1.853570403,7,30,2,7.15,4,2,32,0.5,0.7,5.6,40,52
9,1.581939799,-1.89988636,7,30,2,7.15,4,2,32,0.5,0.7,5.6,40,52
9,1.591973244,-1.947037523,7,30,2,7.15,4,2,32,0.5,0.7,5.6,40,52
9,1.602006689,-1.994977563,7,30,2,7.15,4,2,32,0.5,0.7,5.6,40,52
9,1.612040134,-2.043745445,7,30,2,7.15,4,2,32,0.5,0.7,5.6,40,52
9,1.622073579,-2.093323249,7,30,2,7.15,4,2,32,0.5,0.7,5.6,40,52
9,1.632107023,-2.143716446,7,30,2,7.15,4,2,32,0.5,0.7,5.6,40,52
9,1.642140468,-2.194944251,7,30,2,7.15,4,2,32,0.5,0.7,5.6,40,52
9,1.652173913,-2.246974693,7,30,2,7.15,4,2,32,0.5,0.7,5.6,40,52
9,1.662207358,-2.299862446,7,30,2,7.15,4,2,32,0.5,0.7,5.6,40,52
9,1.672240803,-2.353557871,7,30,2,7.15,4,2,32,0.5,0.7,5.6,40,52
9,1.682274247,-2.408099767,7,30,2,7.15,4,2,32,0.5,0.7,5.6,40,52
9,1.692307692,-2.463471733,7,30,2,7.15,4,2,32,0.5,0.7,5.6,40,52
9,1.702341137,-2.519677209,7,30,2,7.15,4,2,32,0.5,0.7,5.6,40,52
9,1.712374582,-2.576737478,7,30,2,7.15,4,2,32,0.5,0.7,5.6,40,52
9,1.722408027,-2.634616467,7,30,2,7.15,4,2,32,0.5,0.7,5.6,40,52
9,1.732441472,-2.693374,7,30,2,7.15,4,2,32,0.5,0.7,5.6,40,52
9,1.742474916,-2.752957218,7,30,2,7.15,4,2,32,0.5,0.7,5.6,40,52
9,1.752508361,-2.813403335,7,30,2,7.15,4,2,32,0.5,0.7,5.6,40,52
9,1.762541806,-2.87469794,7,30,2,7.15,4,2,32,0.5,0.7,5.6,40,52
9,1.772575251,-2.936841128,7,30,2,7.15,4,2,32,0.5,0.7,5.6,40,52
9,1.782608696,-2.999856008,7,30,2,7.15,4,2,32,0.5,0.7,5.6,40,52
9,1.79264214,-3.063707224,7,30,2,7.15,4,2,32,0.5,0.7,5.6,40,52
9,1.802675585,-3.128453525,7,30,2,7.15,4,2,32,0.5,0.7,5.6,40,52
9,1.81270903,-3.194037099,7,30,2,7.15,4,2,32,0.5,0.7,5.6,40,52
9,1.822742475,-3.260500772,7,30,2,7.15,4,2,32,0.5,0.7,5.6,40,52
9,1.83277592,-3.32782784,7,30,2,7.15,4,2,32,0.5,0.7,5.6,40,52
9,1.842809365,-3.396015117,7,30,2,7.15,4,2,32,0.5,0.7,5.6,40,52
9,1.852842809,-3.465089141,7,30,2,7.15,4,2,32,0.5,0.7,5.6,40,52
9,1.862876254,-3.535009462,7,30,2,7.15,4,2,32,0.5,0.7,5.6,40,52
9,1.872909699,-3.60583224,7,30,2,7.15,4,2,32,0.5,0.7,5.6,40,52
9,1.882943144,-3.677508685,7,30,2,7.15,4,2,32,0.5,0.7,5.6,40,52
9,1.892976589,-3.750068291,7,30,2,7.15,4,2,32,0.5,0.7,5.6,40,52
9,1.903010033,-3.823501476,7,30,2,7.15,4,2,32,0.5,0.7,5.6,40,52
9,1.913043478,-3.897801705,7,30,2,7.15,4,2,32,0.5,0.7,5.6,40,52
9,1.923076923,-3.972990287,7,30,2,7.15,4,2,32,0.5,0.7,5.6,40,52
9,1.933110368,-4.049032646,7,30,2,7.15,4,2,32,0.5,0.7,5.6,40,52
9,1.943143813,-4.125977027,7,30,2,7.15,4,2,32,0.5,0.7,5.6,40,52
9,1.953177258,-4.203774076,7,30,2,7.15,4,2,32,0.5,0.7,5.6,40,52
9,1.963210702,-4.282451743,7,30,2,7.15,4,2,32,0.5,0.7,5.6,40,52
9,1.973244147,-4.362000099,7,30,2,7.15,4,2,32,0.5,0.7,5.6,40,52
9,1.983277592,-4.442404507,7,30,2,7.15,4,2,32,0.5,0.7,5.6,40,52
9,1.993311037,-4.523693871,7,30,2,7.15,4,2,32,0.5,0.7,5.6,40,52
9,2.003344482,-4.605821737,7,30,2,7.15,4,2,32,0.5,0.7,5.6,40,52
9,2.013377926,-4.688834961,7,30,2,7.15,4,2,32,0.5,0.7,5.6,40,52
9,2.023411371,-4.772684549,7,30,2,7.15,4,2,32,0.5,0.7,5.6,40,52
9,2.033444816,-4.857391316,7,30,2,7.15,4,2,32,0.5,0.7,5.6,40,52
9,2.043478261,-4.942943588,7,30,2,7.15,4,2,32,0.5,0.7,5.6,40,52
9,2.053511706,-5.02932217,7,30,2,7.15,4,2,32,0.5,0.7,5.6,40,52
9,2.063545151,-5.116550418,7,30,2,7.15,4,2,32,0.5,0.7,5.6,40,52
9,2.073578595,-5.204581015,7,30,2,7.15,4,2,32,0.5,0.7,5.6,40,52
9,2.08361204,-5.29344992,7,30,2,7.15,4,2,32,0.5,0.7,5.6,40,52
9,2.093645485,-5.383106605,7,30,2,7.15,4,2,32,0.5,0.7,5.6,40,52
9,2.10367893,-5.473566193,7,30,2,7.15,4,2,32,0.5,0.7,5.6,40,52
9,2.113712375,-5.564807534,7,30,2,7.15,4,2,32,0.5,0.7,5.6,40,52
9,2.123745819,-5.656811348,7,30,2,7.15,4,2,32,0.5,0.7,5.6,40,52
9,2.133779264,-5.749587818,7,30,2,7.15,4,2,32,0.5,0.7,5.6,40,52
9,2.143812709,-5.843085738,7,30,2,7.15,4,2,32,0.5,0.7,5.6,40,52
9,2.153846154,-5.937328474,7,30,2,7.15,4,2,32,0.5,0.7,5.6,40,52
9,2.163879599,-6.032263682,7,30,2,7.15,4,2,32,0.5,0.7,5.6,40,52
9,2.173913043,-6.127890129,7,30,2,7.15,4,2,32,0.5,0.7,5.6,40,52
9,2.183946488,-6.224182471,7,30,2,7.15,4,2,32,0.5,0.7,5.6,40,52
9,2.193979933,-6.321109086,7,30,2,7.15,4,2,32,0.5,0.7,5.6,40,52
9,2.204013378,-6.41866551,7,30,2,7.15,4,2,32,0.5,0.7,5.6,40,52
9,2.214046823,-6.516798451,7,30,2,7.15,4,2,32,0.5,0.7,5.6,40,52
9,2.224080268,-6.615504981,7,30,2,7.15,4,2,32,0.5,0.7,5.6,40,52
9,2.234113712,-6.714733972,7,30,2,7.15,4,2,32,0.5,0.7,5.6,40,52
9,2.244147157,-6.81446068,7,30,2,7.15,4,2,32,0.5,0.7,5.6,40,52
9,2.254180602,-6.914648684,7,30,2,7.15,4,2,32,0.5,0.7,5.6,40,52
9,2.264214047,-7.015253383,7,30,2,7.15,4,2,32,0.5,0.7,5.6,40,52
9,2.274247492,-7.116245521,7,30,2,7.15,4,2,32,0.5,0.7,5.6,40,52
9,2.284280936,-7.217566791,7,30,2,7.15,4,2,32,0.5,0.7,5.6,40,52
9,2.294314381,-7.319182692,7,30,2,7.15,4,2,32,0.5,0.7,5.6,40,52
9,2.304347826,-7.42103492,7,30,2,7.15,4,2,32,0.5,0.7,5.6,40,52
9,2.314381271,-7.523072548,7,30,2,7.15,4,2,32,0.5,0.7,5.6,40,52
9,2.324414716,-7.625241208,7,30,2,7.15,4,2,32,0.5,0.7,5.6,40,52
9,2.334448161,-7.727474559,7,30,2,7.15,4,2,32,0.5,0.7,5.6,40,52
9,2.344481605,-7.82971728,7,30,2,7.15,4,2,32,0.5,0.7,5.6,40,52
9,2.35451505,-7.931899673,7,30,2,7.15,4,2,32,0.5,0.7,5.6,40,52
9,2.364548495,-8.033942331,7,30,2,7.15,4,2,32,0.5,0.7,5.6,40,52
9,2.37458194,-8.135781311,7,30,2,7.15,4,2,32,0.5,0.7,5.6,40,52
9,2.384615385,-8.237331059,7,30,2,7.15,4,2,32,0.5,0.7,5.6,40,52
9,2.394648829,-8.338509821,7,30,2,7.15,4,2,32,0.5,0.7,5.6,40,52
9,2.404682274,-8.439238541,7,30,2,7.15,4,2,32,0.5,0.7,5.6,40,52
9,2.414715719,-8.539406779,7,30,2,7.15,4,2,32,0.5,0.7,5.6,40,52
9,2.424749164,-8.638946695,7,30,2,7.15,4,2,32,0.5,0.7,5.6,40,52
9,2.434782609,-8.737727799,7,30,2,7.15,4,2,32,0.5,0.7,5.6,40,52
9,2.444816054,-8.835674417,7,30,2,7.15,4,2,32,0.5,0.7,5.6,40,52
9,2.454849498,-8.93266938,7,30,2,7.15,4,2,32,0.5,0.7,5.6,40,52
9,2.464882943,-9.0285919,7,30,2,7.15,4,2,32,0.5,0.7,5.6,40,52
9,2.474916388,-9.123360635,7,30,2,7.15,4,2,32,0.5,0.7,5.6,40,52
9,2.484949833,-9.21679848,7,30,2,7.15,4,2,32,0.5,0.7,5.6,40,52
9,2.494983278,-9.30885691,7,30,2,7.15,4,2,32,0.5,0.7,5.6,40,52
9,2.505016722,-9.399344563,7,30,2,7.15,4,2,32,0.5,0.7,5.6,40,52
9,2.515050167,-9.488186401,7,30,2,7.15,4,2,32,0.5,0.7,5.6,40,52
9,2.525083612,-9.575236939,7,30,2,7.15,4,2,32,0.5,0.7,5.6,40,52
9,2.535117057,-9.660347585,7,30,2,7.15,4,2,32,0.5,0.7,5.6,40,52
9,2.545150502,-9.743451467,7,30,2,7.15,4,2,32,0.5,0.7,5.6,40,52
9,2.555183946,-9.824303873,7,30,2,7.15,4,2,32,0.5,0.7,5.6,40,52
9,2.565217391,-9.902906123,7,30,2,7.15,4,2,32,0.5,0.7,5.6,40,52
9,2.575250836,-9.979013481,7,30,2,7.15,4,2,32,0.5,0.7,5.6,40,52
9,2.585284281,-10.05257711,7,30,2,7.15,4,2,32,0.5,0.7,5.6,40,52
9,2.595317726,-10.12344964,7,30,2,7.15,4,2,32,0.5,0.7,5.6,40,52
9,2.605351171,-10.19146787,7,30,2,7.15,4,2,32,0.5,0.7,5.6,40,52
9,2.615384615,-10.25661918,7,30,2,7.15,4,2,32,0.5,0.7,5.6,40,52
9,2.62541806,-10.31861654,7,30,2,7.15,4,2,32,0.5,0.7,5.6,40,52
9,2.635451505,-10.37753749,7,30,2,7.15,4,2,32,0.5,0.7,5.6,40,52
9,2.64548495,-10.43313215,7,30,2,7.15,4,2,32,0.5,0.7,5.6,40,52
9,2.655518395,-10.48539932,7,30,2,7.15,4,2,32,0.5,0.7,5.6,40,52
9,2.665551839,-10.53423014,7,30,2,7.15,4,2,32,0.5,0.7,5.6,40,52
9,2.675585284,-10.57949261,7,30,2,7.15,4,2,32,0.5,0.7,5.6,40,52
9,2.685618729,-10.62124926,7,30,2,7.15,4,2,32,0.5,0.7,5.6,40,52
9,2.695652174,-10.65922769,7,30,2,7.15,4,2,32,0.5,0.7,5.6,40,52
9,2.705685619,-10.69360715,7,30,2,7.15,4,2,32,0.5,0.7,5.6,40,52
9,2.715719064,-10.72417511,7,30,2,7.15,4,2,32,0.5,0.7,5.6,40,52
9,2.725752508,-10.75100818,7,30,2,7.15,4,2,32,0.5,0.7,5.6,40,52
9,2.735785953,-10.77407339,7,30,2,7.15,4,2,32,0.5,0.7,5.6,40,52
9,2.745819398,-10.79329971,7,30,2,7.15,4,2,32,0.5,0.7,5.6,40,52
9,2.755852843,-10.80884452,7,30,2,7.15,4,2,32,0.5,0.7,5.6,40,52
9,2.765886288,-10.82049388,7,30,2,7.15,4,2,32,0.5,0.7,5.6,40,52
9,2.775919732,-10.82851628,7,30,2,7.15,4,2,32,0.5,0.7,5.6,40,52
9,2.785953177,-10.83278595,7,30,2,7.15,4,2,32,0.5,0.7,5.6,40,52
9,2.795986622,-10.83344527,7,30,2,7.15,4,2,32,0.5,0.7,5.6,40,52
9,2.806020067,-10.83054475,7,30,2,7.15,4,2,32,0.5,0.7,5.6,40,52
9,2.816053512,-10.82408959,7,30,2,7.15,4,2,32,0.5,0.7,5.6,40,52
9,2.826086957,-10.81430064,7,30,2,7.15,4,2,32,0.5,0.7,5.6,40,52
9,2.836120401,-10.80105205,7,30,2,7.15,4,2,32,0.5,0.7,5.6,40,52
9,2.846153846,-10.78465226,7,30,2,7.15,4,2,32,0.5,0.7,5.6,40,52
9,2.856187291,-10.76506299,7,30,2,7.15,4,2,32,0.5,0.7,5.6,40,52
9,2.866220736,-10.74245983,7,30,2,7.15,4,2,32,0.5,0.7,5.6,40,52
9,2.876254181,-10.71695649,7,30,2,7.15,4,2,32,0.5,0.7,5.6,40,52
9,2.886287625,-10.68860546,7,30,2,7.15,4,2,32,0.5,0.7,5.6,40,52
9,2.89632107,-10.65764511,7,30,2,7.15,4,2,32,0.5,0.7,5.6,40,52
9,2.906354515,-10.62402994,7,30,2,7.15,4,2,32,0.5,0.7,5.6,40,52
9,2.91638796,-10.5880463,7,30,2,7.15,4,2,32,0.5,0.7,5.6,40,52
9,2.926421405,-10.54971643,7,30,2,7.15,4,2,32,0.5,0.7,5.6,40,52
9,2.936454849,-10.5092133,7,30,2,7.15,4,2,32,0.5,0.7,5.6,40,52
9,2.946488294,-10.4666648,7,30,2,7.15,4,2,32,0.5,0.7,5.6,40,52
9,2.956521739,-10.42214543,7,30,2,7.15,4,2,32,0.5,0.7,5.6,40,52
9,2.966555184,-10.37586274,7,30,2,7.15,4,2,32,0.5,0.7,5.6,40,52
9,2.976588629,-10.32782549,7,30,2,7.15,4,2,32,0.5,0.7,5.6,40,52
9,2.986622074,-10.2782564,7,30,2,7.15,4,2,32,0.5,0.7,5.6,40,52
9,2.996655518,-10.22720746,7,30,2,7.15,4,2,32,0.5,0.7,5.6,40,52
9,3.006688963,-10.17481655,7,30,2,7.15,4,2,32,0.5,0.7,5.6,40,52
9,3.016722408,-10.12119689,7,30,2,7.15,4,2,32,0.5,0.7,5.6,40,52
9,3.026755853,-10.06642413,7,30,2,7.15,4,2,32,0.5,0.7,5.6,40,52
9,3.036789298,-10.01064585,7,30,2,7.15,4,2,32,0.5,0.7,5.6,40,52
9,3.046822742,-9.953902522,7,30,2,7.15,4,2,32,0.5,0.7,5.6,40,52
9,3.056856187,-9.896338975,7,30,2,7.15,4,2,32,0.5,0.7,5.6,40,52
9,3.066889632,-9.83801297,7,30,2,7.15,4,2,32,0.5,0.7,5.6,40,52
9,3.076923077,-9.779023209,7,30,2,7.15,4,2,32,0.5,0.7,5.6,40,52
9,3.086956522,-9.719450421,7,30,2,7.15,4,2,32,0.5,0.7,5.6,40,52
9,3.096989967,-9.659359013,7,30,2,7.15,4,2,32,0.5,0.7,5.6,40,52
9,3.107023411,-9.598840759,7,30,2,7.15,4,2,32,0.5,0.7,5.6,40,52
9,3.117056856,-9.537941089,7,30,2,7.15,4,2,32,0.5,0.7,5.6,40,52
9,3.127090301,-9.476743266,7,30,2,7.15,4,2,32,0.5,0.7,5.6,40,52
9,3.137123746,-9.415296285,7,30,2,7.15,4,2,32,0.5,0.7,5.6,40,52
9,3.147157191,-9.353661122,7,30,2,7.15,4,2,32,0.5,0.7,5.6,40,52
9,3.157190635,-9.291890375,7,30,2,7.15,4,2,32,0.5,0.7,5.6,40,52
9,3.16722408,-9.230030546,7,30,2,7.15,4,2,32,0.5,0.7,5.6,40,52
9,3.177257525,-9.168128117,7,30,2,7.15,4,2,32,0.5,0.7,5.6,40,52
9,3.18729097,-9.106226149,7,30,2,7.15,4,2,32,0.5,0.7,5.6,40,52
9,3.197324415,-9.044361764,7,30,2,7.15,4,2,32,0.5,0.7,5.6,40,52
9,3.20735786,-8.982572128,7,30,2,7.15,4,2,32,0.5,0.7,5.6,40,52
9,3.217391304,-8.920889366,7,30,2,7.15,4,2,32,0.5,0.7,5.6,40,52
9,3.227424749,-8.859340805,7,30,2,7.15,4,2,32,0.5,0.7,5.6,40,52
9,3.237458194,-8.797960718,7,30,2,7.15,4,2,32,0.5,0.7,5.6,40,52
9,3.247491639,-8.736761919,7,30,2,7.15,4,2,32,0.5,0.7,5.6,40,52
9,3.257525084,-8.675783357,7,30,2,7.15,4,2,32,0.5,0.7,5.6,40,52
9,3.267558528,-8.615027765,7,30,2,7.15,4,2,32,0.5,0.7,5.6,40,52
9,3.277591973,-8.554524591,7,30,2,7.15,4,2,32,0.5,0.7,5.6,40,52
9,3.287625418,-8.494284808,7,30,2,7.15,4,2,32,0.5,0.7,5.6,40,52
9,3.297658863,-8.434319696,7,30,2,7.15,4,2,32,0.5,0.7,5.6,40,52
9,3.307692308,-8.374650277,7,30,2,7.15,4,2,32,0.5,0.7,5.6,40,52
9,3.317725753,-8.315273678,7,30,2,7.15,4,2,32,0.5,0.7,5.6,40,52
9,3.327759197,-8.256214283,7,30,2,7.15,4,2,32,0.5,0.7,5.6,40,52
9,3.337792642,-8.197465837,7,30,2,7.15,4,2,32,0.5,0.7,5.6,40,52
9,3.347826087,-8.139042874,7,30,2,7.15,4,2,32,0.5,0.7,5.6,40,52
9,3.357859532,-8.080947626,7,30,2,7.15,4,2,32,0.5,0.7,5.6,40,52
9,3.367892977,-8.023178818,7,30,2,7.15,4,2,32,0.5,0.7,5.6,40,52
9,3.377926421,-7.965751678,7,30,2,7.15,4,2,32,0.5,0.7,5.6,40,52
9,3.387959866,-7.908651987,7,30,2,7.15,4,2,32,0.5,0.7,5.6,40,52
9,3.397993311,-7.851896882,7,30,2,7.15,4,2,32,0.5,0.7,5.6,40,52
9,3.408026756,-7.795473463,7,30,2,7.15,4,2,32,0.5,0.7,5.6,40,52
9,3.418060201,-7.739388098,7,30,2,7.15,4,2,32,0.5,0.7,5.6,40,52
9,3.428093645,-7.683638642,7,30,2,7.15,4,2,32,0.5,0.7,5.6,40,52
9,3.43812709,-7.628217207,7,30,2,7.15,4,2,32,0.5,0.7,5.6,40,52
9,3.448160535,-7.573135232,7,30,2,7.15,4,2,32,0.5,0.7,5.6,40,52
9,3.45819398,-7.518375047,7,30,2,7.15,4,2,32,0.5,0.7,5.6,40,52
9,3.468227425,-7.463948966,7,30,2,7.15,4,2,32,0.5,0.7,5.6,40,52
9,3.47826087,-7.40984179,7,30,2,7.15,4,2,32,0.5,0.7,5.6,40,52
9,3.488294314,-7.35605679,7,30,2,7.15,4,2,32,0.5,0.7,5.6,40,52
9,3.498327759,-7.302590477,7,30,2,7.15,4,2,32,0.5,0.7,5.6,40,52
9,3.508361204,-7.249433324,7,30,2,7.15,4,2,32,0.5,0.7,5.6,40,52
9,3.518394649,-7.196596985,7,30,2,7.15,4,2,32,0.5,0.7,5.6,40,52
9,3.528428094,-7.144059589,7,30,2,7.15,4,2,32,0.5,0.7,5.6,40,52
9,3.538461538,-7.091836318,7,30,2,7.15,4,2,32,0.5,0.7,5.6,40,52
9,3.548494983,-7.03991147,7,30,2,7.15,4,2,32,0.5,0.7,5.6,40,52
9,3.558528428,-6.988287452,7,30,2,7.15,4,2,32,0.5,0.7,5.6,40,52
9,3.568561873,-6.936964134,7,30,2,7.15,4,2,32,0.5,0.7,5.6,40,52
9,3.578595318,-6.885931092,7,30,2,7.15,4,2,32,0.5,0.7,5.6,40,52
9,3.588628763,-6.835203224,7,30,2,7.15,4,2,32,0.5,0.7,5.6,40,52
9,3.598662207,-6.784760006,7,30,2,7.15,4,2,32,0.5,0.7,5.6,40,52
9,3.608695652,-6.734617027,7,30,2,7.15,4,2,32,0.5,0.7,5.6,40,52
9,3.618729097,-6.684763642,7,30,2,7.15,4,2,32,0.5,0.7,5.6,40,52
9,3.628762542,-6.635204635,7,30,2,7.15,4,2,32,0.5,0.7,5.6,40,52
9,3.638795987,-6.58594243,7,30,2,7.15,4,2,32,0.5,0.7,5.6,40,52
9,3.648829431,-6.536969438,7,30,2,7.15,4,2,32,0.5,0.7,5.6,40,52
9,3.658862876,-6.488304084,7,30,2,7.15,4,2,32,0.5,0.7,5.6,40,52
9,3.668896321,-6.439930279,7,30,2,7.15,4,2,32,0.5,0.7,5.6,40,52
9,3.678929766,-6.391867663,7,30,2,7.15,4,2,32,0.5,0.7,5.6,40,52
9,3.688963211,-6.344108427,7,30,2,7.15,4,2,32,0.5,0.7,5.6,40,52
9,3.698996656,-6.29665992,7,30,2,7.15,4,2,32,0.5,0.7,5.6,40,52
9,3.7090301,-6.249531998,7,30,2,7.15,4,2,32,0.5,0.7,5.6,40,52
9,3.719063545,-6.202719243,7,30,2,7.15,4,2,32,0.5,0.7,5.6,40,52
9,3.72909699,-6.156247505,7,30,2,7.15,4,2,32,0.5,0.7,5.6,40,52
9,3.739130435,-6.110102004,7,30,2,7.15,4,2,32,0.5,0.7,5.6,40,52
9,3.74916388,-6.064308114,7,30,2,7.15,4,2,32,0.5,0.7,5.6,40,52
9,3.759197324,-6.018862115,7,30,2,7.15,4,2,32,0.5,0.7,5.6,40,52
9,3.769230769,-5.973778104,7,30,2,7.15,4,2,32,0.5,0.7,5.6,40,52
9,3.779264214,-5.92906773,7,30,2,7.15,4,2,32,0.5,0.7,5.6,40,52
9,3.789297659,-5.884732064,7,30,2,7.15,4,2,32,0.5,0.7,5.6,40,52
9,3.799331104,-5.8408007,7,30,2,7.15,4,2,32,0.5,0.7,5.6,40,52
9,3.809364548,-5.797262928,7,30,2,7.15,4,2,32,0.5,0.7,5.6,40,52
9,3.819397993,-5.754149634,7,30,2,7.15,4,2,32,0.5,0.7,5.6,40,52
9,3.829431438,-5.711460985,7,30,2,7.15,4,2,32,0.5,0.7,5.6,40,52
9,3.839464883,-5.669215188,7,30,2,7.15,4,2,32,0.5,0.7,5.6,40,52
9,3.849498328,-5.627431387,7,30,2,7.15,4,2,32,0.5,0.7,5.6,40,52
9,3.859531773,-5.586107271,7,30,2,7.15,4,2,32,0.5,0.7,5.6,40,52
9,3.869565217,-5.545287126,7,30,2,7.15,4,2,32,0.5,0.7,5.6,40,52
9,3.879598662,-5.504955294,7,30,2,7.15,4,2,32,0.5,0.7,5.6,40,52
9,3.889632107,-5.465151327,7,30,2,7.15,4,2,32,0.5,0.7,5.6,40,52
9,3.899665552,-5.425877847,7,30,2,7.15,4,2,32,0.5,0.7,5.6,40,52
9,3.909698997,-5.387152717,7,30,2,7.15,4,2,32,0.5,0.7,5.6,40,52
9,3.919732441,-5.349006874,7,30,2,7.15,4,2,32,0.5,0.7,5.6,40,52
9,3.929765886,-5.311431118,7,30,2,7.15,4,2,32,0.5,0.7,5.6,40,52
9,3.939799331,-5.274481981,7,30,2,7.15,4,2,32,0.5,0.7,5.6,40,52
9,3.949832776,-5.238140067,7,30,2,7.15,4,2,32,0.5,0.7,5.6,40,52
9,3.959866221,-5.202450392,7,30,2,7.15,4,2,32,0.5,0.7,5.6,40,52
9,3.969899666,-5.167416927,7,30,2,7.15,4,2,32,0.5,0.7,5.6,40,52
9,3.97993311,-5.133059608,7,30,2,7.15,4,2,32,0.5,0.7,5.6,40,52
9,3.989966555,-5.099413115,7,30,2,7.15,4,2,32,0.5,0.7,5.6,40,52
9,4,-5.066464627,7,30,2,7.15,4,2,32,0.5,0.7,5.6,40,52
10,1,-0.425104718,10,30,2,2.15,4,2,32,0.5,0.7,8.6,40,52
10,1.010033445,-0.434416068,10,30,2,2.15,4,2,32,0.5,0.7,8.6,40,52
10,1.02006689,-0.444219267,10,30,2,2.15,4,2,32,0.5,0.7,8.6,40,52
10,1.030100334,-0.454566688,10,30,2,2.15,4,2,32,0.5,0.7,8.6,40,52
10,1.040133779,-0.465447749,10,30,2,2.15,4,2,32,0.5,0.7,8.6,40,52
10,1.050167224,-0.47690552,10,30,2,2.15,4,2,32,0.5,0.7,8.6,40,52
10,1.060200669,-0.488928465,10,30,2,2.15,4,2,32,0.5,0.7,8.6,40,52
10,1.070234114,-0.501545164,10,30,2,2.15,4,2,32,0.5,0.7,8.6,40,52
10,1.080267559,-0.514764304,10,30,2,2.15,4,2,32,0.5,0.7,8.6,40,52
10,1.090301003,-0.528590137,10,30,2,2.15,4,2,32,0.5,0.7,8.6,40,52
10,1.100334448,-0.543058493,10,30,2,2.15,4,2,32,0.5,0.7,8.6,40,52
10,1.110367893,-0.558147469,10,30,2,2.15,4,2,32,0.5,0.7,8.6,40,52
10,1.120401338,-0.573905934,10,30,2,2.15,4,2,32,0.5,0.7,8.6,40,52
10,1.130434783,-0.590314135,10,30,2,2.15,4,2,32,0.5,0.7,8.6,40,52
10,1.140468227,-0.60739944,10,30,2,2.15,4,2,32,0.5,0.7,8.6,40,52
10,1.150501672,-0.625171171,10,30,2,2.15,4,2,32,0.5,0.7,8.6,40,52
10,1.160535117,-0.643625734,10,30,2,2.15,4,2,32,0.5,0.7,8.6,40,52
10,1.170568562,-0.662803547,10,30,2,2.15,4,2,32,0.5,0.7,8.6,40,52
10,1.180602007,-0.682675777,10,30,2,2.15,4,2,32,0.5,0.7,8.6,40,52
10,1.190635452,-0.703289278,10,30,2,2.15,4,2,32,0.5,0.7,8.6,40,52
10,1.200668896,-0.724623551,10,30,2,2.15,4,2,32,0.5,0.7,8.6,40,52
10,1.210702341,-0.74670104,10,30,2,2.15,4,2,32,0.5,0.7,8.6,40,52
10,1.220735786,-0.769532389,10,30,2,2.15,4,2,32,0.5,0.7,8.6,40,52
10,1.230769231,-0.793109054,10,30,2,2.15,4,2,32,0.5,0.7,8.6,40,52
10,1.240802676,-0.817472583,10,30,2,2.15,4,2,32,0.5,0.7,8.6,40,52
10,1.25083612,-0.842589786,10,30,2,2.15,4,2,32,0.5,0.7,8.6,40,52
10,1.260869565,-0.868507041,10,30,2,2.15,4,2,32,0.5,0.7,8.6,40,52
10,1.27090301,-0.895201391,10,30,2,2.15,4,2,32,0.5,0.7,8.6,40,52
10,1.280936455,-0.922693745,10,30,2,2.15,4,2,32,0.5,0.7,8.6,40,52
10,1.2909699,-0.950995584,10,30,2,2.15,4,2,32,0.5,0.7,8.6,40,52
10,1.301003344,-0.980091198,10,30,2,2.15,4,2,32,0.5,0.7,8.6,40,52
10,1.311036789,-1.01002694,10,30,2,2.15,4,2,32,0.5,0.7,8.6,40,52
10,1.321070234,-1.04076356,10,30,2,2.15,4,2,32,0.5,0.7,8.6,40,52
10,1.331103679,-1.072348342,10,30,2,2.15,4,2,32,0.5,0.7,8.6,40,52
10,1.341137124,-1.104757536,10,30,2,2.15,4,2,32,0.5,0.7,8.6,40,52
10,1.351170569,-1.138008277,10,30,2,2.15,4,2,32,0.5,0.7,8.6,40,52
10,1.361204013,-1.172114555,10,30,2,2.15,4,2,32,0.5,0.7,8.6,40,52
10,1.371237458,-1.207055321,10,30,2,2.15,4,2,32,0.5,0.7,8.6,40,52
10,1.381270903,-1.242881466,10,30,2,2.15,4,2,32,0.5,0.7,8.6,40,52
10,1.391304348,-1.279547609,10,30,2,2.15,4,2,32,0.5,0.7,8.6,40,52
10,1.401337793,-1.317102331,10,30,2,2.15,4,2,32,0.5,0.7,8.6,40,52
10,1.411371237,-1.355521253,10,30,2,2.15,4,2,32,0.5,0.7,8.6,40,52
10,1.421404682,-1.394820742,10,30,2,2.15,4,2,32,0.5,0.7,8.6,40,52
10,1.431438127,-1.435014068,10,30,2,2.15,4,2,32,0.5,0.7,8.6,40,52
10,1.441471572,-1.476077847,10,30,2,2.15,4,2,32,0.5,0.7,8.6,40,52
10,1.451505017,-1.518064866,10,30,2,2.15,4,2,32,0.5,0.7,8.6,40,52
10,1.461538462,-1.560927268,10,30,2,2.15,4,2,32,0.5,0.7,8.6,40,52
10,1.471571906,-1.604713896,10,30,2,2.15,4,2,32,0.5,0.7,8.6,40,52
10,1.481605351,-1.649400645,10,30,2,2.15,4,2,32,0.5,0.7,8.6,40,52
10,1.491638796,-1.694999638,10,30,2,2.15,4,2,32,0.5,0.7,8.6,40,52
10,1.501672241,-1.741530289,10,30,2,2.15,4,2,32,0.5,0.7,8.6,40,52
10,1.511705686,-1.788961176,10,30,2,2.15,4,2,32,0.5,0.7,8.6,40,52
10,1.52173913,-1.837352776,10,30,2,2.15,4,2,32,0.5,0.7,8.6,40,52
10,1.531772575,-1.886651478,10,30,2,2.15,4,2,32,0.5,0.7,8.6,40,52
10,1.54180602,-1.936906242,10,30,2,2.15,4,2,32,0.5,0.7,8.6,40,52
10,1.551839465,-1.988095474,10,30,2,2.15,4,2,32,0.5,0.7,8.6,40,52
10,1.56187291,-2.040227632,10,30,2,2.15,4,2,32,0.5,0.7,8.6,40,52
10,1.571906355,-2.093324035,10,30,2,2.15,4,2,32,0.5,0.7,8.6,40,52
10,1.581939799,-2.147352999,10,30,2,2.15,4,2,32,0.5,0.7,8.6,40,52
10,1.591973244,-2.202374206,10,30,2,2.15,4,2,32,0.5,0.7,8.6,40,52
10,1.602006689,-2.25833498,10,30,2,2.15,4,2,32,0.5,0.7,8.6,40,52
10,1.612040134,-2.315282465,10,30,2,2.15,4,2,32,0.5,0.7,8.6,40,52
10,1.622073579,-2.37319453,10,30,2,2.15,4,2,32,0.5,0.7,8.6,40,52
10,1.632107023,-2.432082866,10,30,2,2.15,4,2,32,0.5,0.7,8.6,40,52
10,1.642140468,-2.491966156,10,30,2,2.15,4,2,32,0.5,0.7,8.6,40,52
10,1.652173913,-2.552810457,10,30,2,2.15,4,2,32,0.5,0.7,8.6,40,52
10,1.662207358,-2.614681885,10,30,2,2.15,4,2,32,0.5,0.7,8.6,40,52
10,1.672240803,-2.677520568,10,30,2,2.15,4,2,32,0.5,0.7,8.6,40,52
10,1.682274247,-2.741375941,10,30,2,2.15,4,2,32,0.5,0.7,8.6,40,52
10,1.692307692,-2.806229677,10,30,2,2.15,4,2,32,0.5,0.7,8.6,40,52
10,1.702341137,-2.872085501,10,30,2,2.15,4,2,32,0.5,0.7,8.6,40,52
10,1.712374582,-2.938969724,10,30,2,2.15,4,2,32,0.5,0.7,8.6,40,52
10,1.722408027,-3.006843866,10,30,2,2.15,4,2,32,0.5,0.7,8.6,40,52
10,1.732441472,-3.07577371,10,30,2,2.15,4,2,32,0.5,0.7,8.6,40,52
10,1.742474916,-3.145701996,10,30,2,2.15,4,2,32,0.5,0.7,8.6,40,52
10,1.752508361,-3.216675142,10,30,2,2.15,4,2,32,0.5,0.7,8.6,40,52
10,1.762541806,-3.288673989,10,30,2,2.15,4,2,32,0.5,0.7,8.6,40,52
10,1.772575251,-3.361701923,10,30,2,2.15,4,2,32,0.5,0.7,8.6,40,52
10,1.782608696,-3.43578708,10,30,2,2.15,4,2,32,0.5,0.7,8.6,40,52
10,1.79264214,-3.510888099,10,30,2,2.15,4,2,32,0.5,0.7,8.6,40,52
10,1.802675585,-3.587072493,10,30,2,2.15,4,2,32,0.5,0.7,8.6,40,52
10,1.81270903,-3.664278976,10,30,2,2.15,4,2,32,0.5,0.7,8.6,40,52
10,1.822742475,-3.742554196,10,30,2,2.15,4,2,32,0.5,0.7,8.6,40,52
10,1.83277592,-3.821880985,10,30,2,2.15,4,2,32,0.5,0.7,8.6,40,52
10,1.842809365,-3.902257307,10,30,2,2.15,4,2,32,0.5,0.7,8.6,40,52
10,1.852842809,-3.983713929,10,30,2,2.15,4,2,32,0.5,0.7,8.6,40,52
10,1.862876254,-4.066204447,10,30,2,2.15,4,2,32,0.5,0.7,8.6,40,52
10,1.872909699,-4.149797337,10,30,2,2.15,4,2,32,0.5,0.7,8.6,40,52
10,1.882943144,-4.234431599,10,30,2,2.15,4,2,32,0.5,0.7,8.6,40,52
10,1.892976589,-4.320145984,10,30,2,2.15,4,2,32,0.5,0.7,8.6,40,52
10,1.903010033,-4.406927516,10,30,2,2.15,4,2,32,0.5,0.7,8.6,40,52
10,1.913043478,-4.494769157,10,30,2,2.15,4,2,32,0.5,0.7,8.6,40,52
10,1.923076923,-4.583699721,10,30,2,2.15,4,2,32,0.5,0.7,8.6,40,52
10,1.933110368,-4.673671348,10,30,2,2.15,4,2,32,0.5,0.7,8.6,40,52
10,1.943143813,-4.764746009,10,30,2,2.15,4,2,32,0.5,0.7,8.6,40,52
10,1.953177258,-4.856863447,10,30,2,2.15,4,2,32,0.5,0.7,8.6,40,52
10,1.963210702,-4.950056103,10,30,2,2.15,4,2,32,0.5,0.7,8.6,40,52
10,1.973244147,-5.044309599,10,30,2,2.15,4,2,32,0.5,0.7,8.6,40,52
10,1.983277592,-5.139610098,10,30,2,2.15,4,2,32,0.5,0.7,8.6,40,52
10,1.993311037,-5.235988033,10,30,2,2.15,4,2,32,0.5,0.7,8.6,40,52
10,2.003344482,-5.333383888,10,30,2,2.15,4,2,32,0.5,0.7,8.6,40,52
10,2.013377926,-5.431857574,10,30,2,2.15,4,2,32,0.5,0.7,8.6,40,52
10,2.023411371,-5.531342902,10,30,2,2.15,4,2,32,0.5,0.7,8.6,40,52
10,2.033444816,-5.631866541,10,30,2,2.15,4,2,32,0.5,0.7,8.6,40,52
10,2.043478261,-5.733406743,10,30,2,2.15,4,2,32,0.5,0.7,8.6,40,52
10,2.053511706,-5.835944014,10,30,2,2.15,4,2,32,0.5,0.7,8.6,40,52
10,2.063545151,-5.939497113,10,30,2,2.15,4,2,32,0.5,0.7,8.6,40,52
10,2.073578595,-6.044005569,10,30,2,2.15,4,2,32,0.5,0.7,8.6,40,52
10,2.08361204,-6.149511392,10,30,2,2.15,4,2,32,0.5,0.7,8.6,40,52
10,2.093645485,-6.255945321,10,30,2,2.15,4,2,32,0.5,0.7,8.6,40,52
10,2.10367893,-6.36332162,10,30,2,2.15,4,2,32,0.5,0.7,8.6,40,52
10,2.113712375,-6.471607246,10,30,2,2.15,4,2,32,0.5,0.7,8.6,40,52
10,2.123745819,-6.580771929,10,30,2,2.15,4,2,32,0.5,0.7,8.6,40,52
10,2.133779264,-6.690820171,10,30,2,2.15,4,2,32,0.5,0.7,8.6,40,52
10,2.143812709,-6.8016817,10,30,2,2.15,4,2,32,0.5,0.7,8.6,40,52
10,2.153846154,-6.913373575,10,30,2,2.15,4,2,32,0.5,0.7,8.6,40,52
10,2.163879599,-7.02582529,10,30,2,2.15,4,2,32,0.5,0.7,8.6,40,52
10,2.173913043,-7.139021773,10,30,2,2.15,4,2,32,0.5,0.7,8.6,40,52
10,2.183946488,-7.252919696,10,30,2,2.15,4,2,32,0.5,0.7,8.6,40,52
10,2.193979933,-7.367469301,10,30,2,2.15,4,2,32,0.5,0.7,8.6,40,52
10,2.204013378,-7.482647257,10,30,2,2.15,4,2,32,0.5,0.7,8.6,40,52
10,2.214046823,-7.598377411,10,30,2,2.15,4,2,32,0.5,0.7,8.6,40,52
10,2.224080268,-7.714633505,10,30,2,2.15,4,2,32,0.5,0.7,8.6,40,52
10,2.234113712,-7.83134061,10,30,2,2.15,4,2,32,0.5,0.7,8.6,40,52
10,2.244147157,-7.948445124,10,30,2,2.15,4,2,32,0.5,0.7,8.6,40,52
10,2.254180602,-8.065881204,10,30,2,2.15,4,2,32,0.5,0.7,8.6,40,52
10,2.264214047,-8.183576801,10,30,2,2.15,4,2,32,0.5,0.7,8.6,40,52
10,2.274247492,-8.301461636,10,30,2,2.15,4,2,32,0.5,0.7,8.6,40,52
10,2.284280936,-8.419453169,10,30,2,2.15,4,2,32,0.5,0.7,8.6,40,52
10,2.294314381,-8.537464426,10,30,2,2.15,4,2,32,0.5,0.7,8.6,40,52
10,2.304347826,-8.655410698,10,30,2,2.15,4,2,32,0.5,0.7,8.6,40,52
10,2.314381271,-8.773190517,10,30,2,2.15,4,2,32,0.5,0.7,8.6,40,52
10,2.324414716,-8.890703212,10,30,2,2.15,4,2,32,0.5,0.7,8.6,40,52
10,2.334448161,-9.00784814,10,30,2,2.15,4,2,32,0.5,0.7,8.6,40,52
10,2.344481605,-9.124494506,10,30,2,2.15,4,2,32,0.5,0.7,8.6,40,52
10,2.35451505,-9.240550538,10,30,2,2.15,4,2,32,0.5,0.7,8.6,40,52
10,2.364548495,-9.355852861,10,30,2,2.15,4,2,32,0.5,0.7,8.6,40,52
10,2.37458194,-9.470305638,10,30,2,2.15,4,2,32,0.5,0.7,8.6,40,52
10,2.384615385,-9.583751256,10,30,2,2.15,4,2,32,0.5,0.7,8.6,40,52
10,2.394648829,-9.696046362,10,30,2,2.15,4,2,32,0.5,0.7,8.6,40,52
10,2.404682274,-9.807070764,10,30,2,2.15,4,2,32,0.5,0.7,8.6,40,52
10,2.414715719,-9.916607673,10,30,2,2.15,4,2,32,0.5,0.7,8.6,40,52
10,2.424749164,-10.02457758,10,30,2,2.15,4,2,32,0.5,0.7,8.6,40,52
10,2.434782609,-10.13073794,10,30,2,2.15,4,2,32,0.5,0.7,8.6,40,52
10,2.444816054,-10.23498326,10,30,2,2.15,4,2,32,0.5,0.7,8.6,40,52
10,2.454849498,-10.3371169,10,30,2,2.15,4,2,32,0.5,0.7,8.6,40,52
10,2.464882943,-10.43694833,10,30,2,2.15,4,2,32,0.5,0.7,8.6,40,52
10,2.474916388,-10.53437121,10,30,2,2.15,4,2,32,0.5,0.7,8.6,40,52
10,2.484949833,-10.62908192,10,30,2,2.15,4,2,32,0.5,0.7,8.6,40,52
10,2.494983278,-10.72105524,10,30,2,2.15,4,2,32,0.5,0.7,8.6,40,52
10,2.505016722,-10.80997688,10,30,2,2.15,4,2,32,0.5,0.7,8.6,40,52
10,2.515050167,-10.89577678,10,30,2,2.15,4,2,32,0.5,0.7,8.6,40,52
10,2.525083612,-10.97824779,10,30,2,2.15,4,2,32,0.5,0.7,8.6,40,52
10,2.535117057,-11.05719043,10,30,2,2.15,4,2,32,0.5,0.7,8.6,40,52
10,2.545150502,-11.13256283,10,30,2,2.15,4,2,32,0.5,0.7,8.6,40,52
10,2.555183946,-11.20401229,10,30,2,2.15,4,2,32,0.5,0.7,8.6,40,52
10,2.565217391,-11.27162424,10,30,2,2.15,4,2,32,0.5,0.7,8.6,40,52
10,2.575250836,-11.335074,10,30,2,2.15,4,2,32,0.5,0.7,8.6,40,52
10,2.585284281,-11.3943711,10,30,2,2.15,4,2,32,0.5,0.7,8.6,40,52
10,2.595317726,-11.44936784,10,30,2,2.15,4,2,32,0.5,0.7,8.6,40,52
10,2.605351171,-11.49991412,10,30,2,2.15,4,2,32,0.5,0.7,8.6,40,52
10,2.615384615,-11.54608439,10,30,2,2.15,4,2,32,0.5,0.7,8.6,40,52
10,2.62541806,-11.58756103,10,30,2,2.15,4,2,32,0.5,0.7,8.6,40,52
10,2.635451505,-11.62456859,10,30,2,2.15,4,2,32,0.5,0.7,8.6,40,52
10,2.64548495,-11.65686125,10,30,2,2.15,4,2,32,0.5,0.7,8.6,40,52
10,2.655518395,-11.68455822,10,30,2,2.15,4,2,32,0.5,0.7,8.6,40,52
10,2.665551839,-11.7076276,10,30,2,2.15,4,2,32,0.5,0.7,8.6,40,52
10,2.675585284,-11.72602347,10,30,2,2.15,4,2,32,0.5,0.7,8.6,40,52
10,2.685618729,-11.73994645,10,30,2,2.15,4,2,32,0.5,0.7,8.6,40,52
10,2.695652174,-11.74918424,10,30,2,2.15,4,2,32,0.5,0.7,8.6,40,52
10,2.705685619,-11.75408256,10,30,2,2.15,4,2,32,0.5,0.7,8.6,40,52
10,2.715719064,-11.75451895,10,30,2,2.15,4,2,32,0.5,0.7,8.6,40,52
10,2.725752508,-11.7507096,10,30,2,2.15,4,2,32,0.5,0.7,8.6,40,52
10,2.735785953,-11.74273753,10,30,2,2.15,4,2,32,0.5,0.7,8.6,40,52
10,2.745819398,-11.73065885,10,30,2,2.15,4,2,32,0.5,0.7,8.6,40,52
10,2.755852843,-11.71475565,10,30,2,2.15,4,2,32,0.5,0.7,8.6,40,52
10,2.765886288,-11.69493555,10,30,2,2.15,4,2,32,0.5,0.7,8.6,40,52
10,2.775919732,-11.67157971,10,30,2,2.15,4,2,32,0.5,0.7,8.6,40,52
10,2.785953177,-11.64468239,10,30,2,2.15,4,2,32,0.5,0.7,8.6,40,52
10,2.795986622,-11.61448766,10,30,2,2.15,4,2,32,0.5,0.7,8.6,40,52
10,2.806020067,-11.58114682,10,30,2,2.15,4,2,32,0.5,0.7,8.6,40,52
10,2.816053512,-11.54476775,10,30,2,2.15,4,2,32,0.5,0.7,8.6,40,52
10,2.826086957,-11.50563406,10,30,2,2.15,4,2,32,0.5,0.7,8.6,40,52
10,2.836120401,-11.46374261,10,30,2,2.15,4,2,32,0.5,0.7,8.6,40,52
10,2.846153846,-11.41942334,10,30,2,2.15,4,2,32,0.5,0.7,8.6,40,52
10,2.856187291,-11.37273475,10,30,2,2.15,4,2,32,0.5,0.7,8.6,40,52
10,2.866220736,-11.323889,10,30,2,2.15,4,2,32,0.5,0.7,8.6,40,52
10,2.876254181,-11.27304368,10,30,2,2.15,4,2,32,0.5,0.7,8.6,40,52
10,2.886287625,-11.22030884,10,30,2,2.15,4,2,32,0.5,0.7,8.6,40,52
10,2.89632107,-11.16591151,10,30,2,2.15,4,2,32,0.5,0.7,8.6,40,52
10,2.906354515,-11.1098914,10,30,2,2.15,4,2,32,0.5,0.7,8.6,40,52
10,2.91638796,-11.05248469,10,30,2,2.15,4,2,32,0.5,0.7,8.6,40,52
10,2.926421405,-10.99376665,10,30,2,2.15,4,2,32,0.5,0.7,8.6,40,52
10,2.936454849,-10.9338911,10,30,2,2.15,4,2,32,0.5,0.7,8.6,40,52
10,2.946488294,-10.87297679,10,30,2,2.15,4,2,32,0.5,0.7,8.6,40,52
10,2.956521739,-10.81111911,10,30,2,2.15,4,2,32,0.5,0.7,8.6,40,52
10,2.966555184,-10.74846535,10,30,2,2.15,4,2,32,0.5,0.7,8.6,40,52
10,2.976588629,-10.6850678,10,30,2,2.15,4,2,32,0.5,0.7,8.6,40,52
10,2.986622074,-10.62106913,10,30,2,2.15,4,2,32,0.5,0.7,8.6,40,52
10,2.996655518,-10.55653225,10,30,2,2.15,4,2,32,0.5,0.7,8.6,40,52
10,3.006688963,-10.49155614,10,30,2,2.15,4,2,32,0.5,0.7,8.6,40,52
10,3.016722408,-10.42621511,10,30,2,2.15,4,2,32,0.5,0.7,8.6,40,52
10,3.026755853,-10.36057763,10,30,2,2.15,4,2,32,0.5,0.7,8.6,40,52
10,3.036789298,-10.29472316,10,30,2,2.15,4,2,32,0.5,0.7,8.6,40,52
10,3.046822742,-10.22870295,10,30,2,2.15,4,2,32,0.5,0.7,8.6,40,52
10,3.056856187,-10.16258092,10,30,2,2.15,4,2,32,0.5,0.7,8.6,40,52
10,3.066889632,-10.09640769,10,30,2,2.15,4,2,32,0.5,0.7,8.6,40,52
10,3.076923077,-10.03023456,10,30,2,2.15,4,2,32,0.5,0.7,8.6,40,52
10,3.086956522,-9.964100571,10,30,2,2.15,4,2,32,0.5,0.7,8.6,40,52
10,3.096989967,-9.898052963,10,30,2,2.15,4,2,32,0.5,0.7,8.6,40,52
10,3.107023411,-9.83211702,10,30,2,2.15,4,2,32,0.5,0.7,8.6,40,52
10,3.117056856,-9.766337562,10,30,2,2.15,4,2,32,0.5,0.7,8.6,40,52
10,3.127090301,-9.700733816,10,30,2,2.15,4,2,32,0.5,0.7,8.6,40,52
10,3.137123746,-9.635336899,10,30,2,2.15,4,2,32,0.5,0.7,8.6,40,52
10,3.147157191,-9.570167707,10,30,2,2.15,4,2,32,0.5,0.7,8.6,40,52
10,3.157190635,-9.505241071,10,30,2,2.15,4,2,32,0.5,0.7,8.6,40,52
10,3.16722408,-9.440585654,10,30,2,2.15,4,2,32,0.5,0.7,8.6,40,52
10,3.177257525,-9.376199567,10,30,2,2.15,4,2,32,0.5,0.7,8.6,40,52
10,3.18729097,-9.312116154,10,30,2,2.15,4,2,32,0.5,0.7,8.6,40,52
10,3.197324415,-9.248325821,10,30,2,2.15,4,2,32,0.5,0.7,8.6,40,52
10,3.20735786,-9.184850211,10,30,2,2.15,4,2,32,0.5,0.7,8.6,40,52
10,3.217391304,-9.121689004,10,30,2,2.15,4,2,32,0.5,0.7,8.6,40,52
10,3.227424749,-9.058846167,10,30,2,2.15,4,2,32,0.5,0.7,8.6,40,52
10,3.237458194,-8.996336157,10,30,2,2.15,4,2,32,0.5,0.7,8.6,40,52
10,3.247491639,-8.934143089,10,30,2,2.15,4,2,32,0.5,0.7,8.6,40,52
10,3.257525084,-8.872291494,10,30,2,2.15,4,2,32,0.5,0.7,8.6,40,52
10,3.267558528,-8.810760077,10,30,2,2.15,4,2,32,0.5,0.7,8.6,40,52
10,3.277591973,-8.749561545,10,30,2,2.15,4,2,32,0.5,0.7,8.6,40,52
10,3.287625418,-8.688688377,10,30,2,2.15,4,2,32,0.5,0.7,8.6,40,52
10,3.297658863,-8.628137874,10,30,2,2.15,4,2,32,0.5,0.7,8.6,40,52
10,3.307692308,-8.567916044,10,30,2,2.15,4,2,32,0.5,0.7,8.6,40,52
10,3.317725753,-8.508004534,10,30,2,2.15,4,2,32,0.5,0.7,8.6,40,52
10,3.327759197,-8.448418693,10,30,2,2.15,4,2,32,0.5,0.7,8.6,40,52
10,3.337792642,-8.389139256,10,30,2,2.15,4,2,32,0.5,0.7,8.6,40,52
10,3.347826087,-8.330171419,10,30,2,2.15,4,2,32,0.5,0.7,8.6,40,52
10,3.357859532,-8.271508837,10,30,2,2.15,4,2,32,0.5,0.7,8.6,40,52
10,3.367892977,-8.213145104,10,30,2,2.15,4,2,32,0.5,0.7,8.6,40,52
10,3.377926421,-8.155084665,10,30,2,2.15,4,2,32,0.5,0.7,8.6,40,52
10,3.387959866,-8.097312322,10,30,2,2.15,4,2,32,0.5,0.7,8.6,40,52
10,3.397993311,-8.039839154,10,30,2,2.15,4,2,32,0.5,0.7,8.6,40,52
10,3.408026756,-7.982650072,10,30,2,2.15,4,2,32,0.5,0.7,8.6,40,52
10,3.418060201,-7.925749407,10,30,2,2.15,4,2,32,0.5,0.7,8.6,40,52
10,3.428093645,-7.869133963,10,30,2,2.15,4,2,32,0.5,0.7,8.6,40,52
10,3.43812709,-7.81279741,10,30,2,2.15,4,2,32,0.5,0.7,8.6,40,52
10,3.448160535,-7.756750283,10,30,2,2.15,4,2,32,0.5,0.7,8.6,40,52
10,3.45819398,-7.700978026,10,30,2,2.15,4,2,32,0.5,0.7,8.6,40,52
10,3.468227425,-7.645495097,10,30,2,2.15,4,2,32,0.5,0.7,8.6,40,52
10,3.47826087,-7.590290929,10,30,2,2.15,4,2,32,0.5,0.7,8.6,40,52
10,3.488294314,-7.535371481,10,30,2,2.15,4,2,32,0.5,0.7,8.6,40,52
10,3.498327759,-7.480741377,10,30,2,2.15,4,2,32,0.5,0.7,8.6,40,52
10,3.508361204,-7.426396627,10,30,2,2.15,4,2,32,0.5,0.7,8.6,40,52
10,3.518394649,-7.37235345,10,30,2,2.15,4,2,32,0.5,0.7,8.6,40,52
10,3.528428094,-7.318599946,10,30,2,2.15,4,2,32,0.5,0.7,8.6,40,52
10,3.538461538,-7.265158635,10,30,2,2.15,4,2,32,0.5,0.7,8.6,40,52
10,3.548494983,-7.212022191,10,30,2,2.15,4,2,32,0.5,0.7,8.6,40,52
10,3.558528428,-7.159202216,10,30,2,2.15,4,2,32,0.5,0.7,8.6,40,52
10,3.568561873,-7.106709383,10,30,2,2.15,4,2,32,0.5,0.7,8.6,40,52
10,3.578595318,-7.054542062,10,30,2,2.15,4,2,32,0.5,0.7,8.6,40,52
10,3.588628763,-7.002727267,10,30,2,2.15,4,2,32,0.5,0.7,8.6,40,52
10,3.598662207,-6.951254446,10,30,2,2.15,4,2,32,0.5,0.7,8.6,40,52
10,3.608695652,-6.900152512,10,30,2,2.15,4,2,32,0.5,0.7,8.6,40,52
10,3.618729097,-6.849420249,10,30,2,2.15,4,2,32,0.5,0.7,8.6,40,52
10,3.628762542,-6.799073047,10,30,2,2.15,4,2,32,0.5,0.7,8.6,40,52
10,3.638795987,-6.74912992,10,30,2,2.15,4,2,32,0.5,0.7,8.6,40,52
10,3.648829431,-6.699589634,10,30,2,2.15,4,2,32,0.5,0.7,8.6,40,52
10,3.658862876,-6.650490636,10,30,2,2.15,4,2,32,0.5,0.7,8.6,40,52
10,3.668896321,-6.601819909,10,30,2,2.15,4,2,32,0.5,0.7,8.6,40,52
10,3.678929766,-6.553618021,10,30,2,2.15,4,2,32,0.5,0.7,8.6,40,52
10,3.688963211,-6.505882214,10,30,2,2.15,4,2,32,0.5,0.7,8.6,40,52
10,3.698996656,-6.458638603,10,30,2,2.15,4,2,32,0.5,0.7,8.6,40,52
10,3.7090301,-6.411905363,10,30,2,2.15,4,2,32,0.5,0.7,8.6,40,52
10,3.719063545,-6.36568529,10,30,2,2.15,4,2,32,0.5,0.7,8.6,40,52
10,3.72909699,-6.320026587,10,30,2,2.15,4,2,32,0.5,0.7,8.6,40,52
10,3.739130435,-6.274912981,10,30,2,2.15,4,2,32,0.5,0.7,8.6,40,52
10,3.74916388,-6.230393204,10,30,2,2.15,4,2,32,0.5,0.7,8.6,40,52
10,3.759197324,-6.186464762,10,30,2,2.15,4,2,32,0.5,0.7,8.6,40,52
10,3.769230769,-6.143155966,10,30,2,2.15,4,2,32,0.5,0.7,8.6,40,52
10,3.779264214,-6.100492002,10,30,2,2.15,4,2,32,0.5,0.7,8.6,40,52
10,3.789297659,-6.058471421,10,30,2,2.15,4,2,32,0.5,0.7,8.6,40,52
10,3.799331104,-6.0171525,10,30,2,2.15,4,2,32,0.5,0.7,8.6,40,52
10,3.809364548,-5.976513438,10,30,2,2.15,4,2,32,0.5,0.7,8.6,40,52
10,3.819397993,-5.93660755,10,30,2,2.15,4,2,32,0.5,0.7,8.6,40,52
10,3.829431438,-5.897434084,10,30,2,2.15,4,2,32,0.5,0.7,8.6,40,52
10,3.839464883,-5.859019508,10,30,2,2.15,4,2,32,0.5,0.7,8.6,40,52
10,3.849498328,-5.82139412,10,30,2,2.15,4,2,32,0.5,0.7,8.6,40,52
10,3.859531773,-5.784551313,10,30,2,2.15,4,2,32,0.5,0.7,8.6,40,52
10,3.869565217,-5.74855533,10,30,2,2.15,4,2,32,0.5,0.7,8.6,40,52
10,3.879598662,-5.713376718,10,30,2,2.15,4,2,32,0.5,0.7,8.6,40,52
10,3.889632107,-5.679072901,10,30,2,2.15,4,2,32,0.5,0.7,8.6,40,52
10,3.899665552,-5.645643033,10,30,2,2.15,4,2,32,0.5,0.7,8.6,40,52
10,3.909698997,-5.613104531,10,30,2,2.15,4,2,32,0.5,0.7,8.6,40,52
10,3.919732441,-5.58149621,10,30,2,2.15,4,2,32,0.5,0.7,8.6,40,52
10,3.929765886,-5.550797844,10,30,2,2.15,4,2,32,0.5,0.7,8.6,40,52
10,3.939799331,-5.521083787,10,30,2,2.15,4,2,32,0.5,0.7,8.6,40,52
10,3.949832776,-5.492312921,10,30,2,2.15,4,2,32,0.5,0.7,8.6,40,52
10,3.959866221,-5.464540996,10,30,2,2.15,4,2,32,0.5,0.7,8.6,40,52
10,3.969899666,-5.437763032,10,30,2,2.15,4,2,32,0.5,0.7,8.6,40,52
10,3.97993311,-5.411993443,10,30,2,2.15,4,2,32,0.5,0.7,8.6,40,52
10,3.989966555,-5.387268375,10,30,2,2.15,4,2,32,0.5,0.7,8.6,40,52
10,4,-5.363554873,10,30,2,2.15,4,2,32,0.5,0.7,8.6,40,52
