ID,S11,S21,F,P,D,W,G
0,-6.27272566,-1.256817775,1,18.5,16.5,1,2
0,-6.197791105,-1.281955236,1.010033445,18.5,16.5,1,2
0,-6.12379199,-1.307341875,1.02006689,18.5,16.5,1,2
0,-6.05071196,-1.332977447,1.030100334,18.5,16.5,1,2
0,-5.978533931,-1.35886189,1.040133779,18.5,16.5,1,2
0,-5.907240727,-1.384996972,1.050167224,18.5,16.5,1,2
0,-5.836814748,-1.411383418,1.060200669,18.5,16.5,1,2
0,-5.76724591,-1.438021598,1.070234114,18.5,16.5,1,2
0,-5.698523266,-1.464913632,1.080267559,18.5,16.5,1,2
0,-5.630621083,-1.492058998,1.090301003,18.5,16.5,1,2
0,-5.563527196,-1.519457094,1.100334448,18.5,16.5,1,2
0,-5.497226827,-1.547109726,1.110367893,18.5,16.5,1,2
0,-5.431706469,-1.57501647,1.120401338,18.5,16.5,1,2
0,-5.366952585,-1.603179133,1.130434783,18.5,16.5,1,2
0,-5.302952717,-1.631597678,1.140468227,18.5,16.5,1,2
0,-5.23969101,-1.660274035,1.150501672,18.5,16.5,1,2
0,-5.177158558,-1.689207878,1.160535117,18.5,16.5,1,2
0,-5.115343595,-1.718399817,1.170568562,18.5,16.5,1,2
0,-5.054232368,-1.747852174,1.180602007,18.5,16.5,1,2
0,-4.993812569,-1.777566623,1.190635452,18.5,16.5,1,2
0,-4.93407581,-1.807542103,1.200668896,18.5,16.5,1,2
0,-4.875009291,-1.837779659,1.210702341,18.5,16.5,1,2
0,-4.816602672,-1.868281345,1.220735786,18.5,16.5,1,2
0,-4.758844952,-1.899049035,1.230769231,18.5,16.5,1,2
0,-4.70172639,-1.930083533,1.240802676,18.5,16.5,1,2
0,-4.645237088,-1.961384817,1.25083612,18.5,16.5,1,2
0,-4.58936901,-1.992954453,1.260869565,18.5,16.5,1,2
0,-4.534109807,-2.024793899,1.27090301,18.5,16.5,1,2
0,-4.479451441,-2.056906157,1.280936455,18.5,16.5,1,2
0,-4.425385169,-2.089290007,1.2909699,18.5,16.5,1,2
0,-4.371902864,-2.121948613,1.301003344,18.5,16.5,1,2
0,-4.31899467,-2.154882376,1.311036789,18.5,16.5,1,2
0,-4.266651664,-2.18809374,1.321070234,18.5,16.5,1,2
0,-4.214867161,-2.221583917,1.331103679,18.5,16.5,1,2
0,-4.163631949,-2.25535431,1.341137124,18.5,16.5,1,2
0,-4.112938834,-2.28940598,1.351170569,18.5,16.5,1,2
0,-4.06278031,-2.323740994,1.361204013,18.5,16.5,1,2
0,-4.013147801,-2.358362289,1.371237458,18.5,16.5,1,2
0,-3.96403475,-2.393270715,1.381270903,18.5,16.5,1,2
0,-3.915433662,-2.428467351,1.391304348,18.5,16.5,1,2
0,-3.867338445,-2.463954785,1.401337793,18.5,16.5,1,2
0,-3.819740736,-2.499734983,1.411371237,18.5,16.5,1,2
0,-3.772634271,-2.535810577,1.421404682,18.5,16.5,1,2
0,-3.726013198,-2.572182744,1.431438127,18.5,16.5,1,2
0,-3.679870641,-2.608852886,1.441471572,18.5,16.5,1,2
0,-3.634200571,-2.64582473,1.451505017,18.5,16.5,1,2
0,-3.588996362,-2.68309923,1.461538462,18.5,16.5,1,2
0,-3.544251646,-2.720678728,1.471571906,18.5,16.5,1,2
0,-3.499960986,-2.7585664,1.481605351,18.5,16.5,1,2
0,-3.456118959,-2.796763546,1.491638796,18.5,16.5,1,2
0,-3.412719661,-2.83527319,1.501672241,18.5,16.5,1,2
0,-3.369756897,-2.874097614,1.511705686,18.5,16.5,1,2
0,-3.327226157,-2.913239375,1.52173913,18.5,16.5,1,2
0,-3.285122167,-2.952700575,1.531772575,18.5,16.5,1,2
0,-3.243439359,-2.99248449,1.54180602,18.5,16.5,1,2
0,-3.202172701,-3.032594275,1.551839465,18.5,16.5,1,2
0,-3.161317011,-3.073031639,1.56187291,18.5,16.5,1,2
0,-3.120867439,-3.113799854,1.571906355,18.5,16.5,1,2
0,-3.080819895,-3.154901131,1.581939799,18.5,16.5,1,2
0,-3.041168808,-3.196338997,1.591973244,18.5,16.5,1,2
0,-3.001909914,-3.238116324,1.602006689,18.5,16.5,1,2
0,-2.963038891,-3.280236672,1.612040134,18.5,16.5,1,2
0,-2.92455187,-3.322701476,1.622073579,18.5,16.5,1,2
0,-2.886443999,-3.365517109,1.632107023,18.5,16.5,1,2
0,-2.84871118,-3.40868496,1.642140468,18.5,16.5,1,2
0,-2.811348382,-3.452207547,1.652173913,18.5,16.5,1,2
0,-2.774352711,-3.496089267,1.662207358,18.5,16.5,1,2
0,-2.73772032,-3.5403334,1.672240803,18.5,16.5,1,2
0,-2.701445631,-3.584943691,1.682274247,18.5,16.5,1,2
0,-2.665528009,-3.629923703,1.692307692,18.5,16.5,1,2
0,-2.629960841,-3.675277456,1.702341137,18.5,16.5,1,2
0,-2.594742173,-3.721007693,1.712374582,18.5,16.5,1,2
0,-2.55986633,-3.767120615,1.722408027,18.5,16.5,1,2
0,-2.525331917,-3.813617234,1.732441472,18.5,16.5,1,2
0,-2.491135944,-3.860504812,1.742474916,18.5,16.5,1,2
0,-2.457272851,-3.907783987,1.752508361,18.5,16.5,1,2
0,-2.423741141,-3.955461041,1.762541806,18.5,16.5,1,2
0,-2.390536807,-4.003538058,1.772575251,18.5,16.5,1,2
0,-2.35765578,-4.05202378,1.782608696,18.5,16.5,1,2
0,-2.32509794,-4.100920421,1.79264214,18.5,16.5,1,2
0,-2.292856636,-4.150230555,1.802675585,18.5,16.5,1,2
0,-2.260932342,-4.199962187,1.81270903,18.5,16.5,1,2
0,-2.229322305,-4.250122726,1.822742475,18.5,16.5,1,2
0,-2.198023492,-4.300715685,1.83277592,18.5,16.5,1,2
0,-2.167030872,-4.35174141,1.842809365,18.5,16.5,1,2
0,-2.136342545,-4.403205737,1.852842809,18.5,16.5,1,2
0,-2.105955236,-4.455116706,1.862876254,18.5,16.5,1,2
0,-2.075866614,-4.50747867,1.872909699,18.5,16.5,1,2
0,-2.046075161,-4.560295099,1.882943144,18.5,16.5,1,2
0,-2.016575269,-4.6135733,1.892976589,18.5,16.5,1,2
0,-1.987368332,-4.667317792,1.903010033,18.5,16.5,1,2
0,-1.958449354,-4.721534528,1.913043478,18.5,16.5,1,2
0,-1.929816371,-4.776232356,1.923076923,18.5,16.5,1,2
0,-1.901468408,-4.831413895,1.933110368,18.5,16.5,1,2
0,-1.87340172,-4.887085511,1.943143813,18.5,16.5,1,2
0,-1.845613672,-4.943255049,1.953177258,18.5,16.5,1,2
0,-1.81810403,-4.999927681,1.963210702,18.5,16.5,1,2
0,-1.790868783,-5.057110527,1.973244147,18.5,16.5,1,2
0,-1.7639076,-5.114810082,1.983277592,18.5,16.5,1,2
0,-1.737216441,-5.173032992,1.993311037,18.5,16.5,1,2
0,-1.710794594,-5.231787748,2.003344482,18.5,16.5,1,2
0,-1.684639985,-5.291080151,2.013377926,18.5,16.5,1,2
0,-1.65874939,-5.350916936,2.023411371,18.5,16.5,1,2
0,-1.633122318,-5.411307568,2.033444816,18.5,16.5,1,2
0,-1.607757669,-5.472258241,2.043478261,18.5,16.5,1,2
0,-1.582651344,-5.533777758,2.053511706,18.5,16.5,1,2
0,-1.557802369,-5.595871962,2.063545151,18.5,16.5,1,2
0,-1.533210292,-5.658552514,2.073578595,18.5,16.5,1,2
0,-1.508872624,-5.721825326,2.08361204,18.5,16.5,1,2
0,-1.484786572,-5.785698915,2.093645485,18.5,16.5,1,2
0,-1.460950768,-5.850183646,2.10367893,18.5,16.5,1,2
0,-1.437365252,-5.915288109,2.113712375,18.5,16.5,1,2
0,-1.414026882,-5.981021259,2.123745819,18.5,16.5,1,2
0,-1.390933823,-6.047392144,2.133779264,18.5,16.5,1,2
0,-1.368086182,-6.114410284,2.143812709,18.5,16.5,1,2
0,-1.345481065,-6.182086892,2.153846154,18.5,16.5,1,2
0,-1.323116821,-6.250432254,2.163879599,18.5,16.5,1,2
0,-1.300992275,-6.319455195,2.173913043,18.5,16.5,1,2
0,-1.279106604,-6.389166628,2.183946488,18.5,16.5,1,2
0,-1.257458894,-6.459578307,2.193979933,18.5,16.5,1,2
0,-1.236046152,-6.53070184,2.204013378,18.5,16.5,1,2
0,-1.214867222,-6.602547494,2.214046823,18.5,16.5,1,2
0,-1.193921272,-6.67512816,2.224080268,18.5,16.5,1,2
0,-1.17320785,-6.748454881,2.234113712,18.5,16.5,1,2
0,-1.152724609,-6.82254012,2.244147157,18.5,16.5,1,2
0,-1.132470033,-6.897398906,2.254180602,18.5,16.5,1,2
0,-1.112443282,-6.97304231,2.264214047,18.5,16.5,1,2
0,-1.092644017,-7.049484611,2.274247492,18.5,16.5,1,2
0,-1.073069336,-7.126739579,2.284280936,18.5,16.5,1,2
0,-1.053719459,-7.204820798,2.294314381,18.5,16.5,1,2
0,-1.034592145,-7.28374473,2.304347826,18.5,16.5,1,2
0,-1.015687592,-7.363523563,2.314381271,18.5,16.5,1,2
0,-0.997003638,-7.444174697,2.324414716,18.5,16.5,1,2
0,-0.978539021,-7.52571477,2.334448161,18.5,16.5,1,2
0,-0.960293089,-7.608159365,2.344481605,18.5,16.5,1,2
0,-0.942263619,-7.691525574,2.35451505,18.5,16.5,1,2
0,-0.924451418,-7.775829646,2.364548495,18.5,16.5,1,2
0,-0.906854644,-7.861088935,2.37458194,18.5,16.5,1,2
0,-0.889472729,-7.947325768,2.384615385,18.5,16.5,1,2
0,-0.872304389,-8.034555663,2.394648829,18.5,16.5,1,2
0,-0.855348291,-8.122800581,2.404682274,18.5,16.5,1,2
0,-0.838603182,-8.212078559,2.414715719,18.5,16.5,1,2
0,-0.822069848,-8.302411233,2.424749164,18.5,16.5,1,2
0,-0.805745139,-8.393820922,2.434782609,18.5,16.5,1,2
0,-0.789628511,-8.486328758,2.444816054,18.5,16.5,1,2
0,-0.773719509,-8.579961545,2.454849498,18.5,16.5,1,2
0,-0.758018163,-8.674736476,2.464882943,18.5,16.5,1,2
0,-0.742522769,-8.770680946,2.474916388,18.5,16.5,1,2
0,-0.727231858,-8.867824666,2.484949833,18.5,16.5,1,2
0,-0.712145218,-8.966187537,2.494983278,18.5,16.5,1,2
0,-0.697261216,-9.065798003,2.505016722,18.5,16.5,1,2
0,-0.682580743,-9.166689163,2.515050167,18.5,16.5,1,2
0,-0.668100588,-9.268885026,2.525083612,18.5,16.5,1,2
0,-0.65382212,-9.372418907,2.535117057,18.5,16.5,1,2
0,-0.63974338,-9.477318141,2.545150502,18.5,16.5,1,2
0,-0.62586427,-9.583619134,2.555183946,18.5,16.5,1,2
0,-0.612185389,-9.691371324,2.565217391,18.5,16.5,1,2
0,-0.598704075,-9.8005954,2.575250836,18.5,16.5,1,2
0,-0.585420369,-9.911326384,2.585284281,18.5,16.5,1,2
0,-0.572330975,-10.0235996,2.595317726,18.5,16.5,1,2
0,-0.559438987,-10.13745676,2.605351171,18.5,16.5,1,2
0,-0.546740228,-10.25294096,2.615384615,18.5,16.5,1,2
0,-0.534235901,-10.37008861,2.62541806,18.5,16.5,1,2
0,-0.521924493,-10.4889515,2.635451505,18.5,16.5,1,2
0,-0.509805423,-10.60956717,2.64548495,18.5,16.5,1,2
0,-0.497877513,-10.73198944,2.655518395,18.5,16.5,1,2
0,-0.486140562,-10.85626925,2.665551839,18.5,16.5,1,2
0,-0.474594621,-10.98245417,2.675585284,18.5,16.5,1,2
0,-0.463238117,-11.11060288,2.685618729,18.5,16.5,1,2
0,-0.452069445,-11.24077274,2.695652174,18.5,16.5,1,2
0,-0.44108973,-11.37302138,2.705685619,18.5,16.5,1,2
0,-0.430296963,-11.5074136,2.715719064,18.5,16.5,1,2
0,-0.419691908,-11.64401179,2.725752508,18.5,16.5,1,2
0,-0.409273449,-11.78288538,2.735785953,18.5,16.5,1,2
0,-0.399038587,-11.92411009,2.745819398,18.5,16.5,1,2
0,-0.388990283,-12.06775676,2.755852843,18.5,16.5,1,2
0,-0.3791254,-12.21390835,2.765886288,18.5,16.5,1,2
0,-0.369444575,-12.36264462,2.775919732,18.5,16.5,1,2
0,-0.359946171,-12.51405554,2.785953177,18.5,16.5,1,2
0,-0.350631064,-12.66823495,2.795986622,18.5,16.5,1,2
0,-0.341497042,-12.82527853,2.806020067,18.5,16.5,1,2
0,-0.3325447,-12.98528981,2.816053512,18.5,16.5,1,2
0,-0.323772308,-13.14837382,2.826086957,18.5,16.5,1,2
0,-0.315180303,-13.31464991,2.836120401,18.5,16.5,1,2
0,-0.306768131,-13.48423893,2.846153846,18.5,16.5,1,2
0,-0.298533871,-13.65726691,2.856187291,18.5,16.5,1,2
0,-0.29047836,-13.83387229,2.866220736,18.5,16.5,1,2
0,-0.282600608,-14.01419662,2.876254181,18.5,16.5,1,2
0,-0.274899114,-14.1983979,2.886287625,18.5,16.5,1,2
0,-0.267374946,-14.38663912,2.89632107,18.5,16.5,1,2
0,-0.260026848,-14.57909119,2.906354515,18.5,16.5,1,2
0,-0.252853814,-14.7759445,2.91638796,18.5,16.5,1,2
0,-0.245855328,-14.97739706,2.926421405,18.5,16.5,1,2
0,-0.239031511,-15.18366136,2.936454849,18.5,16.5,1,2
0,-0.232381746,-15.39496447,2.946488294,18.5,16.5,1,2
0,-0.225904745,-15.61154973,2.956521739,18.5,16.5,1,2
0,-0.219600381,-15.83368608,2.966555184,18.5,16.5,1,2
0,-0.213468346,-16.06165356,2.976588629,18.5,16.5,1,2
0,-0.207507896,-16.29575982,2.986622074,18.5,16.5,1,2
0,-0.201719242,-16.53633485,2.996655518,18.5,16.5,1,2
0,-0.196100793,-16.78373569,3.006688963,18.5,16.5,1,2
0,-0.190652109,-17.03835823,3.016722408,18.5,16.5,1,2
0,-0.185372895,-17.30062029,3.026755853,18.5,16.5,1,2
0,-0.180262676,-17.57098856,3.036789298,18.5,16.5,1,2
0,-0.17532163,-17.8499651,3.046822742,18.5,16.5,1,2
0,-0.170547891,-18.13810318,3.056856187,18.5,16.5,1,2
0,-0.165941697,-18.43602103,3.066889632,18.5,16.5,1,2
0,-0.161503826,-18.74438257,3.076923077,18.5,16.5,1,2
0,-0.157231875,-19.06393797,3.086956522,18.5,16.5,1,2
0,-0.153126127,-19.39550726,3.096989967,18.5,16.5,1,2
0,-0.149185736,-19.74001047,3.107023411,18.5,16.5,1,2
0,-0.145410628,-20.09848471,3.117056856,18.5,16.5,1,2
0,-0.141800481,-20.47207397,3.127090301,18.5,16.5,1,2
0,-0.138354529,-20.862083,3.137123746,18.5,16.5,1,2
0,-0.135072177,-21.26999426,3.147157191,18.5,16.5,1,2
0,-0.131953469,-21.69747308,3.157190635,18.5,16.5,1,2
0,-0.128997626,-22.14645192,3.16722408,18.5,16.5,1,2
0,-0.126204307,-22.61912347,3.177257525,18.5,16.5,1,2
0,-0.123573025,-23.11805098,3.18729097,18.5,16.5,1,2
0,-0.121102831,-23.64621988,3.197324415,18.5,16.5,1,2
0,-0.118794066,-24.20709666,3.20735786,18.5,16.5,1,2
0,-0.116646836,-24.80481587,3.217391304,18.5,16.5,1,2
0,-0.114658254,-25.44424262,3.227424749,18.5,16.5,1,2
0,-0.112831409,-26.13122502,3.237458194,18.5,16.5,1,2
0,-0.11116242,-26.87280106,3.247491639,18.5,16.5,1,2
0,-0.109652865,-27.67741014,3.257525084,18.5,16.5,1,2
0,-0.108301788,-28.5552746,3.267558528,18.5,16.5,1,2
0,-0.107110575,-29.51850112,3.277591973,18.5,16.5,1,2
0,-0.1060753,-30.58107797,3.287625418,18.5,16.5,1,2
0,-0.10519822,-31.75769075,3.297658863,18.5,16.5,1,2
0,-0.104480159,-33.06056231,3.307692308,18.5,16.5,1,2
0,-0.103918802,-34.48333866,3.317725753,18.5,16.5,1,2
0,-0.103513919,-35.96805413,3.327759197,18.5,16.5,1,2
0,-0.103264514,-37.33310179,3.337792642,18.5,16.5,1,2
0,-0.103170463,-38.2066947,3.347826087,18.5,16.5,1,2
0,-0.103233001,-38.1928085,3.357859532,18.5,16.5,1,2
0,-0.103449235,-37.30016268,3.367892977,18.5,16.5,1,2
0,-0.103820137,-35.9329215,3.377926421,18.5,16.5,1,2
0,-0.104344597,-34.45667046,3.387959866,18.5,16.5,1,2
0,-0.105022957,-33.04534198,3.397993311,18.5,16.5,1,2
0,-0.105856157,-31.7532705,3.408026756,18.5,16.5,1,2
0,-0.106840632,-30.58559493,3.418060201,18.5,16.5,1,2
0,-0.107978358,-29.53138043,3.428093645,18.5,16.5,1,2
0,-0.109268128,-28.57613923,3.43812709,18.5,16.5,1,2
0,-0.110710805,-27.70595016,3.448160535,18.5,16.5,1,2
0,-0.112305148,-26.90876184,3.45819398,18.5,16.5,1,2
0,-0.11405037,-26.17439907,3.468227425,18.5,16.5,1,2
0,-0.115947106,-25.49442577,3.47826087,18.5,16.5,1,2
0,-0.117994177,-24.86186562,3.488294314,18.5,16.5,1,2
0,-0.120192031,-24.27088371,3.498327759,18.5,16.5,1,2
0,-0.122540385,-23.71662828,3.508361204,18.5,16.5,1,2
0,-0.125038481,-23.19498658,3.518394649,18.5,16.5,1,2
0,-0.127686906,-22.70248331,3.528428094,18.5,16.5,1,2
0,-0.130484455,-22.23616574,3.538461538,18.5,16.5,1,2
0,-0.133430276,-21.79347597,3.548494983,18.5,16.5,1,2
0,-0.136525967,-21.37221322,3.558528428,18.5,16.5,1,2
0,-0.139769969,-20.97046998,3.568561873,18.5,16.5,1,2
0,-0.143161381,-20.58656799,3.578595318,18.5,16.5,1,2
0,-0.146701394,-20.21904613,3.588628763,18.5,16.5,1,2
0,-0.150389775,-19.86659632,3.598662207,18.5,16.5,1,2
0,-0.154225157,-19.528069,3.608695652,18.5,16.5,1,2
0,-0.158208106,-19.20244208,3.618729097,18.5,16.5,1,2
0,-0.162338546,-18.88879534,3.628762542,18.5,16.5,1,2
0,-0.16661541,-18.58631007,3.638795987,18.5,16.5,1,2
0,-0.171038838,-18.29423643,3.648829431,18.5,16.5,1,2
0,-0.175608945,-18.01190669,3.658862876,18.5,16.5,1,2
0,-0.180325344,-17.73871337,3.668896321,18.5,16.5,1,2
0,-0.185188165,-17.47410205,3.678929766,18.5,16.5,1,2
0,-0.190196567,-17.21757009,3.688963211,18.5,16.5,1,2
0,-0.195350527,-16.96865099,3.698996656,18.5,16.5,1,2
0,-0.200649937,-16.72692494,3.7090301,18.5,16.5,1,2
0,-0.206094682,-16.49200506,3.719063545,18.5,16.5,1,2
0,-0.211684816,-16.26352759,3.72909699,18.5,16.5,1,2
0,-0.217419759,-16.04116442,3.739130435,18.5,16.5,1,2
0,-0.22330017,-15.82460947,3.74916388,18.5,16.5,1,2
0,-0.229324725,-15.6135817,3.759197324,18.5,16.5,1,2
0,-0.235493983,-15.40781707,3.769230769,18.5,16.5,1,2
0,-0.241807805,-15.20706709,3.779264214,18.5,16.5,1,2
0,-0.248265455,-15.01110778,3.789297659,18.5,16.5,1,2
0,-0.254867186,-14.81972426,3.799331104,18.5,16.5,1,2
0,-0.261612835,-14.63272003,3.809364548,18.5,16.5,1,2
0,-0.268502636,-14.44990922,3.819397993,18.5,16.5,1,2
0,-0.275535993,-14.27111385,3.829431438,18.5,16.5,1,2
0,-0.282712721,-14.09617348,3.839464883,18.5,16.5,1,2
0,-0.290033695,-13.92493212,3.849498328,18.5,16.5,1,2
0,-0.297497803,-13.75724794,3.859531773,18.5,16.5,1,2
0,-0.305104725,-13.59298441,3.869565217,18.5,16.5,1,2
0,-0.312856212,-13.43200864,3.879598662,18.5,16.5,1,2
0,-0.320750451,-13.27420488,3.889632107,18.5,16.5,1,2
0,-0.32878741,-13.11945374,3.899665552,18.5,16.5,1,2
0,-0.336967044,-12.9676516,3.909698997,18.5,16.5,1,2
0,-0.345290078,-12.81869341,3.919732441,18.5,16.5,1,2
0,-0.353756844,-12.67247837,3.929765886,18.5,16.5,1,2
0,-0.362365387,-12.52891927,3.939799331,18.5,16.5,1,2
0,-0.371116918,-12.38792804,3.949832776,18.5,16.5,1,2
0,-0.380011481,-12.24941559,3.959866221,18.5,16.5,1,2
0,-0.389048459,-12.11331017,3.969899666,18.5,16.5,1,2
0,-0.398228255,-11.97952885,3.97993311,18.5,16.5,1,2
0,-0.407550533,-11.84800674,3.989966555,18.5,16.5,1,2
0,-0.41701602,-11.71866946,4,18.5,16.5,1,2
1,-6.019374049,-1.322755667,1,19,17,1,2
1,-5.943694275,-1.350102096,1.010033445,19,17,1,2
1,-5.869010214,-1.377753271,1.02006689,19,17,1,2
1,-5.795302317,-1.405708418,1.030100334,19,17,1,2
1,-5.722553853,-1.433968512,1.040133779,19,17,1,2
1,-5.650746497,-1.462532591,1.050167224,19,17,1,2
1,-5.579865613,-1.491399029,1.060200669,19,17,1,2
1,-5.50989543,-1.520569032,1.070234114,19,17,1,2
1,-5.440829586,-1.550045049,1.080267559,19,17,1,2
1,-5.372639376,-1.579821693,1.090301003,19,17,1,2
1,-5.305310317,-1.609900018,1.100334448,19,17,1,2
1,-5.238829333,-1.640278356,1.110367893,19,17,1,2
1,-5.173180382,-1.670957144,1.120401338,19,17,1,2
1,-5.108351249,-1.701935489,1.130434783,19,17,1,2
1,-5.044324909,-1.733212626,1.140468227,19,17,1,2
1,-4.981089438,-1.764788987,1.150501672,19,17,1,2
1,-4.918631509,-1.79666326,1.160535117,19,17,1,2
1,-4.856936977,-1.828836094,1.170568562,19,17,1,2
1,-4.795995281,-1.86130585,1.180602007,19,17,1,2
1,-4.735791499,-1.89407313,1.190635452,19,17,1,2
1,-4.676313101,-1.92713781,1.200668896,19,17,1,2
1,-4.617549399,-1.960499656,1.210702341,19,17,1,2
1,-4.559489877,-1.994158823,1.220735786,19,17,1,2
1,-4.502119929,-2.028114522,1.230769231,19,17,1,2
1,-4.445427695,-2.062367012,1.240802676,19,17,1,2
1,-4.389405812,-2.096916543,1.25083612,19,17,1,2
1,-4.334040097,-2.131763071,1.260869565,19,17,1,2
1,-4.279321761,-2.166906616,1.27090301,19,17,1,2
1,-4.225237763,-2.202347636,1.280936455,19,17,1,2
1,-4.171779949,-2.238087172,1.2909699,19,17,1,2
1,-4.118937277,-2.274124861,1.301003344,19,17,1,2
1,-4.066701129,-2.310460838,1.311036789,19,17,1,2
1,-4.015060039,-2.34709673,1.321070234,19,17,1,2
1,-3.964004011,-2.384032133,1.331103679,19,17,1,2
1,-3.913525249,-2.421268589,1.341137124,19,17,1,2
1,-3.86361454,-2.458806208,1.351170569,19,17,1,2
1,-3.814261029,-2.496646791,1.361204013,19,17,1,2
1,-3.765457186,-2.534791563,1.371237458,19,17,1,2
1,-3.717194664,-2.573240658,1.381270903,19,17,1,2
1,-3.669464711,-2.611996027,1.391304348,19,17,1,2
1,-3.622258297,-2.651059095,1.401337793,19,17,1,2
1,-3.575567109,-2.690431337,1.411371237,19,17,1,2
1,-3.529383363,-2.730114589,1.421404682,19,17,1,2
1,-3.483700213,-2.7701102,1.431438127,19,17,1,2
1,-3.438509442,-2.810419602,1.441471572,19,17,1,2
1,-3.393802393,-2.851044676,1.451505017,19,17,1,2
1,-3.349573304,-2.891988698,1.461538462,19,17,1,2
1,-3.305815032,-2.933253497,1.471571906,19,17,1,2
1,-3.262518512,-2.974841072,1.481605351,19,17,1,2
1,-3.219677813,-3.016753828,1.491638796,19,17,1,2
1,-3.177287343,-3.058994605,1.501672241,19,17,1,2
1,-3.135339015,-3.101566938,1.511705686,19,17,1,2
1,-3.093827186,-3.144473159,1.52173913,19,17,1,2
1,-3.052745864,-3.187714859,1.531772575,19,17,1,2
1,-3.012087429,-3.231296266,1.54180602,19,17,1,2
1,-2.97184632,-3.275221801,1.551839465,19,17,1,2
1,-2.932016974,-3.319494186,1.56187291,19,17,1,2
1,-2.892594452,-3.364116477,1.571906355,19,17,1,2
1,-2.853572066,-3.409093064,1.581939799,19,17,1,2
1,-2.814944832,-3.454427303,1.591973244,19,17,1,2
1,-2.776706589,-3.500123619,1.602006689,19,17,1,2
1,-2.738853248,-3.546186723,1.612040134,19,17,1,2
1,-2.7013799,-3.592620274,1.622073579,19,17,1,2
1,-2.664279829,-3.639427613,1.632107023,19,17,1,2
1,-2.627550612,-3.686616393,1.642140468,19,17,1,2
1,-2.591186069,-3.734189137,1.652173913,19,17,1,2
1,-2.555181459,-3.78215012,1.662207358,19,17,1,2
1,-2.519532862,-3.83050525,1.672240803,19,17,1,2
1,-2.484236285,-3.879262128,1.682274247,19,17,1,2
1,-2.449287461,-3.928422819,1.692307692,19,17,1,2
1,-2.414681764,-3.97799535,1.702341137,19,17,1,2
1,-2.3804161,-4.027983764,1.712374582,19,17,1,2
1,-2.346486309,-4.078395457,1.722408027,19,17,1,2
1,-2.312887735,-4.129235104,1.732441472,19,17,1,2
1,-2.279617544,-4.180509297,1.742474916,19,17,1,2
1,-2.246673651,-4.232224535,1.752508361,19,17,1,2
1,-2.214050862,-4.284386614,1.762541806,19,17,1,2
1,-2.181747288,-4.337005207,1.772575251,19,17,1,2
1,-2.149756777,-4.390081931,1.782608696,19,17,1,2
1,-2.118080123,-4.443628967,1.79264214,19,17,1,2
1,-2.086713187,-4.497651139,1.802675585,19,17,1,2
1,-2.055652068,-4.552156465,1.81270903,19,17,1,2
1,-2.024899203,-4.607156394,1.822742475,19,17,1,2
1,-1.994447529,-4.662656145,1.83277592,19,17,1,2
1,-1.964291651,-4.718661864,1.842809365,19,17,1,2
1,-1.934434323,-4.775180029,1.852842809,19,17,1,2
1,-1.904869158,-4.832221236,1.862876254,19,17,1,2
1,-1.875595758,-4.88979254,1.872909699,19,17,1,2
1,-1.846613325,-4.947904694,1.882943144,19,17,1,2
1,-1.817915469,-5.006561713,1.892976589,19,17,1,2
1,-1.789503792,-5.065776079,1.903010033,19,17,1,2
1,-1.761374085,-5.125557474,1.913043478,19,17,1,2
1,-1.733526106,-5.185912406,1.923076923,19,17,1,2
1,-1.705957725,-5.24685215,1.933110368,19,17,1,2
1,-1.678665951,-5.308385596,1.943143813,19,17,1,2
1,-1.651650306,-5.370523506,1.953177258,19,17,1,2
1,-1.624908327,-5.433274995,1.963210702,19,17,1,2
1,-1.598438907,-5.496649301,1.973244147,19,17,1,2
1,-1.572241356,-5.560658683,1.983277592,19,17,1,2
1,-1.546311924,-5.625312689,1.993311037,19,17,1,2
1,-1.520651747,-5.69062253,2.003344482,19,17,1,2
1,-1.495259359,-5.756598933,2.013377926,19,17,1,2
1,-1.470133391,-5.823253178,2.023411371,19,17,1,2
1,-1.445270036,-5.89059723,2.033444816,19,17,1,2
1,-1.420670148,-5.958642282,2.043478261,19,17,1,2
1,-1.396332759,-6.027400045,2.053511706,19,17,1,2
1,-1.372256721,-6.09688201,2.063545151,19,17,1,2
1,-1.3484393,-6.167102364,2.073578595,19,17,1,2
1,-1.324880396,-6.238074062,2.08361204,19,17,1,2
1,-1.301581258,-6.30980783,2.093645485,19,17,1,2
1,-1.278538109,-6.382317494,2.10367893,19,17,1,2
1,-1.255749737,-6.455617081,2.113712375,19,17,1,2
1,-1.233217898,-6.52972078,2.123745819,19,17,1,2
1,-1.210939954,-6.604642582,2.133779264,19,17,1,2
1,-1.188915489,-6.680394761,2.143812709,19,17,1,2
1,-1.167143271,-6.756994314,2.153846154,19,17,1,2
1,-1.145622084,-6.834455768,2.163879599,19,17,1,2
1,-1.124352354,-6.912793766,2.173913043,19,17,1,2
1,-1.103331908,-6.992025174,2.183946488,19,17,1,2
1,-1.082560705,-7.072164813,2.193979933,19,17,1,2
1,-1.062038089,-7.153230426,2.204013378,19,17,1,2
1,-1.041762838,-7.235238359,2.214046823,19,17,1,2
1,-1.021734667,-7.318206578,2.224080268,19,17,1,2
1,-1.001953624,-7.402151217,2.234113712,19,17,1,2
1,-0.982417601,-7.48709082,2.244147157,19,17,1,2
1,-0.963126142,-7.573045836,2.254180602,19,17,1,2
1,-0.944078451,-7.66003493,2.264214047,19,17,1,2
1,-0.925274661,-7.748075819,2.274247492,19,17,1,2
1,-0.906713041,-7.837191342,2.284280936,19,17,1,2
1,-0.888393454,-7.92740134,2.294314381,19,17,1,2
1,-0.870313829,-8.018728416,2.304347826,19,17,1,2
1,-0.852474802,-8.111191829,2.314381271,19,17,1,2
1,-0.834876011,-8.204815902,2.324414716,19,17,1,2
1,-0.817516562,-8.299625409,2.334448161,19,17,1,2
1,-0.800394333,-8.395643034,2.344481605,19,17,1,2
1,-0.783508631,-8.492894793,2.35451505,19,17,1,2
1,-0.766859439,-8.591404368,2.364548495,19,17,1,2
1,-0.750447148,-8.691197927,2.37458194,19,17,1,2
1,-0.734269198,-8.792307532,2.384615385,19,17,1,2
1,-0.718325291,-8.89475742,2.394648829,19,17,1,2
1,-0.702614418,-8.998578344,2.404682274,19,17,1,2
1,-0.687136564,-9.103799478,2.414715719,19,17,1,2
1,-0.671889909,-9.210453619,2.424749164,19,17,1,2
1,-0.656874521,-9.318574722,2.434782609,19,17,1,2
1,-0.642088768,-9.428194346,2.444816054,19,17,1,2
1,-0.627530857,-9.539348631,2.454849498,19,17,1,2
1,-0.613202262,-9.652071725,2.464882943,19,17,1,2
1,-0.599099635,-9.766402415,2.474916388,19,17,1,2
1,-0.585223701,-9.882384658,2.484949833,19,17,1,2
1,-0.571573585,-10.00005226,2.494983278,19,17,1,2
1,-0.558146841,-10.11945161,2.505016722,19,17,1,2
1,-0.544944077,-10.24062858,2.515050167,19,17,1,2
1,-0.531962805,-10.36362424,2.525083612,19,17,1,2
1,-0.51920327,-10.48849264,2.535117057,19,17,1,2
1,-0.506664456,-10.6152803,2.545150502,19,17,1,2
1,-0.494344764,-10.74403907,2.555183946,19,17,1,2
1,-0.482244681,-10.87485223,2.565217391,19,17,1,2
1,-0.470362017,-11.00775298,2.575250836,19,17,1,2
1,-0.45869661,-11.14280203,2.585284281,19,17,1,2
1,-0.447245313,-11.28005923,2.595317726,19,17,1,2
1,-0.43600764,-11.41958992,2.605351171,19,17,1,2
1,-0.424982863,-11.56147063,2.615384615,19,17,1,2
1,-0.414169961,-11.70576514,2.62541806,19,17,1,2
1,-0.403567948,-11.85255603,2.635451505,19,17,1,2
1,-0.393173798,-12.00191824,2.64548495,19,17,1,2
1,-0.382988037,-12.15393939,2.655518395,19,17,1,2
1,-0.373010173,-12.30871181,2.665551839,19,17,1,2
1,-0.363237342,-12.46632309,2.675585284,19,17,1,2
1,-0.353669595,-12.62687576,2.685618729,19,17,1,2
1,-0.344304657,-12.79047607,2.695652174,19,17,1,2
1,-0.335142044,-12.95723047,2.705685619,19,17,1,2
1,-0.326180698,-13.12726191,2.715719064,19,17,1,2
1,-0.317419316,-13.30068689,2.725752508,19,17,1,2
1,-0.308855984,-13.47764203,2.735785953,19,17,1,2
1,-0.300490175,-13.65826845,2.745819398,19,17,1,2
1,-0.292320646,-13.84271062,2.755852843,19,17,1,2
1,-0.284346322,-14.03113222,2.765886288,19,17,1,2
1,-0.2765662,-14.22369474,2.775919732,19,17,1,2
1,-0.268978154,-14.42058323,2.785953177,19,17,1,2
1,-0.261580917,-14.62199131,2.795986622,19,17,1,2
1,-0.254374906,-14.82812069,2.806020067,19,17,1,2
1,-0.247357787,-15.03919632,2.816053512,19,17,1,2
1,-0.240528497,-15.25544933,2.826086957,19,17,1,2
1,-0.233885401,-15.47713964,2.836120401,19,17,1,2
1,-0.227427871,-15.70454098,2.846153846,19,17,1,2
1,-0.221155181,-15.93794755,2.856187291,19,17,1,2
1,-0.215065615,-16.17768089,2.866220736,19,17,1,2
1,-0.209158021,-16.4240837,2.876254181,19,17,1,2
1,-0.203431546,-16.67753897,2.886287625,19,17,1,2
1,-0.197885059,-16.93845267,2.89632107,19,17,1,2
1,-0.192516812,-17.20726597,2.906354515,19,17,1,2
1,-0.187326272,-17.48447429,2.91638796,19,17,1,2
1,-0.182312455,-17.77060941,2.926421405,19,17,1,2
1,-0.177473766,-18.06625654,2.936454849,19,17,1,2
1,-0.172809808,-18.37206211,2.946488294,19,17,1,2
1,-0.168319211,-18.68873725,2.956521739,19,17,1,2
1,-0.164001023,-19.01708178,2.966555184,19,17,1,2
1,-0.159855036,-19.35797195,2.976588629,19,17,1,2
1,-0.155879599,-19.71239258,2.986622074,19,17,1,2
1,-0.152073124,-20.08144383,2.996655518,19,17,1,2
1,-0.148435411,-20.46636296,3.006688963,19,17,1,2
1,-0.144965869,-20.86856147,3.016722408,19,17,1,2
1,-0.141662849,-21.28962256,3.026755853,19,17,1,2
1,-0.138525663,-21.73136976,3.036789298,19,17,1,2
1,-0.1355544,-22.19587898,3.046822742,19,17,1,2
1,-0.132746977,-22.68555447,3.056856187,19,17,1,2
1,-0.130103939,-23.20319612,3.066889632,19,17,1,2
1,-0.127623578,-23.75204971,3.076923077,19,17,1,2
1,-0.125305028,-24.33594762,3.086956522,19,17,1,2
1,-0.123148458,-24.95940062,3.096989967,19,17,1,2
1,-0.121153023,-25.62778474,3.107023411,19,17,1,2
1,-0.11931724,-26.34753711,3.117056856,19,17,1,2
1,-0.117641117,-27.12632458,3.127090301,19,17,1,2
1,-0.116124529,-27.97333718,3.137123746,19,17,1,2
1,-0.114766136,-28.89944452,3.147157191,19,17,1,2
1,-0.113566325,-29.91700669,3.157190635,19,17,1,2
1,-0.112523194,-31.03900834,3.16722408,19,17,1,2
1,-0.111637565,-32.27558567,3.177257525,19,17,1,2
1,-0.110907903,-33.62455419,3.18729097,19,17,1,2
1,-0.110334521,-35.04669276,3.197324415,19,17,1,2
1,-0.109917077,-36.41197267,3.20735786,19,17,1,2
1,-0.109655321,-37.43107923,3.217391304,19,17,1,2
1,-0.10954857,-37.71872163,3.227424749,19,17,1,2
1,-0.109597992,-37.13495484,3.237458194,19,17,1,2
1,-0.109800388,-35.95351698,3.247491639,19,17,1,2
1,-0.110157894,-34.54864728,3.257525084,19,17,1,2
1,-0.110669344,-33.14813563,3.267558528,19,17,1,2
1,-0.111334489,-31.84215047,3.277591973,19,17,1,2
1,-0.112152872,-30.6524288,3.287625418,19,17,1,2
1,-0.113125779,-29.57477964,3.297658863,19,17,1,2
1,-0.114254184,-28.59805966,3.307692308,19,17,1,2
1,-0.115535312,-27.70845978,3.317725753,19,17,1,2
1,-0.116969553,-26.89366347,3.327759197,19,17,1,2
1,-0.118557534,-26.14348161,3.337792642,19,17,1,2
1,-0.120299217,-25.4492848,3.347826087,19,17,1,2
1,-0.122194287,-24.80392115,3.357859532,19,17,1,2
1,-0.124243597,-24.20137378,3.367892977,19,17,1,2
1,-0.126444777,-23.63660237,3.377926421,19,17,1,2
1,-0.128800802,-23.10538661,3.387959866,19,17,1,2
1,-0.13131031,-22.60411018,3.397993311,19,17,1,2
1,-0.133972133,-22.12972265,3.408026756,19,17,1,2
1,-0.136788717,-21.67957655,3.418060201,19,17,1,2
1,-0.139760371,-21.251389,3.428093645,19,17,1,2
1,-0.142884995,-20.84319632,3.43812709,19,17,1,2
1,-0.146164205,-20.45325753,3.448160535,19,17,1,2
1,-0.149598418,-20.08006946,3.45819398,19,17,1,2
1,-0.153186982,-19.72228321,3.468227425,19,17,1,2
1,-0.156930505,-19.3787102,3.47826087,19,17,1,2
1,-0.160829532,-19.04830335,3.488294314,19,17,1,2
1,-0.164884263,-18.73011072,3.498327759,19,17,1,2
1,-0.169094668,-18.42329526,3.508361204,19,17,1,2
1,-0.173461483,-18.12708737,3.518394649,19,17,1,2
1,-0.177984061,-17.84079825,3.528428094,19,17,1,2
1,-0.182663343,-17.56381148,3.538461538,19,17,1,2
1,-0.187499398,-17.29555373,3.548494983,19,17,1,2
1,-0.192492937,-17.0355087,3.558528428,19,17,1,2
1,-0.197644474,-16.78320839,3.568561873,19,17,1,2
1,-0.202953037,-16.5382179,3.578595318,19,17,1,2
1,-0.20841995,-16.30014498,3.588628763,19,17,1,2
1,-0.214045705,-16.06861879,3.598662207,19,17,1,2
1,-0.219829641,-15.84330407,3.608695652,19,17,1,2
1,-0.225772851,-15.62389117,3.618729097,19,17,1,2
1,-0.231874986,-15.41009079,3.628762542,19,17,1,2
1,-0.238137374,-15.20163888,3.638795987,19,17,1,2
1,-0.244559815,-14.99828279,3.648829431,19,17,1,2
1,-0.251142319,-14.79979303,3.658862876,19,17,1,2
1,-0.25788467,-14.60595431,3.668896321,19,17,1,2
1,-0.26478846,-14.41656528,3.678929766,19,17,1,2
1,-0.271853073,-14.2314403,3.688963211,19,17,1,2
1,-0.279079443,-14.05039809,3.698996656,19,17,1,2
1,-0.28646746,-13.87327701,3.7090301,19,17,1,2
1,-0.294017253,-13.69992283,3.719063545,19,17,1,2
1,-0.301728988,-13.53018621,3.72909699,19,17,1,2
1,-0.309603379,-13.36393264,3.739130435,19,17,1,2
1,-0.317640853,-13.20103075,3.74916388,19,17,1,2
1,-0.325840358,-13.04136089,3.759197324,19,17,1,2
1,-0.334203066,-12.88480794,3.769230769,19,17,1,2
1,-0.342729226,-12.7312597,3.779264214,19,17,1,2
1,-0.351418506,-12.58061655,3.789297659,19,17,1,2
1,-0.3602715,-12.43277771,3.799331104,19,17,1,2
1,-0.369287925,-12.28765311,3.809364548,19,17,1,2
1,-0.378468113,-12.14515604,3.819397993,19,17,1,2
1,-0.387811954,-12.00519813,3.829431438,19,17,1,2
1,-0.397320029,-11.86770451,3.839464883,19,17,1,2
1,-0.406992003,-11.73259578,3.849498328,19,17,1,2
1,-0.416828215,-11.59980283,3.859531773,19,17,1,2
1,-0.426829047,-11.46925769,3.869565217,19,17,1,2
1,-0.436993411,-11.34089169,3.879598662,19,17,1,2
1,-0.447321938,-11.21464568,3.889632107,19,17,1,2
1,-0.457815246,-11.09045587,3.899665552,19,17,1,2
1,-0.468471689,-10.96826922,3.909698997,19,17,1,2
1,-0.479292591,-10.84803045,3.919732441,19,17,1,2
1,-0.490277356,-10.72968241,3.929765886,19,17,1,2
1,-0.501426504,-10.61318283,3.939799331,19,17,1,2
1,-0.512738444,-10.49847823,3.949832776,19,17,1,2
1,-0.52421471,-10.38552231,3.959866221,19,17,1,2
1,-0.535854071,-10.27427371,3.969899666,19,17,1,2
1,-0.547656709,-10.16468641,3.97993311,19,17,1,2
1,-0.559622489,-10.05672485,3.989966555,19,17,1,2
1,-0.571752406,-9.950341318,4,19,17,1,2
2,-5.819395312,-1.448449536,1,19.5,17.5,1,2
2,-5.743587954,-1.476042289,1.010033445,19.5,17.5,1,2
2,-5.668655297,-1.503988178,1.02006689,19.5,17.5,1,2
2,-5.594588464,-1.532289716,1.030100334,19.5,17.5,1,2
2,-5.521377028,-1.560952209,1.040133779,19.5,17.5,1,2
2,-5.44901145,-1.589978163,1.050167224,19.5,17.5,1,2
2,-5.377483324,-1.619372025,1.060200669,19.5,17.5,1,2
2,-5.306788763,-1.649139509,1.070234114,19.5,17.5,1,2
2,-5.236923039,-1.679283368,1.080267559,19.5,17.5,1,2
2,-5.167871731,-1.709805138,1.090301003,19.5,17.5,1,2
2,-5.09962546,-1.740706585,1.100334448,19.5,17.5,1,2
2,-5.032178577,-1.771992462,1.110367893,19.5,17.5,1,2
2,-4.965522723,-1.80366258,1.120401338,19.5,17.5,1,2
2,-4.89965302,-1.835721179,1.130434783,19.5,17.5,1,2
2,-4.834558053,-1.868167549,1.140468227,19.5,17.5,1,2
2,-4.770236188,-1.901008105,1.150501672,19.5,17.5,1,2
2,-4.706676845,-1.934240148,1.160535117,19.5,17.5,1,2
2,-4.643874565,-1.967866662,1.170568562,19.5,17.5,1,2
2,-4.581822753,-2.001888236,1.180602007,19.5,17.5,1,2
2,-4.52051516,-2.036307514,1.190635452,19.5,17.5,1,2
2,-4.459943606,-2.07112452,1.200668896,19.5,17.5,1,2
2,-4.400102733,-2.106339775,1.210702341,19.5,17.5,1,2
2,-4.340985811,-2.141954074,1.220735786,19.5,17.5,1,2
2,-4.28258435,-2.17796763,1.230769231,19.5,17.5,1,2
2,-4.224892028,-2.214380225,1.240802676,19.5,17.5,1,2
2,-4.167903192,-2.251192418,1.25083612,19.5,17.5,1,2
2,-4.111610483,-2.288404791,1.260869565,19.5,17.5,1,2
2,-4.056005995,-2.32601531,1.27090301,19.5,17.5,1,2
2,-4.001081884,-2.364025356,1.280936455,19.5,17.5,1,2
2,-3.946833173,-2.402434161,1.2909699,19.5,17.5,1,2
2,-3.893251032,-2.441241106,1.301003344,19.5,17.5,1,2
2,-3.840328995,-2.480444739,1.311036789,19.5,17.5,1,2
2,-3.788058137,-2.520045249,1.321070234,19.5,17.5,1,2
2,-3.736431386,-2.560041603,1.331103679,19.5,17.5,1,2
2,-3.6854413,-2.600433513,1.341137124,19.5,17.5,1,2
2,-3.635079964,-2.641220148,1.351170569,19.5,17.5,1,2
2,-3.585339804,-2.682399551,1.361204013,19.5,17.5,1,2
2,-3.536212248,-2.723971911,1.371237458,19.5,17.5,1,2
2,-3.487689791,-2.765936271,1.381270903,19.5,17.5,1,2
2,-3.439764262,-2.808291782,1.391304348,19.5,17.5,1,2
2,-3.392427193,-2.85103803,1.401337793,19.5,17.5,1,2
2,-3.345670265,-2.894173551,1.411371237,19.5,17.5,1,2
2,-3.299485982,-2.937697806,1.421404682,19.5,17.5,1,2
2,-3.253864362,-2.981611518,1.431438127,19.5,17.5,1,2
2,-3.208798271,-3.02591306,1.441471572,19.5,17.5,1,2
2,-3.164279215,-3.070603002,1.451505017,19.5,17.5,1,2
2,-3.120297928,-3.115680566,1.461538462,19.5,17.5,1,2
2,-3.076846475,-3.161145053,1.471571906,19.5,17.5,1,2
2,-3.033916711,-3.206997517,1.481605351,19.5,17.5,1,2
2,-2.991499793,-3.253238192,1.491638796,19.5,17.5,1,2
2,-2.94958695,-3.299867748,1.501672241,19.5,17.5,1,2
2,-2.908170135,-3.346886776,1.511705686,19.5,17.5,1,2
2,-2.867240406,-3.39429615,1.52173913,19.5,17.5,1,2
2,-2.82679009,-3.442095895,1.531772575,19.5,17.5,1,2
2,-2.786810627,-3.490289741,1.54180602,19.5,17.5,1,2
2,-2.747292934,-3.538877863,1.551839465,19.5,17.5,1,2
2,-2.708229618,-3.587862384,1.56187291,19.5,17.5,1,2
2,-2.669612129,-3.637245879,1.571906355,19.5,17.5,1,2
2,-2.631432358,-3.687029686,1.581939799,19.5,17.5,1,2
2,-2.59368364,-3.737217754,1.591973244,19.5,17.5,1,2
2,-2.556356311,-3.787813853,1.602006689,19.5,17.5,1,2
2,-2.519444764,-3.838819597,1.612040134,19.5,17.5,1,2
2,-2.482940419,-3.890239472,1.622073579,19.5,17.5,1,2
2,-2.446833991,-3.942078059,1.632107023,19.5,17.5,1,2
2,-2.411120787,-3.99434,1.642140468,19.5,17.5,1,2
2,-2.375792463,-4.047028505,1.652173913,19.5,17.5,1,2
2,-2.340842867,-4.100150619,1.662207358,19.5,17.5,1,2
2,-2.306264819,-4.153709075,1.672240803,19.5,17.5,1,2
2,-2.272050732,-4.207712468,1.682274247,19.5,17.5,1,2
2,-2.238195963,-4.262165578,1.692307692,19.5,17.5,1,2
2,-2.204692986,-4.317076303,1.702341137,19.5,17.5,1,2
2,-2.171537501,-4.372448425,1.712374582,19.5,17.5,1,2
2,-2.138721365,-4.428293155,1.722408027,19.5,17.5,1,2
2,-2.106239392,-4.484616162,1.732441472,19.5,17.5,1,2
2,-2.074087249,-4.541425444,1.742474916,19.5,17.5,1,2
2,-2.042260393,-4.598729741,1.752508361,19.5,17.5,1,2
2,-2.010751845,-4.656536976,1.762541806,19.5,17.5,1,2
2,-1.979559059,-4.714857838,1.772575251,19.5,17.5,1,2
2,-1.948675556,-4.773699019,1.782608696,19.5,17.5,1,2
2,-1.918096982,-4.833072536,1.79264214,19.5,17.5,1,2
2,-1.887822045,-4.892988214,1.802675585,19.5,17.5,1,2
2,-1.857844374,-4.953458505,1.81270903,19.5,17.5,1,2
2,-1.82816416,-5.014496235,1.822742475,19.5,17.5,1,2
2,-1.798774844,-5.076110902,1.83277592,19.5,17.5,1,2
2,-1.769673472,-5.138312413,1.842809365,19.5,17.5,1,2
2,-1.740858373,-5.201111711,1.852842809,19.5,17.5,1,2
2,-1.712324276,-5.264520621,1.862876254,19.5,17.5,1,2
2,-1.68406977,-5.328552554,1.872909699,19.5,17.5,1,2
2,-1.656093003,-5.393220485,1.882943144,19.5,17.5,1,2
2,-1.628390729,-5.458536348,1.892976589,19.5,17.5,1,2
2,-1.600962256,-5.524515513,1.903010033,19.5,17.5,1,2
2,-1.573804329,-5.591169776,1.913043478,19.5,17.5,1,2
2,-1.546916803,-5.658514966,1.923076923,19.5,17.5,1,2
2,-1.52029862,-5.7265634,1.933110368,19.5,17.5,1,2
2,-1.49394942,-5.79533091,1.943143813,19.5,17.5,1,2
2,-1.46786487,-5.864832213,1.953177258,19.5,17.5,1,2
2,-1.44204631,-5.935082823,1.963210702,19.5,17.5,1,2
2,-1.416491827,-6.006096854,1.973244147,19.5,17.5,1,2
2,-1.391204011,-6.07789022,1.983277592,19.5,17.5,1,2
2,-1.366178978,-6.150478792,1.993311037,19.5,17.5,1,2
2,-1.341417367,-6.223880827,2.003344482,19.5,17.5,1,2
2,-1.316920949,-6.298109539,2.013377926,19.5,17.5,1,2
2,-1.2926865,-6.373183293,2.023411371,19.5,17.5,1,2
2,-1.268714896,-6.449119578,2.033444816,19.5,17.5,1,2
2,-1.245008551,-6.525934521,2.043478261,19.5,17.5,1,2
2,-1.221566174,-6.603648065,2.053511706,19.5,17.5,1,2
2,-1.198386836,-6.68227328,2.063545151,19.5,17.5,1,2
2,-1.17547199,-6.761832607,2.073578595,19.5,17.5,1,2
2,-1.152822246,-6.84234267,2.08361204,19.5,17.5,1,2
2,-1.130437243,-6.923821735,2.093645485,19.5,17.5,1,2
2,-1.1083181,-7.006290246,2.10367893,19.5,17.5,1,2
2,-1.086464541,-7.08976637,2.113712375,19.5,17.5,1,2
2,-1.064877499,-7.174269771,2.123745819,19.5,17.5,1,2
2,-1.04355743,-7.259820418,2.133779264,19.5,17.5,1,2
2,-1.022504559,-7.346437512,2.143812709,19.5,17.5,1,2
2,-1.001719127,-7.434144191,2.153846154,19.5,17.5,1,2
2,-0.981202007,-7.522960984,2.163879599,19.5,17.5,1,2
2,-0.960954361,-7.612907435,2.173913043,19.5,17.5,1,2
2,-0.940975434,-7.704006497,2.183946488,19.5,17.5,1,2
2,-0.921266102,-7.796279952,2.193979933,19.5,17.5,1,2
2,-0.901826003,-7.889752609,2.204013378,19.5,17.5,1,2
2,-0.88265542,-7.984446303,2.214046823,19.5,17.5,1,2
2,-0.863754183,-8.0803855,2.224080268,19.5,17.5,1,2
2,-0.845123715,-8.177594419,2.234113712,19.5,17.5,1,2
2,-0.826763575,-8.276097508,2.244147157,19.5,17.5,1,2
2,-0.808673182,-8.37592131,2.254180602,19.5,17.5,1,2
2,-0.790852708,-8.477092378,2.264214047,19.5,17.5,1,2
2,-0.773301646,-8.579637691,2.274247492,19.5,17.5,1,2
2,-0.756020372,-8.683586603,2.284280936,19.5,17.5,1,2
2,-0.739008502,-8.788967246,2.294314381,19.5,17.5,1,2
2,-0.722264612,-8.895809491,2.304347826,19.5,17.5,1,2
2,-0.705788522,-9.004142655,2.314381271,19.5,17.5,1,2
2,-0.689579559,-9.113999663,2.324414716,19.5,17.5,1,2
2,-0.673637581,-9.225415451,2.334448161,19.5,17.5,1,2
2,-0.657961204,-9.33842089,2.344481605,19.5,17.5,1,2
2,-0.64254891,-9.453054606,2.35451505,19.5,17.5,1,2
2,-0.627400358,-9.569351094,2.364548495,19.5,17.5,1,2
2,-0.612514998,-9.68734744,2.37458194,19.5,17.5,1,2
2,-0.597890426,-9.807088619,2.384615385,19.5,17.5,1,2
2,-0.583525164,-9.928611293,2.394648829,19.5,17.5,1,2
2,-0.569418403,-10.05196215,2.404682274,19.5,17.5,1,2
2,-0.555568887,-10.17718158,2.414715719,19.5,17.5,1,2
2,-0.541974587,-10.30432018,2.424749164,19.5,17.5,1,2
2,-0.52863347,-10.43342926,2.434782609,19.5,17.5,1,2
2,-0.515544802,-10.56455465,2.444816054,19.5,17.5,1,2
2,-0.502705036,-10.69775594,2.454849498,19.5,17.5,1,2
2,-0.490114214,-10.83308505,2.464882943,19.5,17.5,1,2
2,-0.477768421,-10.97060469,2.474916388,19.5,17.5,1,2
2,-0.465666239,-11.11037731,2.484949833,19.5,17.5,1,2
2,-0.453806255,-11.25246636,2.494983278,19.5,17.5,1,2
2,-0.442185579,-11.39693991,2.505016722,19.5,17.5,1,2
2,-0.430801009,-11.54387837,2.515050167,19.5,17.5,1,2
2,-0.419652524,-11.6933486,2.525083612,19.5,17.5,1,2
2,-0.408737365,-11.84544002,2.535117057,19.5,17.5,1,2
2,-0.398050544,-12.000231,2.545150502,19.5,17.5,1,2
2,-0.387592225,-12.15781504,2.555183946,19.5,17.5,1,2
2,-0.377360858,-12.31832549,2.565217391,19.5,17.5,1,2
2,-0.367353066,-12.48183018,2.575250836,19.5,17.5,1,2
2,-0.357565781,-12.64843982,2.585284281,19.5,17.5,1,2
2,-0.347995979,-12.81825902,2.595317726,19.5,17.5,1,2
2,-0.338641464,-12.99141411,2.605351171,19.5,17.5,1,2
2,-0.329501045,-13.16803888,2.615384615,19.5,17.5,1,2
2,-0.320569446,-13.34826004,2.62541806,19.5,17.5,1,2
2,-0.31184623,-13.53223491,2.635451505,19.5,17.5,1,2
2,-0.303328749,-13.72011003,2.64548495,19.5,17.5,1,2
2,-0.295013751,-13.91205617,2.655518395,19.5,17.5,1,2
2,-0.286900229,-14.10825374,2.665551839,19.5,17.5,1,2
2,-0.27898479,-14.3088876,2.675585284,19.5,17.5,1,2
2,-0.271265678,-14.51416601,2.685618729,19.5,17.5,1,2
2,-0.263740489,-14.72430902,2.695652174,19.5,17.5,1,2
2,-0.256407749,-14.93954917,2.705685619,19.5,17.5,1,2
2,-0.249264028,-15.16014585,2.715719064,19.5,17.5,1,2
2,-0.242307983,-15.38636344,2.725752508,19.5,17.5,1,2
2,-0.235538643,-15.61850444,2.735785953,19.5,17.5,1,2
2,-0.228952446,-15.85688861,2.745819398,19.5,17.5,1,2
2,-0.222548141,-16.10186028,2.755852843,19.5,17.5,1,2
2,-0.216324698,-16.35379949,2.765886288,19.5,17.5,1,2
2,-0.21027944,-16.61310934,2.775919732,19.5,17.5,1,2
2,-0.204411083,-16.88024298,2.785953177,19.5,17.5,1,2
2,-0.198719026,-17.15569061,2.795986622,19.5,17.5,1,2
2,-0.1932012,-17.439984,2.806020067,19.5,17.5,1,2
2,-0.187856838,-17.73371628,2.816053512,19.5,17.5,1,2
2,-0.182684423,-18.03753039,2.826086957,19.5,17.5,1,2
2,-0.177682701,-18.35215403,2.836120401,19.5,17.5,1,2
2,-0.172851154,-18.6783803,2.846153846,19.5,17.5,1,2
2,-0.168188256,-19.01709437,2.856187291,19.5,17.5,1,2
2,-0.16369399,-19.3692913,2.866220736,19.5,17.5,1,2
2,-0.159367212,-19.73607505,2.876254181,19.5,17.5,1,2
2,-0.15520717,-20.11870732,2.886287625,19.5,17.5,1,2
2,-0.151213915,-20.5186018,2.89632107,19.5,17.5,1,2
2,-0.147387219,-20.93736328,2.906354515,19.5,17.5,1,2
2,-0.143726138,-21.37684391,2.91638796,19.5,17.5,1,2
2,-0.14023046,-21.83915664,2.926421405,19.5,17.5,1,2
2,-0.136900669,-22.32674842,2.936454849,19.5,17.5,1,2
2,-0.133737023,-22.84246776,2.946488294,19.5,17.5,1,2
2,-0.130738339,-23.38964501,2.956521739,19.5,17.5,1,2
2,-0.127905573,-23.97223286,2.966555184,19.5,17.5,1,2
2,-0.125239314,-24.59490612,2.976588629,19.5,17.5,1,2
2,-0.122739677,-25.26327741,2.986622074,19.5,17.5,1,2
2,-0.120407089,-25.98411126,2.996655518,19.5,17.5,1,2
2,-0.118241526,-26.76561823,3.006688963,19.5,17.5,1,2
2,-0.116243632,-27.61782651,3.016722408,19.5,17.5,1,2
2,-0.114414491,-28.55288362,3.026755853,19.5,17.5,1,2
2,-0.112754489,-29.58535091,3.036789298,19.5,17.5,1,2
2,-0.111264091,-30.73180141,3.046822742,19.5,17.5,1,2
2,-0.109944716,-32.00858022,3.056856187,19.5,17.5,1,2
2,-0.108797196,-33.42380545,3.066889632,19.5,17.5,1,2
2,-0.107821695,-34.95319715,3.076923077,19.5,17.5,1,2
2,-0.107018663,-36.47885163,3.086956522,19.5,17.5,1,2
2,-0.106390298,-37.68785233,3.096989967,19.5,17.5,1,2
2,-0.105936674,-38.10437971,3.107023411,19.5,17.5,1,2
2,-0.105658425,-37.51279269,3.117056856,19.5,17.5,1,2
2,-0.105557851,-36.22164324,3.127090301,19.5,17.5,1,2
2,-0.105634968,-34.68503659,3.137123746,19.5,17.5,1,2
2,-0.105890763,-33.17337467,3.147157191,19.5,17.5,1,2
2,-0.106325115,-31.78344969,3.157190635,19.5,17.5,1,2
2,-0.106940956,-30.53177274,3.16722408,19.5,17.5,1,2
2,-0.107737505,-29.40803391,3.177257525,19.5,17.5,1,2
2,-0.108716803,-28.39550953,3.18729097,19.5,17.5,1,2
2,-0.109879798,-27.47783845,3.197324415,19.5,17.5,1,2
2,-0.111226751,-26.64089724,3.20735786,19.5,17.5,1,2
2,-0.112758541,-25.87287647,3.217391304,19.5,17.5,1,2
2,-0.114475778,-25.16412604,3.227424749,19.5,17.5,1,2
2,-0.11637999,-24.50669091,3.237458194,19.5,17.5,1,2
2,-0.118470576,-23.89400919,3.247491639,19.5,17.5,1,2
2,-0.120748618,-23.32068054,3.257525084,19.5,17.5,1,2
2,-0.123215557,-22.7821418,3.267558528,19.5,17.5,1,2
2,-0.125870477,-22.27460131,3.277591973,19.5,17.5,1,2
2,-0.128715492,-21.79480606,3.287625418,19.5,17.5,1,2
2,-0.13175015,-21.33997641,3.297658863,19.5,17.5,1,2
2,-0.13497528,-20.90794342,3.307692308,19.5,17.5,1,2
2,-0.138392764,-20.49649394,3.317725753,19.5,17.5,1,2
2,-0.141999261,-20.10374074,3.327759197,19.5,17.5,1,2
2,-0.145797427,-19.7281404,3.337792642,19.5,17.5,1,2
2,-0.149785093,-19.3682985,3.347826087,19.5,17.5,1,2
2,-0.153964024,-19.02301515,3.357859532,19.5,17.5,1,2
2,-0.158333174,-18.69119626,3.367892977,19.5,17.5,1,2
2,-0.162892526,-18.37187259,3.377926421,19.5,17.5,1,2
2,-0.1676418,-18.06418957,3.387959866,19.5,17.5,1,2
2,-0.172581514,-17.76735816,3.397993311,19.5,17.5,1,2
2,-0.177708796,-17.4806855,3.408026756,19.5,17.5,1,2
2,-0.183025492,-17.20353035,3.418060201,19.5,17.5,1,2
2,-0.188531402,-16.93530874,3.428093645,19.5,17.5,1,2
2,-0.194224107,-16.6755042,3.43812709,19.5,17.5,1,2
2,-0.2001039,-16.423627,3.448160535,19.5,17.5,1,2
2,-0.206169596,-16.17924481,3.45819398,19.5,17.5,1,2
2,-0.212421331,-15.94194643,3.468227425,19.5,17.5,1,2
2,-0.218857224,-15.71135786,3.47826087,19.5,17.5,1,2
2,-0.225476153,-15.48713987,3.488294314,19.5,17.5,1,2
2,-0.232278485,-15.26897063,3.498327759,19.5,17.5,1,2
2,-0.239261428,-15.05656134,3.508361204,19.5,17.5,1,2
2,-0.246424506,-14.84963157,3.518394649,19.5,17.5,1,2
2,-0.253767408,-14.6479269,3.528428094,19.5,17.5,1,2
2,-0.261287359,-14.45121567,3.538461538,19.5,17.5,1,2
2,-0.268984226,-14.25927161,3.548494983,19.5,17.5,1,2
2,-0.27685714,-14.07188753,3.558528428,19.5,17.5,1,2
2,-0.284903949,-13.88887157,3.568561873,19.5,17.5,1,2
2,-0.293123505,-13.71003907,3.578595318,19.5,17.5,1,2
2,-0.301513988,-13.53522382,3.588628763,19.5,17.5,1,2
2,-0.310075021,-13.36425918,3.598662207,19.5,17.5,1,2
2,-0.318804598,-13.19699506,3.608695652,19.5,17.5,1,2
2,-0.32770185,-13.03329001,3.618729097,19.5,17.5,1,2
2,-0.336763777,-12.87300749,3.628762542,19.5,17.5,1,2
2,-0.345990119,-12.71602227,3.638795987,19.5,17.5,1,2
2,-0.355380395,-12.56220952,3.648829431,19.5,17.5,1,2
2,-0.364931641,-12.41145633,3.658862876,19.5,17.5,1,2
2,-0.374642446,-12.26365344,3.668896321,19.5,17.5,1,2
2,-0.384513,-12.11869804,3.678929766,19.5,17.5,1,2
2,-0.394540567,-11.97649324,3.688963211,19.5,17.5,1,2
2,-0.404724398,-11.83694143,3.698996656,19.5,17.5,1,2
2,-0.415063654,-11.69995627,3.7090301,19.5,17.5,1,2
2,-0.425556602,-11.56545438,3.719063545,19.5,17.5,1,2
2,-0.436201336,-11.43335048,3.72909699,19.5,17.5,1,2
2,-0.446997441,-11.30357018,3.739130435,19.5,17.5,1,2
2,-0.457944111,-11.1760393,3.74916388,19.5,17.5,1,2
2,-0.469039402,-11.05068717,3.759197324,19.5,17.5,1,2
2,-0.480282596,-10.92744686,3.769230769,19.5,17.5,1,2
2,-0.491673695,-10.80625164,3.779264214,19.5,17.5,1,2
2,-0.50321077,-10.6870407,3.789297659,19.5,17.5,1,2
2,-0.514893364,-10.56975459,3.799331104,19.5,17.5,1,2
2,-0.526720284,-10.45433701,3.809364548,19.5,17.5,1,2
2,-0.538691598,-10.34073424,3.819397993,19.5,17.5,1,2
2,-0.550806531,-10.22888976,3.829431438,19.5,17.5,1,2
2,-0.563063972,-10.11875853,3.839464883,19.5,17.5,1,2
2,-0.575464416,-10.01028822,3.849498328,19.5,17.5,1,2
2,-0.588007046,-9.903436136,3.859531773,19.5,17.5,1,2
2,-0.600691163,-9.798157223,3.869565217,19.5,17.5,1,2
2,-0.613516837,-9.694404155,3.879598662,19.5,17.5,1,2
2,-0.626484,-9.592140587,3.889632107,19.5,17.5,1,2
2,-0.639592591,-9.491325653,3.899665552,19.5,17.5,1,2
2,-0.652843006,-9.391922014,3.909698997,19.5,17.5,1,2
2,-0.66623405,-9.293893362,3.919732441,19.5,17.5,1,2
2,-0.679767366,-9.197202032,3.929765886,19.5,17.5,1,2
2,-0.693442664,-9.101817736,3.939799331,19.5,17.5,1,2
2,-0.707260322,-9.007706541,3.949832776,19.5,17.5,1,2
2,-0.721220544,-8.914835466,3.959866221,19.5,17.5,1,2
2,-0.73532412,-8.82317702,3.969899666,19.5,17.5,1,2
2,-0.749571799,-8.73270176,3.97993311,19.5,17.5,1,2
2,-0.763964444,-8.643382742,3.989966555,19.5,17.5,1,2
2,-0.778501312,-8.555191422,4,19.5,17.5,1,2
3,-5.536301215,-1.531577462,1,20,18,1,2
3,-5.460552986,-1.56298067,1.010033445,20,18,1,2
3,-5.385885199,-1.594800208,1.02006689,20,18,1,2
3,-5.312285957,-1.627031845,1.030100334,20,18,1,2
3,-5.239741824,-1.659671673,1.040133779,20,18,1,2
3,-5.16823882,-1.69271599,1.050167224,20,18,1,2
3,-5.097763902,-1.726158627,1.060200669,20,18,1,2
3,-5.028305983,-1.759996922,1.070234114,20,18,1,2
3,-4.959857416,-1.794227847,1.080267559,20,18,1,2
3,-4.892392115,-1.828843053,1.090301003,20,18,1,2
3,-4.825896411,-1.86383719,1.100334448,20,18,1,2
3,-4.760352861,-1.899203126,1.110367893,20,18,1,2
3,-4.695745848,-1.934936685,1.120401338,20,18,1,2
3,-4.632060067,-1.971031389,1.130434783,20,18,1,2
3,-4.569275209,-2.007480442,1.140468227,20,18,1,2
3,-4.507377656,-2.044281749,1.150501672,20,18,1,2
3,-4.446348724,-2.081428753,1.160535117,20,18,1,2
3,-4.386169709,-2.118913571,1.170568562,20,18,1,2
3,-4.326824322,-2.156734895,1.180602007,20,18,1,2
3,-4.268293444,-2.194886639,1.190635452,20,18,1,2
3,-4.210558421,-2.233363453,1.200668896,20,18,1,2
3,-4.153603035,-2.272162419,1.210702341,20,18,1,2
3,-4.097407668,-2.31127865,1.220735786,20,18,1,2
3,-4.041952573,-2.350710471,1.230769231,20,18,1,2
3,-3.98722126,-2.390453615,1.240802676,20,18,1,2
3,-3.933194664,-2.430506079,1.25083612,20,18,1,2
3,-3.879854838,-2.47086634,1.260869565,20,18,1,2
3,-3.827183536,-2.511532193,1.27090301,20,18,1,2
3,-3.775162592,-2.55250394,1.280936455,20,18,1,2
3,-3.723775479,-2.593780291,1.2909699,20,18,1,2
3,-3.673004512,-2.635361509,1.301003344,20,18,1,2
3,-3.622831992,-2.677249859,1.311036789,20,18,1,2
3,-3.573241533,-2.719445973,1.321070234,20,18,1,2
3,-3.524216328,-2.761952204,1.331103679,20,18,1,2
3,-3.475741005,-2.804770589,1.341137124,20,18,1,2
3,-3.42780112,-2.847904574,1.351170569,20,18,1,2
3,-3.380381611,-2.891359488,1.361204013,20,18,1,2
3,-3.333466375,-2.935140294,1.371237458,20,18,1,2
3,-3.287042924,-2.979251555,1.381270903,20,18,1,2
3,-3.241098701,-3.023698135,1.391304348,20,18,1,2
3,-3.195619055,-3.068488042,1.401337793,20,18,1,2
3,-3.150592967,-3.113628654,1.411371237,20,18,1,2
3,-3.106009664,-3.159127156,1.421404682,20,18,1,2
3,-3.061858129,-3.204992953,1.431438127,20,18,1,2
3,-3.018128398,-3.251234312,1.441471572,20,18,1,2
3,-2.97481032,-3.297859385,1.451505017,20,18,1,2
3,-2.931894949,-3.344879054,1.461538462,20,18,1,2
3,-2.889374453,-3.392304385,1.471571906,20,18,1,2
3,-2.847242605,-3.440146033,1.481605351,20,18,1,2
3,-2.805492174,-3.488413721,1.491638796,20,18,1,2
3,-2.76411622,-3.537120199,1.501672241,20,18,1,2
3,-2.72310954,-3.586277778,1.511705686,20,18,1,2
3,-2.68246767,-3.635897709,1.52173913,20,18,1,2
3,-2.642188011,-3.685992669,1.531772575,20,18,1,2
3,-2.602264654,-3.736575434,1.54180602,20,18,1,2
3,-2.562694983,-3.787658257,1.551839465,20,18,1,2
3,-2.523477504,-3.839254517,1.56187291,20,18,1,2
3,-2.48461,-3.891378246,1.571906355,20,18,1,2
3,-2.446091893,-3.944041572,1.581939799,20,18,1,2
3,-2.407921375,-3.997257672,1.591973244,20,18,1,2
3,-2.370097794,-4.051039991,1.602006689,20,18,1,2
3,-2.332621595,-4.10540121,1.612040134,20,18,1,2
3,-2.295494362,-4.160355299,1.622073579,20,18,1,2
3,-2.258715167,-4.215914925,1.632107023,20,18,1,2
3,-2.222285833,-4.27209253,1.642140468,20,18,1,2
3,-2.186208138,-4.328900798,1.652173913,20,18,1,2
3,-2.150482882,-4.386353797,1.662207358,20,18,1,2
3,-2.115112052,-4.444460785,1.672240803,20,18,1,2
3,-2.080097654,-4.503237327,1.682274247,20,18,1,2
3,-2.04544353,-4.562692091,1.692307692,20,18,1,2
3,-2.01114918,-4.622838384,1.702341137,20,18,1,2
3,-1.977219412,-4.683687008,1.712374582,20,18,1,2
3,-1.943655076,-4.745249831,1.722408027,20,18,1,2
3,-1.910458126,-4.807536485,1.732441472,20,18,1,2
3,-1.87763215,-4.870556564,1.742474916,20,18,1,2
3,-1.845179565,-4.934323058,1.752508361,20,18,1,2
3,-1.813101919,-4.998841233,1.762541806,20,18,1,2
3,-1.781401213,-5.06412393,1.772575251,20,18,1,2
3,-1.750080198,-5.130179092,1.782608696,20,18,1,2
3,-1.719140048,-5.197014384,1.79264214,20,18,1,2
3,-1.688581764,-5.264640537,1.802675585,20,18,1,2
3,-1.658409094,-5.333062735,1.81270903,20,18,1,2
3,-1.628624931,-5.40230291,1.822742475,20,18,1,2
3,-1.59922636,-5.472357348,1.83277592,20,18,1,2
3,-1.570214264,-5.543230026,1.842809365,20,18,1,2
3,-1.541589366,-5.614930881,1.852842809,20,18,1,2
3,-1.513349171,-5.687468046,1.862876254,20,18,1,2
3,-1.485497186,-5.760846324,1.872909699,20,18,1,2
3,-1.458031122,-5.835074596,1.882943144,20,18,1,2
3,-1.430948985,-5.910156231,1.892976589,20,18,1,2
3,-1.404249906,-5.986100884,1.903010033,20,18,1,2
3,-1.377934037,-6.062912481,1.913043478,20,18,1,2
3,-1.351997149,-6.140601159,1.923076923,20,18,1,2
3,-1.326437492,-6.219172438,1.933110368,20,18,1,2
3,-1.30125492,-6.298631263,1.943143813,20,18,1,2
3,-1.276442637,-6.378988225,1.953177258,20,18,1,2
3,-1.251998847,-6.460248056,1.963210702,20,18,1,2
3,-1.227922886,-6.542419501,1.973244147,20,18,1,2
3,-1.204207488,-6.625511824,1.983277592,20,18,1,2
3,-1.180849893,-6.709532361,1.993311037,20,18,1,2
3,-1.157845234,-6.79449018,2.003344482,20,18,1,2
3,-1.13519066,-6.880395189,2.013377926,20,18,1,2
3,-1.112879465,-6.967258262,2.023411371,20,18,1,2
3,-1.090908958,-7.055090563,2.033444816,20,18,1,2
3,-1.069270853,-7.143901299,2.043478261,20,18,1,2
3,-1.047962315,-7.233706998,2.053511706,20,18,1,2
3,-1.026978298,-7.324517455,2.063545151,20,18,1,2
3,-1.006312495,-7.416350071,2.073578595,20,18,1,2
3,-0.985957403,-7.509218135,2.08361204,20,18,1,2
3,-0.965910249,-7.603137595,2.093645485,20,18,1,2
3,-0.946163288,-7.698128842,2.10367893,20,18,1,2
3,-0.926710648,-7.794210568,2.113712375,20,18,1,2
3,-0.90754772,-7.891402058,2.123745819,20,18,1,2
3,-0.88866846,-7.989725153,2.133779264,20,18,1,2
3,-0.870067474,-8.089201065,2.143812709,20,18,1,2
3,-0.851738678,-8.189856856,2.153846154,20,18,1,2
3,-0.83367546,-8.291717702,2.163879599,20,18,1,2
3,-0.815873263,-8.394811369,2.173913043,20,18,1,2
3,-0.79832663,-8.499167247,2.183946488,20,18,1,2
3,-0.781031638,-8.604816411,2.193979933,20,18,1,2
3,-0.763981283,-8.71179386,2.204013378,20,18,1,2
3,-0.747171245,-8.820133115,2.214046823,20,18,1,2
3,-0.730597745,-8.92987167,2.224080268,20,18,1,2
3,-0.714254437,-9.041048675,2.234113712,20,18,1,2
3,-0.698139189,-9.153703805,2.244147157,20,18,1,2
3,-0.682247305,-9.267882983,2.254180602,20,18,1,2
3,-0.666574146,-9.383631061,2.264214047,20,18,1,2
3,-0.651117628,-9.500994796,2.274247492,20,18,1,2
3,-0.635873627,-9.620028462,2.284280936,20,18,1,2
3,-0.620840655,-9.740782226,2.294314381,20,18,1,2
3,-0.60601436,-9.863312823,2.304347826,20,18,1,2
3,-0.591393841,-9.98767874,2.314381271,20,18,1,2
3,-0.576976319,-10.11393962,2.324414716,20,18,1,2
3,-0.56275988,-10.24216335,2.334448161,20,18,1,2
3,-0.548743929,-10.37241513,2.344481605,20,18,1,2
3,-0.534926624,-10.50476774,2.35451505,20,18,1,2
3,-0.521308337,-10.63929194,2.364548495,20,18,1,2
3,-0.507886918,-10.77606559,2.37458194,20,18,1,2
3,-0.494663014,-10.91517329,2.384615385,20,18,1,2
3,-0.481636007,-11.05669678,2.394648829,20,18,1,2
3,-0.468806716,-11.20072674,2.404682274,20,18,1,2
3,-0.456175623,-11.34735411,2.414715719,20,18,1,2
3,-0.443743099,-11.49667629,2.424749164,20,18,1,2
3,-0.431509927,-11.64880264,2.434782609,20,18,1,2
3,-0.419477081,-11.80383244,2.444816054,20,18,1,2
3,-0.407646188,-11.96188567,2.454849498,20,18,1,2
3,-0.396019393,-12.12307407,2.464882943,20,18,1,2
3,-0.384598513,-12.28752478,2.474916388,20,18,1,2
3,-0.373383685,-12.45537406,2.484949833,20,18,1,2
3,-0.362378052,-12.62675358,2.494983278,20,18,1,2
3,-0.351582811,-12.80181097,2.505016722,20,18,1,2
3,-0.341000751,-12.98070511,2.515050167,20,18,1,2
3,-0.330634306,-13.16359327,2.525083612,20,18,1,2
3,-0.320484415,-13.35065449,2.535117057,20,18,1,2
3,-0.31055419,-13.54206209,2.545150502,20,18,1,2
3,-0.300846594,-13.73801544,2.555183946,20,18,1,2
3,-0.291365194,-13.93878526,2.565217391,20,18,1,2
3,-0.282110119,-14.14453675,2.575250836,20,18,1,2
3,-0.273083491,-14.35550934,2.585284281,20,18,1,2
3,-0.264286791,-14.57194409,2.595317726,20,18,1,2
3,-0.255723277,-14.79411558,2.605351171,20,18,1,2
3,-0.247393195,-15.02232062,2.615384615,20,18,1,2
3,-0.23929949,-15.25686037,2.62541806,20,18,1,2
3,-0.231443666,-15.49808186,2.635451505,20,18,1,2
3,-0.223826134,-15.7463405,2.64548495,20,18,1,2
3,-0.216450467,-16.0020348,2.655518395,20,18,1,2
3,-0.209315388,-16.26560008,2.665551839,20,18,1,2
3,-0.20242365,-16.53749106,2.675585284,20,18,1,2
3,-0.195774764,-16.81822474,2.685618729,20,18,1,2
3,-0.189370329,-17.10836623,2.695652174,20,18,1,2
3,-0.183211039,-17.40852074,2.705685619,20,18,1,2
3,-0.177296457,-17.71937398,2.715719064,20,18,1,2
3,-0.171625711,-18.04166673,2.725752508,20,18,1,2
3,-0.166200248,-18.37623811,2.735785953,20,18,1,2
3,-0.161019288,-18.72402156,2.745819398,20,18,1,2
3,-0.156081836,-19.08604673,2.755852843,20,18,1,2
3,-0.151386856,-19.4634894,2.765886288,20,18,1,2
3,-0.146933559,-19.85765732,2.775919732,20,18,1,2
3,-0.142721658,-20.27005699,2.785953177,20,18,1,2
3,-0.138748595,-20.70239486,2.795986622,20,18,1,2
3,-0.135012891,-21.1566214,2.806020067,20,18,1,2
3,-0.131513105,-21.635002,2.816053512,20,18,1,2
3,-0.12824728,-22.14014442,2.826086957,20,18,1,2
3,-0.125212856,-22.67512726,2.836120401,20,18,1,2
3,-0.122407129,-23.24355714,2.846153846,20,18,1,2
3,-0.119828693,-23.84970943,2.856187291,20,18,1,2
3,-0.117474877,-24.49870949,2.866220736,20,18,1,2
3,-0.115342556,-25.19671558,2.876254181,20,18,1,2
3,-0.113428386,-25.95124289,2.886287625,20,18,1,2
3,-0.111729852,-26.77145407,2.89632107,20,18,1,2
3,-0.110245031,-27.6685798,2.906354515,20,18,1,2
3,-0.108969427,-28.65637908,2.91638796,20,18,1,2
3,-0.10790006,-29.75128388,2.926421405,20,18,1,2
3,-0.10703453,-30.97174624,2.936454849,20,18,1,2
3,-0.106369094,-32.33453044,2.946488294,20,18,1,2
3,-0.105900575,-33.84181782,2.956521739,20,18,1,2
3,-0.105626104,-35.44307874,2.966555184,20,18,1,2
3,-0.105542173,-36.94569624,2.976588629,20,18,1,2
3,-0.105645587,-37.92335798,2.986622074,20,18,1,2
3,-0.105933979,-37.91995672,2.996655518,20,18,1,2
3,-0.106403459,-36.94619485,3.006688963,20,18,1,2
3,-0.107051889,-35.45815333,3.016722408,20,18,1,2
3,-0.107875857,-33.87374273,3.026755853,20,18,1,2
3,-0.108872296,-32.3833104,3.036789298,20,18,1,2
3,-0.110039876,-31.03715281,3.046822742,20,18,1,2
3,-0.111376118,-29.83300731,3.056856187,20,18,1,2
3,-0.112877525,-28.75405886,3.066889632,20,18,1,2
3,-0.114542977,-27.78188029,3.076923077,20,18,1,2
3,-0.116370107,-26.90001737,3.086956522,20,18,1,2
3,-0.118356626,-26.09475528,3.096989967,20,18,1,2
3,-0.120501283,-25.35484866,3.107023411,20,18,1,2
3,-0.122803362,-24.67111592,3.117056856,20,18,1,2
3,-0.125261671,-24.03608175,3.127090301,20,18,1,2
3,-0.127873695,-23.44356643,3.137123746,20,18,1,2
3,-0.130639276,-22.88843224,3.147157191,20,18,1,2
3,-0.133558193,-22.36641303,3.157190635,20,18,1,2
3,-0.136630375,-21.87388322,3.16722408,20,18,1,2
3,-0.13985474,-21.40778728,3.177257525,20,18,1,2
3,-0.14323095,-20.96549278,3.18729097,20,18,1,2
3,-0.14676063,-20.54472904,3.197324415,20,18,1,2
3,-0.15044222,-20.14355129,3.20735786,20,18,1,2
3,-0.154278404,-19.76023463,3.217391304,20,18,1,2
3,-0.158267151,-19.39329731,3.227424749,20,18,1,2
3,-0.162412278,-19.04141123,3.237458194,20,18,1,2
3,-0.166713232,-18.7034008,3.247491639,20,18,1,2
3,-0.171171671,-18.37824149,3.257525084,20,18,1,2
3,-0.175788071,-18.06499405,3.267558528,20,18,1,2
3,-0.180565456,-17.76284227,3.277591973,20,18,1,2
3,-0.185504344,-17.47103085,3.287625418,20,18,1,2
3,-0.190606321,-17.18888257,3.297658863,20,18,1,2
3,-0.19587528,-16.91587806,3.307692308,20,18,1,2
3,-0.201313406,-16.65140521,3.317725753,20,18,1,2
3,-0.206919031,-16.39492096,3.327759197,20,18,1,2
3,-0.212696986,-16.14597904,3.337792642,20,18,1,2
3,-0.218647529,-15.90415196,3.347826087,20,18,1,2
3,-0.224773574,-15.66906684,3.357859532,20,18,1,2
3,-0.231077279,-15.44036739,3.367892977,20,18,1,2
3,-0.23755935,-15.21772536,3.377926421,20,18,1,2
3,-0.24422448,-15.00085236,3.387959866,20,18,1,2
3,-0.2510725,-14.78946257,3.397993311,20,18,1,2
3,-0.258107337,-14.58331069,3.408026756,20,18,1,2
3,-0.265328658,-14.38215509,3.418060201,20,18,1,2
3,-0.272740516,-14.18577357,3.428093645,20,18,1,2
3,-0.280342835,-13.99396892,3.43812709,20,18,1,2
3,-0.288138836,-13.80654392,3.448160535,20,18,1,2
3,-0.296128869,-13.62332849,3.45819398,20,18,1,2
3,-0.304314593,-13.44415098,3.468227425,20,18,1,2
3,-0.312697762,-13.26885472,3.47826087,20,18,1,2
3,-0.321280149,-13.09729875,3.488294314,20,18,1,2
3,-0.330062647,-12.9293428,3.498327759,20,18,1,2
3,-0.339046104,-12.76486346,3.508361204,20,18,1,2
3,-0.348229561,-12.60373419,3.518394649,20,18,1,2
3,-0.357615104,-12.44584108,3.528428094,20,18,1,2
3,-0.367202481,-12.29108026,3.538461538,20,18,1,2
3,-0.376992519,-12.13934612,3.548494983,20,18,1,2
3,-0.386985283,-11.99054147,3.558528428,20,18,1,2
3,-0.397181052,-11.84457739,3.568561873,20,18,1,2
3,-0.407578374,-11.70136401,3.578595318,20,18,1,2
3,-0.418176963,-11.56082183,3.588628763,20,18,1,2
3,-0.428976708,-11.42286803,3.598662207,20,18,1,2
3,-0.439976545,-11.28742752,3.608695652,20,18,1,2
3,-0.451175069,-11.15443021,3.618729097,20,18,1,2
3,-0.462571283,-11.02380504,3.628762542,20,18,1,2
3,-0.474164147,-10.89548894,3.638795987,20,18,1,2
3,-0.485952159,-10.76941406,3.648829431,20,18,1,2
3,-0.497932857,-10.64552117,3.658862876,20,18,1,2
3,-0.510104943,-10.52375173,3.668896321,20,18,1,2
3,-0.522467201,-10.40404803,3.678929766,20,18,1,2
3,-0.535016545,-10.28635734,3.688963211,20,18,1,2
3,-0.547751219,-10.17062373,3.698996656,20,18,1,2
3,-0.560669044,-10.05679692,3.7090301,20,18,1,2
3,-0.57376769,-9.944830565,3.719063545,20,18,1,2
3,-0.587044619,-9.834672717,3.72909699,20,18,1,2
3,-0.600497466,-9.726278077,3.739130435,20,18,1,2
3,-0.614124054,-9.61960134,3.74916388,20,18,1,2
3,-0.627921253,-9.514598788,3.759197324,20,18,1,2
3,-0.641886346,-9.411228382,3.769230769,20,18,1,2
3,-0.656017461,-9.309446525,3.779264214,20,18,1,2
3,-0.670311738,-9.209215672,3.789297659,20,18,1,2
3,-0.684766899,-9.110493511,3.799331104,20,18,1,2
3,-0.699379769,-9.013243895,3.809364548,20,18,1,2
3,-0.714148241,-8.917429175,3.819397993,20,18,1,2
3,-0.729071236,-8.823010003,3.829431438,20,18,1,2
3,-0.744144581,-8.729954759,3.839464883,20,18,1,2
3,-0.759366334,-8.63822565,3.849498328,20,18,1,2
3,-0.77473571,-8.547791957,3.859531773,20,18,1,2
3,-0.790248905,-8.458619887,3.869565217,20,18,1,2
3,-0.805906294,-8.370674419,3.879598662,20,18,1,2
3,-0.821704167,-8.283928203,3.889632107,20,18,1,2
3,-0.837642407,-8.198348913,3.899665552,20,18,1,2
3,-0.853718679,-8.113907607,3.909698997,20,18,1,2
3,-0.869932158,-8.030576288,3.919732441,20,18,1,2
3,-0.886282121,-7.948324424,3.929765886,20,18,1,2
3,-0.902766471,-7.867127837,3.939799331,20,18,1,2
3,-0.919385931,-7.786959889,3.949832776,20,18,1,2
3,-0.936139294,-7.707791777,3.959866221,20,18,1,2
3,-0.953025618,-7.629602373,3.969899666,20,18,1,2
3,-0.970047167,-7.552365816,3.97993311,20,18,1,2
3,-0.987201437,-7.476060699,3.989966555,20,18,1,2
3,-1.004490083,-7.400661833,4,20,18,1,2
4,-5.354069134,-1.624765254,1,20.5,18.5,1,2
4,-5.279800942,-1.655274359,1.010033445,20.5,18.5,1,2
4,-5.206229163,-1.686199501,1.02006689,20.5,18.5,1,2
4,-5.133353468,-1.717558236,1.030100334,20.5,18.5,1,2
4,-5.061176815,-1.749367388,1.040133779,20.5,18.5,1,2
4,-4.989697806,-1.781644896,1.050167224,20.5,18.5,1,2
4,-4.918921354,-1.814406052,1.060200669,20.5,18.5,1,2
4,-4.848855397,-1.847670006,1.070234114,20.5,18.5,1,2
4,-4.779508525,-1.881451369,1.080267559,20.5,18.5,1,2
4,-4.710879714,-1.915760934,1.090301003,20.5,18.5,1,2
4,-4.642976291,-1.950609755,1.100334448,20.5,18.5,1,2
4,-4.575804896,-1.98600938,1.110367893,20.5,18.5,1,2
4,-4.509373885,-2.021969113,1.120401338,20.5,18.5,1,2
4,-4.443688561,-2.058496093,1.130434783,20.5,18.5,1,2
4,-4.378757596,-2.095601165,1.140468227,20.5,18.5,1,2
4,-4.314587213,-2.133287396,1.150501672,20.5,18.5,1,2
4,-4.251185143,-2.171561597,1.160535117,20.5,18.5,1,2
4,-4.188555948,-2.210424613,1.170568562,20.5,18.5,1,2
4,-4.126707683,-2.249878387,1.180602007,20.5,18.5,1,2
4,-4.065642541,-2.289927227,1.190635452,20.5,18.5,1,2
4,-4.005365854,-2.330567181,1.200668896,20.5,18.5,1,2
4,-3.945882233,-2.371799,1.210702341,20.5,18.5,1,2
4,-3.887193045,-2.413618635,1.220735786,20.5,18.5,1,2
4,-3.829299262,-2.456021597,1.230769231,20.5,18.5,1,2
4,-3.772202067,-2.49900269,1.240802676,20.5,18.5,1,2
4,-3.71590095,-2.542556854,1.25083612,20.5,18.5,1,2
4,-3.66039348,-2.586677834,1.260869565,20.5,18.5,1,2
4,-3.605678372,-2.631355352,1.27090301,20.5,18.5,1,2
4,-3.551750546,-2.676581822,1.280936455,20.5,18.5,1,2
4,-3.498604188,-2.72234792,1.2909699,20.5,18.5,1,2
4,-3.446234304,-2.768644142,1.301003344,20.5,18.5,1,2
4,-3.394634298,-2.815459759,1.311036789,20.5,18.5,1,2
4,-3.343792809,-2.862784136,1.321070234,20.5,18.5,1,2
4,-3.293702894,-2.910606185,1.331103679,20.5,18.5,1,2
4,-3.244353607,-2.958914243,1.341137124,20.5,18.5,1,2
4,-3.195733594,-3.007697542,1.351170569,20.5,18.5,1,2
4,-3.147829835,-3.05694398,1.361204013,20.5,18.5,1,2
4,-3.100629046,-3.10664427,1.371237458,20.5,18.5,1,2
4,-3.054117639,-3.156788262,1.381270903,20.5,18.5,1,2
4,-3.008280237,-3.207363392,1.391304348,20.5,18.5,1,2
4,-2.963101897,-3.258360935,1.401337793,20.5,18.5,1,2
4,-2.91856677,-3.309772608,1.411371237,20.5,18.5,1,2
4,-2.874657922,-3.36158994,1.421404682,20.5,18.5,1,2
4,-2.831358059,-3.413806059,1.431438127,20.5,18.5,1,2
4,-2.788650818,-3.46641389,1.441471572,20.5,18.5,1,2
4,-2.74651787,-3.519408149,1.451505017,20.5,18.5,1,2
4,-2.704941509,-3.572785362,1.461538462,20.5,18.5,1,2
4,-2.66390462,-3.626541798,1.471571906,20.5,18.5,1,2
4,-2.623388548,-3.680676279,1.481605351,20.5,18.5,1,2
4,-2.583377016,-3.735188946,1.491638796,20.5,18.5,1,2
4,-2.543851278,-3.790080486,1.501672241,20.5,18.5,1,2
4,-2.504794761,-3.845354281,1.511705686,20.5,18.5,1,2
4,-2.466191261,-3.90101412,1.52173913,20.5,18.5,1,2
4,-2.428023766,-3.957064408,1.531772575,20.5,18.5,1,2
4,-2.39027678,-4.01351326,1.54180602,20.5,18.5,1,2
4,-2.352934322,-4.0703689,1.551839465,20.5,18.5,1,2
4,-2.315982544,-4.127642652,1.56187291,20.5,18.5,1,2
4,-2.279407604,-4.185345438,1.571906355,20.5,18.5,1,2
4,-2.243197757,-4.243489571,1.581939799,20.5,18.5,1,2
4,-2.207339374,-4.302090437,1.591973244,20.5,18.5,1,2
4,-2.171820039,-4.361164286,1.602006689,20.5,18.5,1,2
4,-2.136630879,-4.420728194,1.612040134,20.5,18.5,1,2
4,-2.101762907,-4.480798921,1.622073579,20.5,18.5,1,2
4,-2.067206715,-4.541398491,1.632107023,20.5,18.5,1,2
4,-2.032955631,-4.602546296,1.642140468,20.5,18.5,1,2
4,-1.999000967,-4.664264289,1.652173913,20.5,18.5,1,2
4,-1.965339542,-4.726576543,1.662207358,20.5,18.5,1,2
4,-1.931966473,-4.789503877,1.672240803,20.5,18.5,1,2
4,-1.898877084,-4.853073271,1.682274247,20.5,18.5,1,2
4,-1.866067609,-4.917309486,1.692307692,20.5,18.5,1,2
4,-1.833538849,-4.982236703,1.702341137,20.5,18.5,1,2
4,-1.801289821,-5.047879623,1.712374582,20.5,18.5,1,2
4,-1.7693184,-5.114266413,1.722408027,20.5,18.5,1,2
4,-1.737629004,-5.181424069,1.732441472,20.5,18.5,1,2
4,-1.706219204,-5.249377262,1.742474916,20.5,18.5,1,2
4,-1.675092636,-5.318154142,1.752508361,20.5,18.5,1,2
4,-1.644253819,-5.387777739,1.762541806,20.5,18.5,1,2
4,-1.613705485,-5.458278905,1.772575251,20.5,18.5,1,2
4,-1.583450815,-5.529681094,1.782608696,20.5,18.5,1,2
4,-1.553495998,-5.60200906,1.79264214,20.5,18.5,1,2
4,-1.523844192,-5.675289902,1.802675585,20.5,18.5,1,2
4,-1.494501987,-5.7495489,1.81270903,20.5,18.5,1,2
4,-1.465479172,-5.824819581,1.822742475,20.5,18.5,1,2
4,-1.436777342,-5.901114902,1.83277592,20.5,18.5,1,2
4,-1.408402891,-5.978458219,1.842809365,20.5,18.5,1,2
4,-1.380359343,-6.056870956,1.852842809,20.5,18.5,1,2
4,-1.352656672,-6.136372998,1.862876254,20.5,18.5,1,2
4,-1.325297276,-6.216984487,1.872909699,20.5,18.5,1,2
4,-1.298287199,-6.298727311,1.882943144,20.5,18.5,1,2
4,-1.271634888,-6.381615879,1.892976589,20.5,18.5,1,2
4,-1.245343839,-6.465671873,1.903010033,20.5,18.5,1,2
4,-1.219417553,-6.550909406,1.913043478,20.5,18.5,1,2
4,-1.193861957,-6.637347418,1.923076923,20.5,18.5,1,2
4,-1.168682389,-6.724997994,1.933110368,20.5,18.5,1,2
4,-1.143880374,-6.813876173,1.943143813,20.5,18.5,1,2
4,-1.119459511,-6.903996634,1.953177258,20.5,18.5,1,2
4,-1.095425045,-6.995373403,1.963210702,20.5,18.5,1,2
4,-1.071775513,-7.088016744,1.973244147,20.5,18.5,1,2
4,-1.048516313,-7.181940353,1.983277592,20.5,18.5,1,2
4,-1.025645263,-7.277155524,1.993311037,20.5,18.5,1,2
4,-1.003163214,-7.373673997,2.003344482,20.5,18.5,1,2
4,-0.981071449,-7.471504633,2.013377926,20.5,18.5,1,2
4,-0.959368821,-7.570661877,2.023411371,20.5,18.5,1,2
4,-0.938052043,-7.671156748,2.033444816,20.5,18.5,1,2
4,-0.917120848,-7.772996349,2.043478261,20.5,18.5,1,2
4,-0.896570874,-7.876196629,2.053511706,20.5,18.5,1,2
4,-0.876401594,-7.980767232,2.063545151,20.5,18.5,1,2
4,-0.85660585,-8.086722805,2.073578595,20.5,18.5,1,2
4,-0.837180923,-8.194077416,2.08361204,20.5,18.5,1,2
4,-0.818121792,-8.302842904,2.093645485,20.5,18.5,1,2
4,-0.799421926,-8.413037669,2.10367893,20.5,18.5,1,2
4,-0.781076633,-8.524679256,2.113712375,20.5,18.5,1,2
4,-0.763079875,-8.637784784,2.123745819,20.5,18.5,1,2
4,-0.745424085,-8.752376355,2.133779264,20.5,18.5,1,2
4,-0.728102836,-8.868474592,2.143812709,20.5,18.5,1,2
4,-0.71110868,-8.986106067,2.153846154,20.5,18.5,1,2
4,-0.694433146,-9.105298524,2.163879599,20.5,18.5,1,2
4,-0.678069202,-9.226081049,2.173913043,20.5,18.5,1,2
4,-0.662008185,-9.348487047,2.183946488,20.5,18.5,1,2
4,-0.646244106,-9.472549358,2.193979933,20.5,18.5,1,2
4,-0.630767585,-9.598311354,2.204013378,20.5,18.5,1,2
4,-0.615569541,-9.725814518,2.214046823,20.5,18.5,1,2
4,-0.600643188,-9.855104069,2.224080268,20.5,18.5,1,2
4,-0.585981758,-9.98623117,2.234113712,20.5,18.5,1,2
4,-0.571576027,-10.11924947,2.244147157,20.5,18.5,1,2
4,-0.557417842,-10.25421997,2.254180602,20.5,18.5,1,2
4,-0.543500854,-10.39120497,2.264214047,20.5,18.5,1,2
4,-0.529818572,-10.53027231,2.274247492,20.5,18.5,1,2
4,-0.516364407,-10.67150019,2.284280936,20.5,18.5,1,2
4,-0.503131135,-10.81496401,2.294314381,20.5,18.5,1,2
4,-0.49011325,-10.96075075,2.304347826,20.5,18.5,1,2
4,-0.477305216,-11.10894937,2.314381271,20.5,18.5,1,2
4,-0.464702766,-11.25965776,2.324414716,20.5,18.5,1,2
4,-0.452300179,-11.41298279,2.334448161,20.5,18.5,1,2
4,-0.440093983,-11.56903052,2.344481605,20.5,18.5,1,2
4,-0.428080754,-11.72792344,2.35451505,20.5,18.5,1,2
4,-0.416257507,-11.88978091,2.364548495,20.5,18.5,1,2
4,-0.404622117,-12.05474072,2.37458194,20.5,18.5,1,2
4,-0.393172452,-12.22294588,2.384615385,20.5,18.5,1,2
4,-0.381906578,-12.39454399,2.394648829,20.5,18.5,1,2
4,-0.37082534,-12.56969849,2.404682274,20.5,18.5,1,2
4,-0.35992659,-12.74857396,2.414715719,20.5,18.5,1,2
4,-0.349212309,-12.93135332,2.424749164,20.5,18.5,1,2
4,-0.338681589,-13.11823358,2.434782609,20.5,18.5,1,2
4,-0.328336067,-13.30941193,2.444816054,20.5,18.5,1,2
4,-0.318178455,-13.50510909,2.454849498,20.5,18.5,1,2
4,-0.308210009,-13.70555503,2.464882943,20.5,18.5,1,2
4,-0.298432943,-13.9109948,2.474916388,20.5,18.5,1,2
4,-0.288850878,-14.12169715,2.484949833,20.5,18.5,1,2
4,-0.279465754,-14.3379364,2.494983278,20.5,18.5,1,2
4,-0.27028317,-14.56001362,2.505016722,20.5,18.5,1,2
4,-0.261304394,-14.78826012,2.515050167,20.5,18.5,1,2
4,-0.252535405,-15.02301133,2.525083612,20.5,18.5,1,2
4,-0.243979863,-15.26464925,2.535117057,20.5,18.5,1,2
4,-0.235641117,-15.51356715,2.545150502,20.5,18.5,1,2
4,-0.227524403,-15.77020237,2.555183946,20.5,18.5,1,2
4,-0.219636933,-16.03513617,2.565217391,20.5,18.5,1,2
4,-0.211979062,-16.30879539,2.575250836,20.5,18.5,1,2
4,-0.20455765,-16.59173834,2.585284281,20.5,18.5,1,2
4,-0.19737496,-16.88456862,2.595317726,20.5,18.5,1,2
4,-0.190436391,-17.18796639,2.605351171,20.5,18.5,1,2
4,-0.183745442,-17.50267953,2.615384615,20.5,18.5,1,2
4,-0.177304889,-17.82951645,2.62541806,20.5,18.5,1,2
4,-0.171119372,-18.16940456,2.635451505,20.5,18.5,1,2
4,-0.165192147,-18.52334556,2.64548495,20.5,18.5,1,2
4,-0.159526679,-18.89248585,2.655518395,20.5,18.5,1,2
4,-0.15412386,-19.27811778,2.665551839,20.5,18.5,1,2
4,-0.148988269,-19.68167437,2.675585284,20.5,18.5,1,2
4,-0.144120857,-20.10481874,2.685618729,20.5,18.5,1,2
4,-0.139523256,-20.54944514,2.695652174,20.5,18.5,1,2
4,-0.135197143,-21.01771565,2.705685619,20.5,18.5,1,2
4,-0.131142079,-21.51216707,2.715719064,20.5,18.5,1,2
4,-0.127360321,-22.03572557,2.725752508,20.5,18.5,1,2
4,-0.123850251,-22.59187049,2.735785953,20.5,18.5,1,2
4,-0.120611686,-23.18471729,2.745819398,20.5,18.5,1,2
4,-0.117644141,-23.81916976,2.755852843,20.5,18.5,1,2
4,-0.114946609,-24.50118597,2.765886288,20.5,18.5,1,2
4,-0.112517027,-25.23799201,2.775919732,20.5,18.5,1,2
4,-0.110352456,-26.03852745,2.785953177,20.5,18.5,1,2
4,-0.108450872,-26.91386465,2.795986622,20.5,18.5,1,2
4,-0.106809687,-27.87779754,2.806020067,20.5,18.5,1,2
4,-0.105425459,-28.94751282,2.816053512,20.5,18.5,1,2
4,-0.104295236,-30.14384707,2.826086957,20.5,18.5,1,2
4,-0.103413907,-31.49023749,2.836120401,20.5,18.5,1,2
4,-0.102778008,-33.00604255,2.846153846,20.5,18.5,1,2
4,-0.102383073,-34.68204162,2.856187291,20.5,18.5,1,2
4,-0.102223878,-36.40617174,2.866220736,20.5,18.5,1,2
4,-0.102296691,-37.81795898,2.876254181,20.5,18.5,1,2
4,-0.102596191,-38.31787001,2.886287625,20.5,18.5,1,2
4,-0.103117026,-37.61318036,2.89632107,20.5,18.5,1,2
4,-0.10385388,-36.11110245,2.906354515,20.5,18.5,1,2
4,-0.104801883,-34.39718592,2.91638796,20.5,18.5,1,2
4,-0.105955663,-32.77035051,2.926421405,20.5,18.5,1,2
4,-0.107309999,-31.3106728,2.936454849,20.5,18.5,1,2
4,-0.108860022,-30.01735633,2.946488294,20.5,18.5,1,2
4,-0.110599972,-28.86899319,2.956521739,20.5,18.5,1,2
4,-0.112525435,-27.84235489,2.966555184,20.5,18.5,1,2
4,-0.114632414,-26.91729691,2.976588629,20.5,18.5,1,2
4,-0.116915493,-26.07734244,2.986622074,20.5,18.5,1,2
4,-0.119370635,-25.30926593,2.996655518,20.5,18.5,1,2
4,-0.121993573,-24.60244871,3.006688963,20.5,18.5,1,2
4,-0.124780433,-23.94829947,3.016722408,20.5,18.5,1,2
4,-0.127728233,-23.33984695,3.026755853,20.5,18.5,1,2
4,-0.130834046,-22.77134372,3.036789298,20.5,18.5,1,2
4,-0.134095107,-22.23803379,3.046822742,20.5,18.5,1,2
4,-0.137508369,-21.73592618,3.056856187,20.5,18.5,1,2
4,-0.141072247,-21.26164145,3.066889632,20.5,18.5,1,2
4,-0.144784953,-20.8123245,3.076923077,20.5,18.5,1,2
4,-0.148645549,-20.38550779,3.086956522,20.5,18.5,1,2
4,-0.152652908,-19.9790774,3.096989967,20.5,18.5,1,2
4,-0.156806877,-19.59119002,3.107023411,20.5,18.5,1,2
4,-0.161107282,-19.22022447,3.117056856,20.5,18.5,1,2
4,-0.165554539,-18.86477784,3.127090301,20.5,18.5,1,2
4,-0.17014838,-18.52360162,3.137123746,20.5,18.5,1,2
4,-0.174892997,-18.19558071,3.147157191,20.5,18.5,1,2
4,-0.179786527,-17.87974354,3.157190635,20.5,18.5,1,2
4,-0.184832162,-17.57520207,3.16722408,20.5,18.5,1,2
4,-0.190032323,-17.28117926,3.177257525,20.5,18.5,1,2
4,-0.195390079,-16.99696307,3.18729097,20.5,18.5,1,2
4,-0.200905854,-16.72190929,3.197324415,20.5,18.5,1,2
4,-0.206584998,-16.45545048,3.20735786,20.5,18.5,1,2
4,-0.212429078,-16.19705762,3.217391304,20.5,18.5,1,2
4,-0.21844353,-15.94626101,3.227424749,20.5,18.5,1,2
4,-0.224629235,-15.70262751,3.237458194,20.5,18.5,1,2
4,-0.230991595,-15.46575613,3.247491639,20.5,18.5,1,2
4,-0.237533758,-15.23529665,3.257525084,20.5,18.5,1,2
4,-0.244259957,-15.01091013,3.267558528,20.5,18.5,1,2
4,-0.251173093,-14.79230256,3.277591973,20.5,18.5,1,2
4,-0.258279755,-14.57919068,3.287625418,20.5,18.5,1,2
4,-0.265579649,-14.37131572,3.297658863,20.5,18.5,1,2
4,-0.273081459,-14.16849287,3.307692308,20.5,18.5,1,2
4,-0.280787336,-13.97047216,3.317725753,20.5,18.5,1,2
4,-0.288698693,-13.7770272,3.327759197,20.5,18.5,1,2
4,-0.296820279,-13.587982,3.337792642,20.5,18.5,1,2
4,-0.305154981,-13.40315377,3.347826087,20.5,18.5,1,2
4,-0.313704561,-13.22239127,3.357859532,20.5,18.5,1,2
4,-0.322471422,-13.045539,3.367892977,20.5,18.5,1,2
4,-0.331459614,-12.87245489,3.377926421,20.5,18.5,1,2
4,-0.340669867,-12.70301566,3.387959866,20.5,18.5,1,2
4,-0.350105276,-12.53709221,3.397993311,20.5,18.5,1,2
4,-0.359765696,-12.37457531,3.408026756,20.5,18.5,1,2
4,-0.369652851,-12.21535445,3.418060201,20.5,18.5,1,2
4,-0.379768568,-12.05932296,3.428093645,20.5,18.5,1,2
4,-0.390110717,-11.90639177,3.43812709,20.5,18.5,1,2
4,-0.400680854,-11.75646311,3.448160535,20.5,18.5,1,2
4,-0.411477592,-11.60945692,3.45819398,20.5,18.5,1,2
4,-0.422502164,-11.46528443,3.468227425,20.5,18.5,1,2
4,-0.433751927,-11.3238678,3.47826087,20.5,18.5,1,2
4,-0.445224619,-11.18513456,3.488294314,20.5,18.5,1,2
4,-0.456920012,-11.04900716,3.498327759,20.5,18.5,1,2
4,-0.46883588,-10.91542149,3.508361204,20.5,18.5,1,2
4,-0.480968345,-10.78430556,3.518394649,20.5,18.5,1,2
4,-0.493315645,-10.6555948,3.528428094,20.5,18.5,1,2
4,-0.50587402,-10.52922815,3.538461538,20.5,18.5,1,2
4,-0.518640214,-10.40514284,3.548494983,20.5,18.5,1,2
4,-0.531612193,-10.28327819,3.558528428,20.5,18.5,1,2
4,-0.544784209,-10.16357855,3.568561873,20.5,18.5,1,2
4,-0.558153091,-10.04598491,3.578595318,20.5,18.5,1,2
4,-0.571713442,-9.930445123,3.588628763,20.5,18.5,1,2
4,-0.585463483,-9.816901238,3.598662207,20.5,18.5,1,2
4,-0.599397419,-9.705301371,3.608695652,20.5,18.5,1,2
4,-0.613509718,-9.595594385,3.618729097,20.5,18.5,1,2
4,-0.627798254,-9.487727343,3.628762542,20.5,18.5,1,2
4,-0.64225722,-9.381652564,3.638795987,20.5,18.5,1,2
4,-0.65688218,-9.277318355,3.648829431,20.5,18.5,1,2
4,-0.67166942,-9.174676841,3.658862876,20.5,18.5,1,2
4,-0.686614431,-9.073680798,3.668896321,20.5,18.5,1,2
4,-0.70171266,-8.97428417,3.678929766,20.5,18.5,1,2
4,-0.716960528,-8.87644114,3.688963211,20.5,18.5,1,2
4,-0.732354981,-8.780104652,3.698996656,20.5,18.5,1,2
4,-0.747892296,-8.685232378,3.7090301,20.5,18.5,1,2
4,-0.763568761,-8.591781427,3.719063545,20.5,18.5,1,2
4,-0.779382021,-8.499708005,3.72909699,20.5,18.5,1,2
4,-0.795328991,-8.408972066,3.739130435,20.5,18.5,1,2
4,-0.811407206,-8.319532309,3.74916388,20.5,18.5,1,2
4,-0.827614998,-8.231351298,3.759197324,20.5,18.5,1,2
4,-0.843950694,-8.144390212,3.769230769,20.5,18.5,1,2
4,-0.860412922,-8.058611227,3.779264214,20.5,18.5,1,2
4,-0.877000615,-7.973978609,3.789297659,20.5,18.5,1,2
4,-0.893714145,-7.890456713,3.799331104,20.5,18.5,1,2
4,-0.910552365,-7.808014201,3.809364548,20.5,18.5,1,2
4,-0.927515989,-7.726618418,3.819397993,20.5,18.5,1,2
4,-0.944606015,-7.646236453,3.829431438,20.5,18.5,1,2
4,-0.961822475,-7.566839904,3.839464883,20.5,18.5,1,2
4,-0.979167703,-7.488399196,3.849498328,20.5,18.5,1,2
4,-0.996642253,-7.410888147,3.859531773,20.5,18.5,1,2
4,-1.014249494,-7.334281692,3.869565217,20.5,18.5,1,2
4,-1.031990898,-7.258553452,3.879598662,20.5,18.5,1,2
4,-1.049869242,-7.183682776,3.889632107,20.5,18.5,1,2
4,-1.067887932,-7.109645085,3.899665552,20.5,18.5,1,2
4,-1.08604993,-7.036421666,3.909698997,20.5,18.5,1,2
4,-1.104358665,-6.963994176,3.919732441,20.5,18.5,1,2
4,-1.12281778,-6.892342656,3.929765886,20.5,18.5,1,2
4,-1.141430807,-6.82145275,3.939799331,20.5,18.5,1,2
4,-1.160201961,-6.751309102,3.949832776,20.5,18.5,1,2
4,-1.179135154,-6.681895294,3.959866221,20.5,18.5,1,2
4,-1.198233601,-6.613202272,3.969899666,20.5,18.5,1,2
4,-1.217503815,-6.545214771,3.97993311,20.5,18.5,1,2
4,-1.236947341,-6.477926368,3.989966555,20.5,18.5,1,2
4,-1.256570338,-6.411323812,4,20.5,18.5,1,2
5,-5.088851491,-1.729625408,1,21,19,1,2
5,-5.014743081,-1.765044024,1.010033445,21,19,1,2
5,-4.941651419,-1.800862119,1.02006689,21,19,1,2
5,-4.869566559,-1.837078752,1.030100334,21,19,1,2
5,-4.798483174,-1.873692562,1.040133779,21,19,1,2
5,-4.728389178,-1.910704971,1.050167224,21,19,1,2
5,-4.659277753,-1.948116209,1.060200669,21,19,1,2
5,-4.591139826,-1.985925033,1.070234114,21,19,1,2
5,-4.523971231,-2.024137042,1.080267559,21,19,1,2
5,-4.457747336,-2.062746762,1.090301003,21,19,1,2
5,-4.392458669,-2.101756011,1.100334448,21,19,1,2
5,-4.328089837,-2.14116531,1.110367893,21,19,1,2
5,-4.264623914,-2.180976515,1.120401338,21,19,1,2
5,-4.20205005,-2.221189163,1.130434783,21,19,1,2
5,-4.140348672,-2.261808459,1.140468227,21,19,1,2
5,-4.079504485,-2.302833244,1.150501672,21,19,1,2
5,-4.019498264,-2.344269103,1.160535117,21,19,1,2
5,-3.96031491,-2.386116722,1.170568562,21,19,1,2
5,-3.901935573,-2.428380809,1.180602007,21,19,1,2
5,-3.844339263,-2.471065604,1.190635452,21,19,1,2
5,-3.78750901,-2.514175357,1.200668896,21,19,1,2
5,-3.731424963,-2.557715089,1.210702341,21,19,1,2
5,-3.67606798,-2.601688383,1.220735786,21,19,1,2
5,-3.621418533,-2.646102667,1.230769231,21,19,1,2
5,-3.567458337,-2.690964798,1.240802676,21,19,1,2
5,-3.514167395,-2.736279933,1.25083612,21,19,1,2
5,-3.461528724,-2.782054407,1.260869565,21,19,1,2
5,-3.40952352,-2.828296132,1.27090301,21,19,1,2
5,-3.358132883,-2.875013218,1.280936455,21,19,1,2
5,-3.307340182,-2.922213942,1.2909699,21,19,1,2
5,-3.257129482,-2.969905802,1.301003344,21,19,1,2
5,-3.207485524,-3.018097845,1.311036789,21,19,1,2
5,-3.158390733,-3.066799024,1.321070234,21,19,1,2
5,-3.109832235,-3.116017729,1.331103679,21,19,1,2
5,-3.061797564,-3.165763118,1.341137124,21,19,1,2
5,-3.014273288,-3.216044984,1.351170569,21,19,1,2
5,-2.96724851,-3.266872789,1.361204013,21,19,1,2
5,-2.920711855,-3.31825567,1.371237458,21,19,1,2
5,-2.874654865,-3.370202596,1.381270903,21,19,1,2
5,-2.829068743,-3.422724614,1.391304348,21,19,1,2
5,-2.783946005,-3.475829735,1.401337793,21,19,1,2
5,-2.739279742,-3.529527837,1.411371237,21,19,1,2
5,-2.695065221,-3.583828535,1.421404682,21,19,1,2
5,-2.651297695,-3.638740811,1.431438127,21,19,1,2
5,-2.607973679,-3.694273112,1.441471572,21,19,1,2
5,-2.565089943,-3.750434165,1.451505017,21,19,1,2
5,-2.522644403,-3.807234107,1.461538462,21,19,1,2
5,-2.480636973,-3.86468055,1.471571906,21,19,1,2
5,-2.439065648,-3.922780315,1.481605351,21,19,1,2
5,-2.397931534,-3.98154202,1.491638796,21,19,1,2
5,-2.357235826,-4.040973836,1.501672241,21,19,1,2
5,-2.316979213,-4.101083272,1.511705686,21,19,1,2
5,-2.277162766,-4.161877507,1.52173913,21,19,1,2
5,-2.237788958,-4.223362642,1.531772575,21,19,1,2
5,-2.198859803,-4.285546451,1.54180602,21,19,1,2
5,-2.16037796,-4.348434831,1.551839465,21,19,1,2
5,-2.12234583,-4.412034536,1.56187291,21,19,1,2
5,-2.084765388,-4.476351836,1.571906355,21,19,1,2
5,-2.047639648,-4.541392732,1.581939799,21,19,1,2
5,-2.010970309,-4.607164061,1.591973244,21,19,1,2
5,-1.97475958,-4.673670466,1.602006689,21,19,1,2
5,-1.939009552,-4.740918348,1.612040134,21,19,1,2
5,-1.90372251,-4.808912975,1.622073579,21,19,1,2
5,-1.868898017,-4.877663299,1.632107023,21,19,1,2
5,-1.834537026,-4.947174456,1.642140468,21,19,1,2
5,-1.800640463,-5.017451573,1.652173913,21,19,1,2
5,-1.767207179,-5.088503192,1.662207358,21,19,1,2
5,-1.734236711,-5.160335708,1.672240803,21,19,1,2
5,-1.701729063,-5.23295701,1.682274247,21,19,1,2
5,-1.669679429,-5.306374585,1.692307692,21,19,1,2
5,-1.638088251,-5.380598783,1.702341137,21,19,1,2
5,-1.606951154,-5.455635277,1.712374582,21,19,1,2
5,-1.576264511,-5.531497449,1.722408027,21,19,1,2
5,-1.546023628,-5.608193189,1.732441472,21,19,1,2
5,-1.516224827,-5.685736739,1.742474916,21,19,1,2
5,-1.486861875,-5.764137434,1.752508361,21,19,1,2
5,-1.457930399,-5.843407094,1.762541806,21,19,1,2
5,-1.429423535,-5.923563722,1.772575251,21,19,1,2
5,-1.401333214,-6.004619892,1.782608696,21,19,1,2
5,-1.373654904,-6.086589892,1.79264214,21,19,1,2
5,-1.346381374,-6.169491287,1.802675585,21,19,1,2
5,-1.319503401,-6.253344082,1.81270903,21,19,1,2
5,-1.293018832,-6.338177467,1.822742475,21,19,1,2
5,-1.266913939,-6.423999114,1.83277592,21,19,1,2
5,-1.241182923,-6.510832071,1.842809365,21,19,1,2
5,-1.215814613,-6.598697488,1.852842809,21,19,1,2
5,-1.190804557,-6.687620536,1.862876254,21,19,1,2
5,-1.166141878,-6.777624063,1.872909699,21,19,1,2
5,-1.141821151,-6.868735933,1.882943144,21,19,1,2
5,-1.117833667,-6.960980766,1.892976589,21,19,1,2
5,-1.094170624,-7.054387853,1.903010033,21,19,1,2
5,-1.070828565,-7.148989817,1.913043478,21,19,1,2
5,-1.047798116,-7.244813155,1.923076923,21,19,1,2
5,-1.025072674,-7.341892531,1.933110368,21,19,1,2
5,-1.002647006,-7.440258112,1.943143813,21,19,1,2
5,-0.980515331,-7.539949212,1.953177258,21,19,1,2
5,-0.958674703,-7.640996935,1.963210702,21,19,1,2
5,-0.937119869,-7.743439999,1.973244147,21,19,1,2
5,-0.915844847,-7.847313594,1.983277592,21,19,1,2
5,-0.894847948,-7.952657579,1.993311037,21,19,1,2
5,-0.874125876,-8.059514661,2.003344482,21,19,1,2
5,-0.85367649,-8.167921762,2.013377926,21,19,1,2
5,-0.833498186,-8.277922644,2.023411371,21,19,1,2
5,-0.813589006,-8.389562896,2.033444816,21,19,1,2
5,-0.793948102,-8.502882085,2.043478261,21,19,1,2
5,-0.77457594,-8.617930908,2.053511706,21,19,1,2
5,-0.755473996,-8.734752158,2.063545151,21,19,1,2
5,-0.736641171,-8.853395387,2.073578595,21,19,1,2
5,-0.718078007,-8.973912757,2.08361204,21,19,1,2
5,-0.699787464,-9.096349928,2.093645485,21,19,1,2
5,-0.681771257,-9.220761601,2.10367893,21,19,1,2
5,-0.664030371,-9.347203269,2.113712375,21,19,1,2
5,-0.646567395,-9.475728517,2.123745819,21,19,1,2
5,-0.629384753,-9.606393407,2.133779264,21,19,1,2
5,-0.612487099,-9.739256865,2.143812709,21,19,1,2
5,-0.595874844,-9.87438282,2.153846154,21,19,1,2
5,-0.579551737,-10.0118319,2.163879599,21,19,1,2
5,-0.56352015,-10.15167143,2.173913043,21,19,1,2
5,-0.547782697,-10.29396895,2.183946488,21,19,1,2
5,-0.53234245,-10.43879356,2.193979933,21,19,1,2
5,-0.517200815,-10.58622478,2.204013378,21,19,1,2
5,-0.502361683,-10.73633704,2.214046823,21,19,1,2
5,-0.487827284,-10.88921168,2.224080268,21,19,1,2
5,-0.473597809,-11.04493446,2.234113712,21,19,1,2
5,-0.459675435,-11.20359489,2.244147157,21,19,1,2
5,-0.446062164,-11.36529281,2.254180602,21,19,1,2
5,-0.432757965,-11.53012401,2.264214047,21,19,1,2
5,-0.419763558,-11.69819463,2.274247492,21,19,1,2
5,-0.407079667,-11.86962243,2.284280936,21,19,1,2
5,-0.394704937,-12.04452411,2.294314381,21,19,1,2
5,-0.382638299,-12.22302853,2.304347826,21,19,1,2
5,-0.370879824,-12.40527028,2.314381271,21,19,1,2
5,-0.359427742,-12.59139592,2.324414716,21,19,1,2
5,-0.348279343,-12.78156385,2.334448161,21,19,1,2
5,-0.337433224,-12.97593786,2.344481605,21,19,1,2
5,-0.326885963,-13.17470101,2.35451505,21,19,1,2
5,-0.316635428,-13.37804119,2.364548495,21,19,1,2
5,-0.306676511,-13.58616695,2.37458194,21,19,1,2
5,-0.297007219,-13.79930635,2.384615385,21,19,1,2
5,-0.287622814,-14.0176947,2.394648829,21,19,1,2
5,-0.278518334,-14.24159949,2.404682274,21,19,1,2
5,-0.269690041,-14.47129625,2.414715719,21,19,1,2
5,-0.261133933,-14.70709458,2.424749164,21,19,1,2
5,-0.252844207,-14.94933369,2.434782609,21,19,1,2
5,-0.244815894,-15.19836653,2.444816054,21,19,1,2
5,-0.237045172,-15.45459619,2.454849498,21,19,1,2
5,-0.229525861,-15.71844641,2.464882943,21,19,1,2
5,-0.222254529,-15.99039373,2.474916388,21,19,1,2
5,-0.215225002,-16.27096375,2.484949833,21,19,1,2
5,-0.208433323,-16.5607146,2.494983278,21,19,1,2
5,-0.201874458,-16.86028167,2.505016722,21,19,1,2
5,-0.195544726,-17.17036863,2.515050167,21,19,1,2
5,-0.18943909,-17.49173122,2.525083612,21,19,1,2
5,-0.183553964,-17.82524308,2.535117057,21,19,1,2
5,-0.177886465,-18.17184854,2.545150502,21,19,1,2
5,-0.172433057,-18.5326295,2.555183946,21,19,1,2
5,-0.167192578,-18.90899671,2.565217391,21,19,1,2
5,-0.162160641,-19.30217014,2.575250836,21,19,1,2
5,-0.157334981,-19.71370668,2.585284281,21,19,1,2
5,-0.152713807,-20.14537039,2.595317726,21,19,1,2
5,-0.148296132,-20.59922236,2.605351171,21,19,1,2
5,-0.144079924,-21.0776435,2.615384615,21,19,1,2
5,-0.140064685,-21.58337467,2.62541806,21,19,1,2
5,-0.13625267,-22.11967431,2.635451505,21,19,1,2
5,-0.132640168,-22.6903506,2.64548495,21,19,1,2
5,-0.129229954,-23.29998476,2.655518395,21,19,1,2
5,-0.126022911,-23.95408419,2.665551839,21,19,1,2
5,-0.123019675,-24.65931317,2.675585284,21,19,1,2
5,-0.120222313,-25.42389917,2.685618729,21,19,1,2
5,-0.117631713,-26.25803949,2.695652174,21,19,1,2
5,-0.115251463,-27.17445269,2.705685619,21,19,1,2
5,-0.113082024,-28.1891759,2.715719064,21,19,1,2
5,-0.111126402,-29.32215556,2.725752508,21,19,1,2
5,-0.109388252,-30.59749738,2.735785953,21,19,1,2
5,-0.10786901,-32.04085713,2.745819398,21,19,1,2
5,-0.106571131,-33.66703345,2.755852843,21,19,1,2
5,-0.105497965,-35.43568609,2.765886288,21,19,1,2
5,-0.104652467,-37.12980643,2.775919732,21,19,1,2
5,-0.104037011,-38.2084883,2.785953177,21,19,1,2
5,-0.103654031,-38.07155342,2.795986622,21,19,1,2
5,-0.103506092,-36.79595497,2.806020067,21,19,1,2
5,-0.103595943,-35.04895492,2.816053512,21,19,1,2
5,-0.10392487,-33.30810214,2.826086957,21,19,1,2
5,-0.104495076,-31.73097347,2.836120401,21,19,1,2
5,-0.105307958,-30.3361903,2.846153846,21,19,1,2
5,-0.106364194,-29.10378722,2.856187291,21,19,1,2
5,-0.107666454,-28.0078775,2.866220736,21,19,1,2
5,-0.109214857,-27.02530536,2.876254181,21,19,1,2
5,-0.111008904,-26.13706277,2.886287625,21,19,1,2
5,-0.113049213,-25.3279942,2.89632107,21,19,1,2
5,-0.115335869,-24.58603345,2.906354515,21,19,1,2
5,-0.117867272,-23.90148989,2.91638796,21,19,1,2
5,-0.120643156,-23.26655505,2.926421405,21,19,1,2
5,-0.123662347,-22.67484966,2.936454849,21,19,1,2
5,-0.126922616,-22.12111372,2.946488294,21,19,1,2
5,-0.130421705,-21.60097264,2.956521739,21,19,1,2
5,-0.134157538,-21.11073437,2.966555184,21,19,1,2
5,-0.13812675,-20.64728817,2.976588629,21,19,1,2
5,-0.142327854,-20.20796639,2.986622074,21,19,1,2
5,-0.146757469,-19.79047999,2.996655518,21,19,1,2
5,-0.151411588,-19.39284456,3.006688963,21,19,1,2
5,-0.156287259,-19.01331786,3.016722408,21,19,1,2
5,-0.161380065,-18.65038858,3.026755853,21,19,1,2
5,-0.166686927,-18.30271186,3.036789298,21,19,1,2
5,-0.172204002,-17.96910522,3.046822742,21,19,1,2
5,-0.177926633,-17.6485135,3.056856187,21,19,1,2
5,-0.183851716,-17.33998193,3.066889632,21,19,1,2
5,-0.189974694,-17.04267238,3.076923077,21,19,1,2
5,-0.196291654,-16.75581352,3.086956522,21,19,1,2
5,-0.202799584,-16.47872124,3.096989967,21,19,1,2
5,-0.209494644,-16.21076698,3.107023411,21,19,1,2
5,-0.216374074,-15.95137659,3.117056856,21,19,1,2
5,-0.223433601,-15.70003832,3.127090301,21,19,1,2
5,-0.230670956,-15.45627421,3.137123746,21,19,1,2
5,-0.238083195,-15.21964534,3.147157191,21,19,1,2
5,-0.245667988,-14.98976012,3.157190635,21,19,1,2
5,-0.253423261,-14.76624512,3.16722408,21,19,1,2
5,-0.261346127,-14.5487678,3.177257525,21,19,1,2
5,-0.269436528,-14.33701438,3.18729097,21,19,1,2
5,-0.277693479,-14.13069016,3.197324415,21,19,1,2
5,-0.286116662,-13.92953825,3.20735786,21,19,1,2
5,-0.294703712,-13.73330363,3.217391304,21,19,1,2
5,-0.303455559,-13.54176393,3.227424749,21,19,1,2
5,-0.312373355,-13.35470264,3.237458194,21,19,1,2
5,-0.32145696,-13.17191687,3.247491639,21,19,1,2
5,-0.330707171,-12.99323247,3.257525084,21,19,1,2
5,-0.340126578,-12.81846875,3.267558528,21,19,1,2
5,-0.349715146,-12.64747276,3.277591973,21,19,1,2
5,-0.359475663,-12.48009424,3.287625418,21,19,1,2
5,-0.369408987,-12.31618956,3.297658863,21,19,1,2
5,-0.379522241,-12.15566508,3.307692308,21,19,1,2
5,-0.389812827,-11.99837647,3.317725753,21,19,1,2
5,-0.400286534,-11.84419432,3.327759197,21,19,1,2
5,-0.410943115,-11.69301849,3.337792642,21,19,1,2
5,-0.42178725,-11.54474338,3.347826087,21,19,1,2
5,-0.432822299,-11.39928091,3.357859532,21,19,1,2
5,-0.444049463,-11.25653926,3.367892977,21,19,1,2
5,-0.455472043,-11.11643544,3.377926421,21,19,1,2
5,-0.467093365,-10.97889276,3.387959866,21,19,1,2
5,-0.478915348,-10.84383539,3.397993311,21,19,1,2
5,-0.490942101,-10.71119699,3.408026756,21,19,1,2
5,-0.503173922,-10.5809087,3.418060201,21,19,1,2
5,-0.515614742,-10.45290531,3.428093645,21,19,1,2
5,-0.528265529,-10.32713147,3.43812709,21,19,1,2
5,-0.541127975,-10.20352538,3.448160535,21,19,1,2
5,-0.554204137,-10.08203548,3.45819398,21,19,1,2
5,-0.567494941,-9.962607485,3.468227425,21,19,1,2
5,-0.581000139,-9.845189953,3.47826087,21,19,1,2
5,-0.594721874,-9.72973596,3.488294314,21,19,1,2
5,-0.608658179,-9.616196532,3.498327759,21,19,1,2
5,-0.622810159,-9.504528211,3.508361204,21,19,1,2
5,-0.63717613,-9.394684895,3.518394649,21,19,1,2
5,-0.651757057,-9.286623174,3.528428094,21,19,1,2
5,-0.66654968,-9.180303092,3.538461538,21,19,1,2
5,-0.681552882,-9.075680979,3.548494983,21,19,1,2
5,-0.696764772,-8.972716582,3.558528428,21,19,1,2
5,-0.712183267,-8.871372214,3.568561873,21,19,1,2
5,-0.727805923,-8.771608373,3.578595318,21,19,1,2
5,-0.743629224,-8.673388397,3.588628763,21,19,1,2
5,-0.759650652,-8.576672892,3.598662207,21,19,1,2
5,-0.775866585,-8.481425025,3.608695652,21,19,1,2
5,-0.792273442,-8.387610706,3.618729097,21,19,1,2
5,-0.808868848,-8.295192789,3.628762542,21,19,1,2
5,-0.825647226,-8.20413719,3.638795987,21,19,1,2
5,-0.842606237,-8.114408099,3.648829431,21,19,1,2
5,-0.859741293,-8.025973357,3.658862876,21,19,1,2
5,-0.877049045,-7.938798807,3.668896321,21,19,1,2
5,-0.894526292,-7.852851541,3.678929766,21,19,1,2
5,-0.912167917,-7.768101417,3.688963211,21,19,1,2
5,-0.92997188,-7.68451483,3.698996656,21,19,1,2
5,-0.947934595,-7.602062427,3.7090301,21,19,1,2
5,-0.966052687,-7.520714633,3.719063545,21,19,1,2
5,-0.984323245,-7.440441076,3.72909699,21,19,1,2
5,-1.002743485,-7.361214524,3.739130435,21,19,1,2
5,-1.021311223,-7.283007383,3.74916388,21,19,1,2
5,-1.040023976,-7.205793142,3.759197324,21,19,1,2
5,-1.058880605,-7.129547316,3.769230769,21,19,1,2
5,-1.077880315,-7.054243035,3.779264214,21,19,1,2
5,-1.097020852,-6.979858854,3.789297659,21,19,1,2
5,-1.116302596,-6.906370414,3.799331104,21,19,1,2
5,-1.135725398,-6.833757211,3.809364548,21,19,1,2
5,-1.155288205,-6.76199887,3.819397993,21,19,1,2
5,-1.174992645,-6.691074213,3.829431438,21,19,1,2
5,-1.194839107,-6.620964716,3.839464883,21,19,1,2
5,-1.214829465,-6.551654093,3.849498328,21,19,1,2
5,-1.234964577,-6.483126107,3.859531773,21,19,1,2
5,-1.255247063,-6.415366062,3.869565217,21,19,1,2
5,-1.275680053,-6.348356172,3.879598662,21,19,1,2
5,-1.296263911,-6.282086377,3.889632107,21,19,1,2
5,-1.317004106,-6.216542119,3.899665552,21,19,1,2
5,-1.337900991,-6.151713773,3.909698997,21,19,1,2
5,-1.358958727,-6.087591449,3.919732441,21,19,1,2
5,-1.380181923,-6.024161371,3.929765886,21,19,1,2
5,-1.401572782,-5.961417265,3.939799331,21,19,1,2
5,-1.423134519,-5.899353102,3.949832776,21,19,1,2
5,-1.444871691,-5.837957539,3.959866221,21,19,1,2
5,-1.46678733,-5.777226095,3.969899666,21,19,1,2
5,-1.488885624,-5.717151615,3.97993311,21,19,1,2
5,-1.511168159,-5.657728148,3.989966555,21,19,1,2
5,-1.533640563,-5.59895071,4,21,19,1,2
6,-4.868631346,-1.826726534,1,21.5,19.5,1,2
6,-4.79552301,-1.865809913,1.010033445,21.5,19.5,1,2
6,-4.723456946,-1.905414085,1.02006689,21.5,19.5,1,2
6,-4.652419116,-1.945522266,1.030100334,21.5,19.5,1,2
6,-4.582394104,-1.986116572,1.040133779,21.5,19.5,1,2
6,-4.513369385,-2.027180611,1.050167224,21.5,19.5,1,2
6,-4.44532743,-2.068694745,1.060200669,21.5,19.5,1,2
6,-4.378255761,-2.110644427,1.070234114,21.5,19.5,1,2
6,-4.312144363,-2.153012048,1.080267559,21.5,19.5,1,2
6,-4.246964853,-2.195780013,1.090301003,21.5,19.5,1,2
6,-4.182699796,-2.238930553,1.100334448,21.5,19.5,1,2
6,-4.119330826,-2.28245052,1.110367893,21.5,19.5,1,2
6,-4.056837389,-2.326326056,1.120401338,21.5,19.5,1,2
6,-3.995202878,-2.370546129,1.130434783,21.5,19.5,1,2
6,-3.934404766,-2.415099951,1.140468227,21.5,19.5,1,2
6,-3.874424552,-2.459982499,1.150501672,21.5,19.5,1,2
6,-3.815242188,-2.505187138,1.160535117,21.5,19.5,1,2
6,-3.756837015,-2.550709426,1.170568562,21.5,19.5,1,2
6,-3.699189383,-2.596550492,1.180602007,21.5,19.5,1,2
6,-3.642280202,-2.642710663,1.190635452,21.5,19.5,1,2
6,-3.586088187,-2.689194363,1.200668896,21.5,19.5,1,2
6,-3.530595922,-2.736006848,1.210702341,21.5,19.5,1,2
6,-3.475784482,-2.783157899,1.220735786,21.5,19.5,1,2
6,-3.421634253,-2.830658045,1.230769231,21.5,19.5,1,2
6,-3.368128651,-2.878521393,1.240802676,21.5,19.5,1,2
6,-3.315251159,-2.926764054,1.25083612,21.5,19.5,1,2
6,-3.262986001,-2.975402113,1.260869565,21.5,19.5,1,2
6,-3.211318512,-3.024456893,1.27090301,21.5,19.5,1,2
6,-3.160232491,-3.073948631,1.280936455,21.5,19.5,1,2
6,-3.109715703,-3.123899643,1.2909699,21.5,19.5,1,2
6,-3.059757142,-3.174335182,1.301003344,21.5,19.5,1,2
6,-3.010343993,-3.22527997,1.311036789,21.5,19.5,1,2
6,-2.96146657,-3.276760819,1.321070234,21.5,19.5,1,2
6,-2.913116591,-3.328803266,1.331103679,21.5,19.5,1,2
6,-2.865285538,-3.381435631,1.341137124,21.5,19.5,1,2
6,-2.817965238,-3.434684457,1.351170569,21.5,19.5,1,2
6,-2.771150967,-3.488576565,1.361204013,21.5,19.5,1,2
6,-2.724836892,-3.543139698,1.371237458,21.5,19.5,1,2
6,-2.679019981,-3.598399801,1.381270903,21.5,19.5,1,2
6,-2.63369588,-3.65438196,1.391304348,21.5,19.5,1,2
6,-2.588863576,-3.711110258,1.401337793,21.5,19.5,1,2
6,-2.544520256,-3.768609122,1.411371237,21.5,19.5,1,2
6,-2.50066531,-3.826899593,1.421404682,21.5,19.5,1,2
6,-2.457299072,-3.886002234,1.431438127,21.5,19.5,1,2
6,-2.414421642,-3.945934906,1.441471572,21.5,19.5,1,2
6,-2.372033491,-4.006714407,1.451505017,21.5,19.5,1,2
6,-2.330135691,-4.068356808,1.461538462,21.5,19.5,1,2
6,-2.288730288,-4.130873663,1.471571906,21.5,19.5,1,2
6,-2.247818791,-4.194276621,1.481605351,21.5,19.5,1,2
6,-2.207402794,-4.258574248,1.491638796,21.5,19.5,1,2
6,-2.167482839,-4.323773429,1.501672241,21.5,19.5,1,2
6,-2.128061861,-4.389879457,1.511705686,21.5,19.5,1,2
6,-2.089141118,-4.45689538,1.52173913,21.5,19.5,1,2
6,-2.050722772,-4.524821358,1.531772575,21.5,19.5,1,2
6,-2.012806657,-4.593657829,1.54180602,21.5,19.5,1,2
6,-1.975393423,-4.663403092,1.551839465,21.5,19.5,1,2
6,-1.93848367,-4.734052601,1.56187291,21.5,19.5,1,2
6,-1.902077359,-4.805602025,1.571906355,21.5,19.5,1,2
6,-1.866174927,-4.878045771,1.581939799,21.5,19.5,1,2
6,-1.830774028,-4.951377478,1.591973244,21.5,19.5,1,2
6,-1.79587203,-5.025589758,1.602006689,21.5,19.5,1,2
6,-1.761466464,-5.100675623,1.612040134,21.5,19.5,1,2
6,-1.727556574,-5.176625261,1.622073579,21.5,19.5,1,2
6,-1.694136848,-5.253433497,1.632107023,21.5,19.5,1,2
6,-1.661203018,-5.331093398,1.642140468,21.5,19.5,1,2
6,-1.628751364,-5.409599877,1.652173913,21.5,19.5,1,2
6,-1.596775968,-5.488944356,1.662207358,21.5,19.5,1,2
6,-1.565271691,-5.569125442,1.672240803,21.5,19.5,1,2
6,-1.534230318,-5.650140508,1.682274247,21.5,19.5,1,2
6,-1.503646476,-5.731989898,1.692307692,21.5,19.5,1,2
6,-1.473512151,-5.814675061,1.702341137,21.5,19.5,1,2
6,-1.443819628,-5.898196143,1.712374582,21.5,19.5,1,2
6,-1.414560699,-5.982563252,1.722408027,21.5,19.5,1,2
6,-1.385728307,-6.067785431,1.732441472,21.5,19.5,1,2
6,-1.357312166,-6.153874157,1.742474916,21.5,19.5,1,2
6,-1.32930524,-6.240842627,1.752508361,21.5,19.5,1,2
6,-1.301699291,-6.32870923,1.762541806,21.5,19.5,1,2
6,-1.27448412,-6.417494422,1.772575251,21.5,19.5,1,2
6,-1.247652083,-6.507225033,1.782608696,21.5,19.5,1,2
6,-1.221193487,-6.597923558,1.79264214,21.5,19.5,1,2
6,-1.195103835,-6.689625046,1.802675585,21.5,19.5,1,2
6,-1.169372195,-6.782360281,1.81270903,21.5,19.5,1,2
6,-1.143994055,-6.876182992,1.822742475,21.5,19.5,1,2
6,-1.118960339,-6.97111782,1.83277592,21.5,19.5,1,2
6,-1.094264615,-7.067205665,1.842809365,21.5,19.5,1,2
6,-1.069900675,-7.164495845,1.852842809,21.5,19.5,1,2
6,-1.045860647,-7.263034067,1.862876254,21.5,19.5,1,2
6,-1.022141371,-7.362872085,1.872909699,21.5,19.5,1,2
6,-0.998738041,-7.464063356,1.882943144,21.5,19.5,1,2
6,-0.975647013,-7.566659454,1.892976589,21.5,19.5,1,2
6,-0.952863083,-7.670720125,1.903010033,21.5,19.5,1,2
6,-0.930384272,-7.776301518,1.913043478,21.5,19.5,1,2
6,-0.908210858,-7.883465697,1.923076923,21.5,19.5,1,2
6,-0.886339379,-7.992270894,1.933110368,21.5,19.5,1,2
6,-0.864769104,-8.102779191,1.943143813,21.5,19.5,1,2
6,-0.843499745,-8.215054038,1.953177258,21.5,19.5,1,2
6,-0.82253073,-8.329158425,1.963210702,21.5,19.5,1,2
6,-0.801863791,-8.445154952,1.973244147,21.5,19.5,1,2
6,-0.7815022,-8.563106275,1.983277592,21.5,19.5,1,2
6,-0.761443784,-8.683077161,1.993311037,21.5,19.5,1,2
6,-0.741691889,-8.805132167,2.003344482,21.5,19.5,1,2
6,-0.722248722,-8.929332673,2.013377926,21.5,19.5,1,2
6,-0.703116833,-9.055743786,2.023411371,21.5,19.5,1,2
6,-0.684299651,-9.184429974,2.033444816,21.5,19.5,1,2
6,-0.665798828,-9.315451948,2.043478261,21.5,19.5,1,2
6,-0.647618097,-9.448873939,2.053511706,21.5,19.5,1,2
6,-0.629759153,-9.584755308,2.063545151,21.5,19.5,1,2
6,-0.612226521,-9.723164901,2.073578595,21.5,19.5,1,2
6,-0.595021488,-9.864164063,2.08361204,21.5,19.5,1,2
6,-0.578146635,-10.00781389,2.093645485,21.5,19.5,1,2
6,-0.561605381,-10.15418375,2.10367893,21.5,19.5,1,2
6,-0.545398308,-10.30333838,2.113712375,21.5,19.5,1,2
6,-0.529528422,-10.45534369,2.123745819,21.5,19.5,1,2
6,-0.5139957,-10.61026978,2.133779264,21.5,19.5,1,2
6,-0.498801649,-10.76818606,2.143812709,21.5,19.5,1,2
6,-0.483947282,-10.9291723,2.153846154,21.5,19.5,1,2
6,-0.469432106,-11.093304,2.163879599,21.5,19.5,1,2
6,-0.455255545,-11.26066443,2.173913043,21.5,19.5,1,2
6,-0.441417862,-11.43134125,2.183946488,21.5,19.5,1,2
6,-0.427916298,-11.60542518,2.193979933,21.5,19.5,1,2
6,-0.414749644,-11.7830213,2.204013378,21.5,19.5,1,2
6,-0.40191542,-11.96423366,2.214046823,21.5,19.5,1,2
6,-0.389410351,-12.14917978,2.224080268,21.5,19.5,1,2
6,-0.377232355,-12.33798405,2.234113712,21.5,19.5,1,2
6,-0.365376403,-12.53078143,2.244147157,21.5,19.5,1,2
6,-0.353839227,-12.72772661,2.254180602,21.5,19.5,1,2
6,-0.342617031,-12.92897841,2.264214047,21.5,19.5,1,2
6,-0.331703777,-13.1347109,2.274247492,21.5,19.5,1,2
6,-0.321094849,-13.34512387,2.284280936,21.5,19.5,1,2
6,-0.310785231,-13.56042562,2.294314381,21.5,19.5,1,2
6,-0.300769764,-13.78085156,2.304347826,21.5,19.5,1,2
6,-0.291041932,-14.00665214,2.314381271,21.5,19.5,1,2
6,-0.281596685,-14.23810803,2.324414716,21.5,19.5,1,2
6,-0.272429105,-14.47553101,2.334448161,21.5,19.5,1,2
6,-0.263532743,-14.71925121,2.344481605,21.5,19.5,1,2
6,-0.254902858,-14.9696435,2.35451505,21.5,19.5,1,2
6,-0.246533159,-15.22710902,2.364548495,21.5,19.5,1,2
6,-0.238419261,-15.49209902,2.37458194,21.5,19.5,1,2
6,-0.230555923,-15.76510915,2.384615385,21.5,19.5,1,2
6,-0.222938509,-16.04667734,2.394648829,21.5,19.5,1,2
6,-0.215563158,-16.33741109,2.404682274,21.5,19.5,1,2
6,-0.208425726,-16.63796754,2.414715719,21.5,19.5,1,2
6,-0.201522792,-16.94908682,2.424749164,21.5,19.5,1,2
6,-0.194850962,-17.27159635,2.434782609,21.5,19.5,1,2
6,-0.1884089,-17.60639778,2.444816054,21.5,19.5,1,2
6,-0.182192746,-17.95452127,2.454849498,21.5,19.5,1,2
6,-0.176202728,-18.31710354,2.464882943,21.5,19.5,1,2
6,-0.170436062,-18.69544024,2.474916388,21.5,19.5,1,2
6,-0.164892186,-19.09100081,2.484949833,21.5,19.5,1,2
6,-0.159572222,-19.50542914,2.494983278,21.5,19.5,1,2
6,-0.154475071,-19.9406315,2.505016722,21.5,19.5,1,2
6,-0.149603353,-20.39880153,2.515050167,21.5,19.5,1,2
6,-0.14495595,-20.88244815,2.525083612,21.5,19.5,1,2
6,-0.140534428,-21.39453639,2.535117057,21.5,19.5,1,2
6,-0.136343069,-21.93850895,2.545150502,21.5,19.5,1,2
6,-0.132381472,-22.5184822,2.555183946,21.5,19.5,1,2
6,-0.128655589,-23.13992407,2.565217391,21.5,19.5,1,2
6,-0.125166805,-23.80845282,2.575250836,21.5,19.5,1,2
6,-0.121916505,-24.53135985,2.585284281,21.5,19.5,1,2
6,-0.118908611,-25.3176746,2.595317726,21.5,19.5,1,2
6,-0.116146054,-26.17876921,2.605351171,21.5,19.5,1,2
6,-0.113630309,-27.12904506,2.615384615,21.5,19.5,1,2
6,-0.111365809,-28.18680098,2.62541806,21.5,19.5,1,2
6,-0.109355846,-29.37542979,2.635451505,21.5,19.5,1,2
6,-0.107601812,-30.72374141,2.64548495,21.5,19.5,1,2
6,-0.106107883,-32.26351622,2.655518395,21.5,19.5,1,2
6,-0.104875078,-34.01384351,2.665551839,21.5,19.5,1,2
6,-0.103906616,-35.91945967,2.675585284,21.5,19.5,1,2
6,-0.103203861,-37.67727215,2.685618729,21.5,19.5,1,2
6,-0.102768519,-38.56266554,2.695652174,21.5,19.5,1,2
6,-0.10260006,-37.95632456,2.705685619,21.5,19.5,1,2
6,-0.10270152,-36.28985567,2.715719064,21.5,19.5,1,2
6,-0.103072352,-34.37988071,2.725752508,21.5,19.5,1,2
6,-0.103712135,-32.60286625,2.735785953,21.5,19.5,1,2
6,-0.104619565,-31.03643164,2.745819398,21.5,19.5,1,2
6,-0.105795354,-29.66658936,2.755852843,21.5,19.5,1,2
6,-0.107236679,-28.46184551,2.765886288,21.5,19.5,1,2
6,-0.108941649,-27.39256678,2.775919732,21.5,19.5,1,2
6,-0.110908153,-26.43447402,2.785953177,21.5,19.5,1,2
6,-0.113133679,-25.56845944,2.795986622,21.5,19.5,1,2
6,-0.115614742,-24.77955706,2.806020067,21.5,19.5,1,2
6,-0.118348484,-24.0559382,2.816053512,21.5,19.5,1,2
6,-0.121330666,-23.38820045,2.826086957,21.5,19.5,1,2
6,-0.124557304,-22.76873388,2.836120401,21.5,19.5,1,2
6,-0.12802372,-22.19134449,2.846153846,21.5,19.5,1,2
6,-0.131726615,-21.65092858,2.856187291,21.5,19.5,1,2
6,-0.135660746,-21.14322223,2.866220736,21.5,19.5,1,2
6,-0.139821133,-20.66464788,2.876254181,21.5,19.5,1,2
6,-0.14420313,-20.21214973,2.886287625,21.5,19.5,1,2
6,-0.148802661,-19.78312632,2.89632107,21.5,19.5,1,2
6,-0.153615107,-19.37533806,2.906354515,21.5,19.5,1,2
6,-0.158636135,-18.98682256,2.91638796,21.5,19.5,1,2
6,-0.163860479,-18.61588015,2.926421405,21.5,19.5,1,2
6,-0.169284572,-18.26101478,2.936454849,21.5,19.5,1,2
6,-0.174904853,-17.92090373,2.946488294,21.5,19.5,1,2
6,-0.180717315,-17.59437849,2.956521739,21.5,19.5,1,2
6,-0.186719577,-17.2803873,2.966555184,21.5,19.5,1,2
6,-0.192908512,-16.978001,2.976588629,21.5,19.5,1,2
6,-0.199281532,-16.68637983,2.986622074,21.5,19.5,1,2
6,-0.205836548,-16.40477301,2.996655518,21.5,19.5,1,2
6,-0.212572486,-16.13250253,3.006688963,21.5,19.5,1,2
6,-0.219487914,-15.86894678,3.016722408,21.5,19.5,1,2
6,-0.226581984,-15.6135558,3.026755853,21.5,19.5,1,2
6,-0.233855121,-15.36582045,3.036789298,21.5,19.5,1,2
6,-0.241307197,-15.12528437,3.046822742,21.5,19.5,1,2
6,-0.248939044,-14.89153043,3.056856187,21.5,19.5,1,2
6,-0.256752234,-14.66417194,3.066889632,21.5,19.5,1,2
6,-0.26474763,-14.44286735,3.076923077,21.5,19.5,1,2
6,-0.27292757,-14.22729628,3.086956522,21.5,19.5,1,2
6,-0.281294237,-14.01717217,3.096989967,21.5,19.5,1,2
6,-0.289850704,-13.81222908,3.107023411,21.5,19.5,1,2
6,-0.298597729,-13.61222135,3.117056856,21.5,19.5,1,2
6,-0.307540302,-13.41693195,3.127090301,21.5,19.5,1,2
6,-0.316681811,-13.22615482,3.137123746,21.5,19.5,1,2
6,-0.326024342,-13.03969994,3.147157191,21.5,19.5,1,2
6,-0.335571167,-12.85740104,3.157190635,21.5,19.5,1,2
6,-0.345327824,-12.67909553,3.16722408,21.5,19.5,1,2
6,-0.355295222,-12.50464349,3.177257525,21.5,19.5,1,2
6,-0.365477019,-12.33390644,3.18729097,21.5,19.5,1,2
6,-0.375877491,-12.16675826,3.197324415,21.5,19.5,1,2
6,-0.386497837,-12.00308672,3.20735786,21.5,19.5,1,2
6,-0.397342056,-11.84278088,3.217391304,21.5,19.5,1,2
6,-0.408413392,-11.68574491,3.227424749,21.5,19.5,1,2
6,-0.419710342,-11.53188293,3.237458194,21.5,19.5,1,2
6,-0.431238536,-11.38110117,3.247491639,21.5,19.5,1,2
6,-0.442996878,-11.23332117,3.257525084,21.5,19.5,1,2
6,-0.454987099,-11.08845837,3.267558528,21.5,19.5,1,2
6,-0.467209777,-10.94644059,3.277591973,21.5,19.5,1,2
6,-0.479664439,-10.80719438,3.287625418,21.5,19.5,1,2
6,-0.492350928,-10.6706439,3.297658863,21.5,19.5,1,2
6,-0.505270784,-10.53674888,3.307692308,21.5,19.5,1,2
6,-0.518420452,-10.40542762,3.317725753,21.5,19.5,1,2
6,-0.531798132,-10.27659917,3.327759197,21.5,19.5,1,2
6,-0.545400173,-10.15020577,3.337792642,21.5,19.5,1,2
6,-0.559225583,-10.02617907,3.347826087,21.5,19.5,1,2
6,-0.573270162,-9.904461598,3.357859532,21.5,19.5,1,2
6,-0.587530976,-9.784990894,3.367892977,21.5,19.5,1,2
6,-0.602004218,-9.667700445,3.377926421,21.5,19.5,1,2
6,-0.616686314,-9.552536099,3.387959866,21.5,19.5,1,2
6,-0.631572002,-9.439432852,3.397993311,21.5,19.5,1,2
6,-0.646657768,-9.328335756,3.408026756,21.5,19.5,1,2
6,-0.661938851,-9.219182019,3.418060201,21.5,19.5,1,2
6,-0.677411156,-9.11191197,3.428093645,21.5,19.5,1,2
6,-0.693068976,-9.006470551,3.43812709,21.5,19.5,1,2
6,-0.708908075,-8.902796107,3.448160535,21.5,19.5,1,2
6,-0.72492459,-8.800835713,3.45819398,21.5,19.5,1,2
6,-0.741113941,-8.700531148,3.468227425,21.5,19.5,1,2
6,-0.757472143,-8.601824498,3.47826087,21.5,19.5,1,2
6,-0.773993919,-8.504665969,3.488294314,21.5,19.5,1,2
6,-0.790678449,-8.408999513,3.498327759,21.5,19.5,1,2
6,-0.807520572,-8.31477594,3.508361204,21.5,19.5,1,2
6,-0.824517375,-8.221942753,3.518394649,21.5,19.5,1,2
6,-0.841667312,-8.130451682,3.528428094,21.5,19.5,1,2
6,-0.858967388,-8.040257289,3.538461538,21.5,19.5,1,2
6,-0.876416658,-7.951313683,3.548494983,21.5,19.5,1,2
6,-0.894014629,-7.863576477,3.558528428,21.5,19.5,1,2
6,-0.91176015,-7.777006809,3.568561873,21.5,19.5,1,2
6,-0.929653288,-7.691565796,3.578595318,21.5,19.5,1,2
6,-0.947694547,-7.607217504,3.588628763,21.5,19.5,1,2
6,-0.965884912,-7.523926701,3.598662207,21.5,19.5,1,2
6,-0.984225994,-7.441661309,3.608695652,21.5,19.5,1,2
6,-1.002719346,-7.360393168,3.618729097,21.5,19.5,1,2
6,-1.021368154,-7.280095454,3.628762542,21.5,19.5,1,2
6,-1.040173502,-7.200744316,3.638795987,21.5,19.5,1,2
6,-1.059139827,-7.12231613,3.648829431,21.5,19.5,1,2
6,-1.078269601,-7.044791925,3.658862876,21.5,19.5,1,2
6,-1.09756723,-6.968154198,3.668896321,21.5,19.5,1,2
6,-1.117037065,-6.892387494,3.678929766,21.5,19.5,1,2
6,-1.136681511,-6.817478802,3.688963211,21.5,19.5,1,2
6,-1.156505571,-6.743415278,3.698996656,21.5,19.5,1,2
6,-1.176513924,-6.67018867,3.7090301,21.5,19.5,1,2
6,-1.196709455,-6.597791116,3.719063545,21.5,19.5,1,2
6,-1.217096643,-6.52621463,3.72909699,21.5,19.5,1,2
6,-1.237679763,-6.455455215,3.739130435,21.5,19.5,1,2
6,-1.258462078,-6.385507536,3.74916388,21.5,19.5,1,2
6,-1.279446737,-6.316370024,3.759197324,21.5,19.5,1,2
6,-1.300636901,-6.248040049,3.769230769,21.5,19.5,1,2
6,-1.322036166,-6.180513151,3.779264214,21.5,19.5,1,2
6,-1.343645592,-6.11379099,3.789297659,21.5,19.5,1,2
6,-1.365467898,-6.047870068,3.799331104,21.5,19.5,1,2
6,-1.38750428,-5.982750838,3.809364548,21.5,19.5,1,2
6,-1.409755393,-5.918431138,3.819397993,21.5,19.5,1,2
6,-1.432221927,-5.854908359,3.829431438,21.5,19.5,1,2
6,-1.454903787,-5.792182742,3.839464883,21.5,19.5,1,2
6,-1.477800393,-5.730249388,3.849498328,21.5,19.5,1,2
6,-1.500910112,-5.669105537,3.859531773,21.5,19.5,1,2
6,-1.524231563,-5.608748691,3.869565217,21.5,19.5,1,2
6,-1.547762509,-5.549169748,3.879598662,21.5,19.5,1,2
6,-1.571500319,-5.490367828,3.889632107,21.5,19.5,1,2
6,-1.595441915,-5.432332139,3.899665552,21.5,19.5,1,2
6,-1.619583102,-5.375057482,3.909698997,21.5,19.5,1,2
6,-1.643918503,-5.318532284,3.919732441,21.5,19.5,1,2
6,-1.668447479,-5.26274698,3.929765886,21.5,19.5,1,2
6,-1.693161849,-5.207691042,3.939799331,21.5,19.5,1,2
6,-1.718059293,-5.153352493,3.949832776,21.5,19.5,1,2
6,-1.743133634,-5.099715526,3.959866221,21.5,19.5,1,2
6,-1.768379721,-5.046768807,3.969899666,21.5,19.5,1,2
6,-1.793792711,-4.994494355,3.97993311,21.5,19.5,1,2
6,-1.819367385,-4.942877553,3.989966555,21.5,19.5,1,2
6,-1.845099029,-4.891901741,4,21.5,19.5,1,2
7,-7.768253461,-0.854085307,1,19.5,16.5,1,3
7,-7.687287265,-0.871146761,1.010033445,19.5,16.5,1,3
7,-7.607239526,-0.888413207,1.02006689,19.5,16.5,1,3
7,-7.528091187,-0.905884956,1.030100334,19.5,16.5,1,3
7,-7.449828339,-0.923563084,1.040133779,19.5,16.5,1,3
7,-7.372431661,-0.941448404,1.050167224,19.5,16.5,1,3
7,-7.29588831,-0.959542296,1.060200669,19.5,16.5,1,3
7,-7.220186426,-0.977844241,1.070234114,19.5,16.5,1,3
7,-7.145316574,-0.996357157,1.080267559,19.5,16.5,1,3
7,-7.071253792,-1.015080436,1.090301003,19.5,16.5,1,3
7,-6.997988602,-1.034014451,1.100334448,19.5,16.5,1,3
7,-6.925503812,-1.053159196,1.110367893,19.5,16.5,1,3
7,-6.853788684,-1.072515613,1.120401338,19.5,16.5,1,3
7,-6.78283112,-1.092083885,1.130434783,19.5,16.5,1,3
7,-6.712617633,-1.111865918,1.140468227,19.5,16.5,1,3
7,-6.643134009,-1.13186159,1.150501672,19.5,16.5,1,3
7,-6.574373146,-1.152071956,1.160535117,19.5,16.5,1,3
7,-6.506321075,-1.172497534,1.170568562,19.5,16.5,1,3
7,-6.438967337,-1.193138176,1.180602007,19.5,16.5,1,3
7,-6.372300493,-1.213995581,1.190635452,19.5,16.5,1,3
7,-6.306309485,-1.235070692,1.200668896,19.5,16.5,1,3
7,-6.240985607,-1.256363132,1.210702341,19.5,16.5,1,3
7,-6.176318193,-1.277874093,1.220735786,19.5,16.5,1,3
7,-6.112297106,-1.29960527,1.230769231,19.5,16.5,1,3
7,-6.048912034,-1.321555412,1.240802676,19.5,16.5,1,3
7,-5.986154273,-1.343726793,1.25083612,19.5,16.5,1,3
7,-5.924015865,-1.366120376,1.260869565,19.5,16.5,1,3
7,-5.862486355,-1.388734895,1.27090301,19.5,16.5,1,3
7,-5.801557278,-1.411573908,1.280936455,19.5,16.5,1,3
7,-5.741220363,-1.43463597,1.2909699,19.5,16.5,1,3
7,-5.681466824,-1.457922765,1.301003344,19.5,16.5,1,3
7,-5.622288975,-1.481435057,1.311036789,19.5,16.5,1,3
7,-5.563678056,-1.505173363,1.321070234,19.5,16.5,1,3
7,-5.5056265,-1.529139155,1.331103679,19.5,16.5,1,3
7,-5.44812765,-1.553332206,1.341137124,19.5,16.5,1,3
7,-5.39117305,-1.57775387,1.351170569,19.5,16.5,1,3
7,-5.334755765,-1.602405333,1.361204013,19.5,16.5,1,3
7,-5.278867743,-1.62728815,1.371237458,19.5,16.5,1,3
7,-5.223502896,-1.652402108,1.381270903,19.5,16.5,1,3
7,-5.168654383,-1.677747668,1.391304348,19.5,16.5,1,3
7,-5.114315189,-1.70332633,1.401337793,19.5,16.5,1,3
7,-5.060478282,-1.72913951,1.411371237,19.5,16.5,1,3
7,-5.007137635,-1.755188145,1.421404682,19.5,16.5,1,3
7,-4.954286349,-1.781472505,1.431438127,19.5,16.5,1,3
7,-4.901919131,-1.807994146,1.441471572,19.5,16.5,1,3
7,-4.850029463,-1.834754349,1.451505017,19.5,16.5,1,3
7,-4.798611234,-1.861752915,1.461538462,19.5,16.5,1,3
7,-4.747658625,-1.88899233,1.471571906,19.5,16.5,1,3
7,-4.697166188,-1.916473825,1.481605351,19.5,16.5,1,3
7,-4.647127679,-1.944197005,1.491638796,19.5,16.5,1,3
7,-4.597537763,-1.972164092,1.501672241,19.5,16.5,1,3
7,-4.548391151,-2.000376454,1.511705686,19.5,16.5,1,3
7,-4.499682273,-2.028834377,1.52173913,19.5,16.5,1,3
7,-4.451406936,-2.057539025,1.531772575,19.5,16.5,1,3
7,-4.403559604,-2.086493219,1.54180602,19.5,16.5,1,3
7,-4.35613406,-2.115697074,1.551839465,19.5,16.5,1,3
7,-4.309125716,-2.145152604,1.56187291,19.5,16.5,1,3
7,-4.262530922,-2.174860464,1.571906355,19.5,16.5,1,3
7,-4.216344567,-2.204821802,1.581939799,19.5,16.5,1,3
7,-4.170560938,-2.23503844,1.591973244,19.5,16.5,1,3
7,-4.125176405,-2.265512695,1.602006689,19.5,16.5,1,3
7,-4.080186799,-2.296245083,1.612040134,19.5,16.5,1,3
7,-4.035587203,-2.327236535,1.622073579,19.5,16.5,1,3
7,-3.991372651,-2.358490703,1.632107023,19.5,16.5,1,3
7,-3.947539807,-2.39000702,1.642140468,19.5,16.5,1,3
7,-3.904084192,-2.421787835,1.652173913,19.5,16.5,1,3
7,-3.86100062,-2.453835907,1.662207358,19.5,16.5,1,3
7,-3.818287437,-2.486152466,1.672240803,19.5,16.5,1,3
7,-3.775939058,-2.518737326,1.682274247,19.5,16.5,1,3
7,-3.733951115,-2.551595322,1.692307692,19.5,16.5,1,3
7,-3.692321098,-2.584725678,1.702341137,19.5,16.5,1,3
7,-3.651044331,-2.618133191,1.712374582,19.5,16.5,1,3
7,-3.610118793,-2.651816018,1.722408027,19.5,16.5,1,3
7,-3.569538597,-2.68577924,1.732441472,19.5,16.5,1,3
7,-3.529301261,-2.720024273,1.742474916,19.5,16.5,1,3
7,-3.489403138,-2.754552279,1.752508361,19.5,16.5,1,3
7,-3.449841333,-2.789366307,1.762541806,19.5,16.5,1,3
7,-3.410611311,-2.824468245,1.772575251,19.5,16.5,1,3
7,-3.37171024,-2.859860183,1.782608696,19.5,16.5,1,3
7,-3.333136042,-2.895545354,1.79264214,19.5,16.5,1,3
7,-3.294884773,-2.931525499,1.802675585,19.5,16.5,1,3
7,-3.256953049,-2.967802008,1.81270903,19.5,16.5,1,3
7,-3.219340585,-3.004382101,1.822742475,19.5,16.5,1,3
7,-3.182042848,-3.041265376,1.83277592,19.5,16.5,1,3
7,-3.145053263,-3.078454082,1.842809365,19.5,16.5,1,3
7,-3.108372657,-3.115949098,1.852842809,19.5,16.5,1,3
7,-3.071997813,-3.153755242,1.862876254,19.5,16.5,1,3
7,-3.035923199,-3.191873458,1.872909699,19.5,16.5,1,3
7,-3.000148196,-3.23030963,1.882943144,19.5,16.5,1,3
7,-2.964669929,-3.26906339,1.892976589,19.5,16.5,1,3
7,-2.929484514,-3.308139516,1.903010033,19.5,16.5,1,3
7,-2.894589729,-3.347540265,1.913043478,19.5,16.5,1,3
7,-2.859984179,-3.387270514,1.923076923,19.5,16.5,1,3
7,-2.825664721,-3.427330537,1.933110368,19.5,16.5,1,3
7,-2.791628737,-3.467725547,1.943143813,19.5,16.5,1,3
7,-2.757872576,-3.508459916,1.953177258,19.5,16.5,1,3
7,-2.724395102,-3.549534292,1.963210702,19.5,16.5,1,3
7,-2.691194752,-3.590954632,1.973244147,19.5,16.5,1,3
7,-2.658268118,-3.632723181,1.983277592,19.5,16.5,1,3
7,-2.62561266,-3.674844415,1.993311037,19.5,16.5,1,3
7,-2.593226329,-3.717323011,2.003344482,19.5,16.5,1,3
7,-2.561107404,-3.760159585,2.013377926,19.5,16.5,1,3
7,-2.529254259,-3.803360344,2.023411371,19.5,16.5,1,3
7,-2.497663748,-3.846929292,2.033444816,19.5,16.5,1,3
7,-2.466333503,-3.890869193,2.043478261,19.5,16.5,1,3
7,-2.43526309,-3.935187067,2.053511706,19.5,16.5,1,3
7,-2.404449308,-3.979885266,2.063545151,19.5,16.5,1,3
7,-2.373890541,-4.024968614,2.073578595,19.5,16.5,1,3
7,-2.343584138,-4.070441316,2.08361204,19.5,16.5,1,3
7,-2.31352913,-4.116307722,2.093645485,19.5,16.5,1,3
7,-2.283723792,-4.162573429,2.10367893,19.5,16.5,1,3
7,-2.254165372,-4.209242609,2.113712375,19.5,16.5,1,3
7,-2.224853376,-4.256320723,2.123745819,19.5,16.5,1,3
7,-2.195785656,-4.303812338,2.133779264,19.5,16.5,1,3
7,-2.166960029,-4.351723057,2.143812709,19.5,16.5,1,3
7,-2.138374756,-4.400058484,2.153846154,19.5,16.5,1,3
7,-2.110028904,-4.448823777,2.163879599,19.5,16.5,1,3
7,-2.081920214,-4.498023378,2.173913043,19.5,16.5,1,3
7,-2.054046603,-4.5476633,2.183946488,19.5,16.5,1,3
7,-2.026408331,-4.597749832,2.193979933,19.5,16.5,1,3
7,-1.999003092,-4.648288869,2.204013378,19.5,16.5,1,3
7,-1.97182835,-4.699286949,2.214046823,19.5,16.5,1,3
7,-1.944883812,-4.750750387,2.224080268,19.5,16.5,1,3
7,-1.918168036,-4.802682981,2.234113712,19.5,16.5,1,3
7,-1.891679288,-4.855093015,2.244147157,19.5,16.5,1,3
7,-1.865417251,-4.907988114,2.254180602,19.5,16.5,1,3
7,-1.839378934,-4.961373828,2.264214047,19.5,16.5,1,3
7,-1.813564118,-5.015257123,2.274247492,19.5,16.5,1,3
7,-1.787971076,-5.069645548,2.284280936,19.5,16.5,1,3
7,-1.762597818,-5.124545278,2.294314381,19.5,16.5,1,3
7,-1.73744467,-5.17996498,2.304347826,19.5,16.5,1,3
7,-1.712510173,-5.235911763,2.314381271,19.5,16.5,1,3
7,-1.687792472,-5.292392512,2.324414716,19.5,16.5,1,3
7,-1.663290918,-5.349416286,2.334448161,19.5,16.5,1,3
7,-1.639004104,-5.406990312,2.344481605,19.5,16.5,1,3
7,-1.61493082,-5.465124645,2.35451505,19.5,16.5,1,3
7,-1.59107105,-5.523825767,2.364548495,19.5,16.5,1,3
7,-1.567422983,-5.583103805,2.37458194,19.5,16.5,1,3
7,-1.543985428,-5.642965958,2.384615385,19.5,16.5,1,3
7,-1.520758421,-5.703422557,2.394648829,19.5,16.5,1,3
7,-1.49773996,-5.764484059,2.404682274,19.5,16.5,1,3
7,-1.474928385,-5.82615689,2.414715719,19.5,16.5,1,3
7,-1.452325977,-5.888452973,2.424749164,19.5,16.5,1,3
7,-1.429928919,-5.951383382,2.434782609,19.5,16.5,1,3
7,-1.407736899,-6.014956195,2.444816054,19.5,16.5,1,3
7,-1.385748507,-6.079184887,2.454849498,19.5,16.5,1,3
7,-1.363964622,-6.144076709,2.464882943,19.5,16.5,1,3
7,-1.342382954,-6.209643528,2.474916388,19.5,16.5,1,3
7,-1.321004515,-6.275897958,2.484949833,19.5,16.5,1,3
7,-1.299825837,-6.342850842,2.494983278,19.5,16.5,1,3
7,-1.278848355,-6.410514167,2.505016722,19.5,16.5,1,3
7,-1.258070901,-6.478901997,2.515050167,19.5,16.5,1,3
7,-1.237493264,-6.548024775,2.525083612,19.5,16.5,1,3
7,-1.217113412,-6.617896865,2.535117057,19.5,16.5,1,3
7,-1.196931045,-6.688529054,2.545150502,19.5,16.5,1,3
7,-1.176947479,-6.759935549,2.555183946,19.5,16.5,1,3
7,-1.157160233,-6.832144165,2.565217391,19.5,16.5,1,3
7,-1.137571246,-6.905154266,2.575250836,19.5,16.5,1,3
7,-1.118177105,-6.978986511,2.585284281,19.5,16.5,1,3
7,-1.098978446,-7.053650171,2.595317726,19.5,16.5,1,3
7,-1.079973546,-7.1291636,2.605351171,19.5,16.5,1,3
7,-1.061162331,-7.205543239,2.615384615,19.5,16.5,1,3
7,-1.042544226,-7.282803681,2.62541806,19.5,16.5,1,3
7,-1.024118439,-7.360965932,2.635451505,19.5,16.5,1,3
7,-1.005886204,-7.440041477,2.64548495,19.5,16.5,1,3
7,-0.987844946,-7.520052042,2.655518395,19.5,16.5,1,3
7,-0.96999548,-7.601016498,2.665551839,19.5,16.5,1,3
7,-0.952336585,-7.682951758,2.675585284,19.5,16.5,1,3
7,-0.934868569,-7.765879134,2.685618729,19.5,16.5,1,3
7,-0.917589927,-7.849819078,2.695652174,19.5,16.5,1,3
7,-0.900501936,-7.934790186,2.705685619,19.5,16.5,1,3
7,-0.883602314,-8.020816308,2.715719064,19.5,16.5,1,3
7,-0.86689167,-8.10791788,2.725752508,19.5,16.5,1,3
7,-0.850370209,-8.196118894,2.735785953,19.5,16.5,1,3
7,-0.834036245,-8.285443887,2.745819398,19.5,16.5,1,3
7,-0.817890716,-8.375915035,2.755852843,19.5,16.5,1,3
7,-0.801932794,-8.467559462,2.765886288,19.5,16.5,1,3
7,-0.78616152,-8.5604001,2.775919732,19.5,16.5,1,3
7,-0.770577914,-8.654467174,2.785953177,19.5,16.5,1,3
7,-0.755180586,-8.749788808,2.795986622,19.5,16.5,1,3
7,-0.739969234,-8.846391748,2.806020067,19.5,16.5,1,3
7,-0.724944821,-8.944307308,2.816053512,19.5,16.5,1,3
7,-0.71010629,-9.043563598,2.826086957,19.5,16.5,1,3
7,-0.695453645,-9.14419534,2.836120401,19.5,16.5,1,3
7,-0.68098565,-9.246235822,2.846153846,19.5,16.5,1,3
7,-0.666702987,-9.34971916,2.856187291,19.5,16.5,1,3
7,-0.652605473,-9.45468067,2.866220736,19.5,16.5,1,3
7,-0.638692751,-9.561155445,2.876254181,19.5,16.5,1,3
7,-0.624964566,-9.669185819,2.886287625,19.5,16.5,1,3
7,-0.61142058,-9.778809802,2.89632107,19.5,16.5,1,3
7,-0.598061227,-9.890067166,2.906354515,19.5,16.5,1,3
7,-0.584885885,-10.00300445,2.91638796,19.5,16.5,1,3
7,-0.571894023,-10.11766597,2.926421405,19.5,16.5,1,3
7,-0.559085816,-10.23409768,2.936454849,19.5,16.5,1,3
7,-0.546461205,-10.3523488,2.946488294,19.5,16.5,1,3
7,-0.534019984,-10.47246916,2.956521739,19.5,16.5,1,3
7,-0.521762468,-10.59451392,2.966555184,19.5,16.5,1,3
7,-0.509687561,-10.7185378,2.976588629,19.5,16.5,1,3
7,-0.497795143,-10.84459936,2.986622074,19.5,16.5,1,3
7,-0.486086479,-10.97275693,2.996655518,19.5,16.5,1,3
7,-0.474560394,-11.10307484,3.006688963,19.5,16.5,1,3
7,-0.463217214,-11.2356219,3.016722408,19.5,16.5,1,3
7,-0.452056161,-11.37046479,3.026755853,19.5,16.5,1,3
7,-0.441077707,-11.50767836,3.036789298,19.5,16.5,1,3
7,-0.430281308,-11.64733762,3.046822742,19.5,16.5,1,3
7,-0.419667836,-11.78952156,3.056856187,19.5,16.5,1,3
7,-0.409236593,-11.93431819,3.066889632,19.5,16.5,1,3
7,-0.398987616,-12.08181259,3.076923077,19.5,16.5,1,3
7,-0.388920487,-12.23210128,3.086956522,19.5,16.5,1,3
7,-0.379034871,-12.38528026,3.096989967,19.5,16.5,1,3
7,-0.369331937,-12.5414543,3.107023411,19.5,16.5,1,3
7,-0.359809705,-12.7007344,3.117056856,19.5,16.5,1,3
7,-0.350470024,-12.86323327,3.127090301,19.5,16.5,1,3
7,-0.341312698,-13.0290739,3.137123746,19.5,16.5,1,3
7,-0.332336475,-13.19839138,3.147157191,19.5,16.5,1,3
7,-0.323541625,-13.37131659,3.157190635,19.5,16.5,1,3
7,-0.31492875,-13.54800022,3.16722408,19.5,16.5,1,3
7,-0.306497901,-13.72859373,3.177257525,19.5,16.5,1,3
7,-0.298247858,-13.91326271,3.18729097,19.5,16.5,1,3
7,-0.29017967,-14.1021877,3.197324415,19.5,16.5,1,3
7,-0.282293113,-14.29554941,3.20735786,19.5,16.5,1,3
7,-0.274587726,-14.49355595,3.217391304,19.5,16.5,1,3
7,-0.267063501,-14.69641449,3.227424749,19.5,16.5,1,3
7,-0.259721051,-14.90435694,3.237458194,19.5,16.5,1,3
7,-0.252560033,-15.11763779,3.247491639,19.5,16.5,1,3
7,-0.245579975,-15.33651186,3.257525084,19.5,16.5,1,3
7,-0.238781068,-15.56127376,3.267558528,19.5,16.5,1,3
7,-0.23216417,-15.79222445,3.277591973,19.5,16.5,1,3
7,-0.225728538,-16.02969939,3.287625418,19.5,16.5,1,3
7,-0.219474234,-16.27406868,3.297658863,19.5,16.5,1,3
7,-0.213401719,-16.52578159,3.307692308,19.5,16.5,1,3
7,-0.207511801,-16.78524421,3.317725753,19.5,16.5,1,3
7,-0.201802982,-17.05289821,3.327759197,19.5,16.5,1,3
7,-0.19627622,-17.32924529,3.337792642,19.5,16.5,1,3
7,-0.190928636,-17.61485904,3.347826087,19.5,16.5,1,3
7,-0.185763398,-17.91034218,3.357859532,19.5,16.5,1,3
7,-0.180779956,-18.2163816,3.367892977,19.5,16.5,1,3
7,-0.17597668,-18.53373593,3.377926421,19.5,16.5,1,3
7,-0.17135531,-18.86323219,3.387959866,19.5,16.5,1,3
7,-0.166914572,-19.20581184,3.397993311,19.5,16.5,1,3
7,-0.162654366,-19.5625032,3.408026756,19.5,16.5,1,3
7,-0.158575014,-19.93448682,3.418060201,19.5,16.5,1,3
7,-0.154677894,-20.32308666,3.428093645,19.5,16.5,1,3
7,-0.15096148,-20.72978693,3.43812709,19.5,16.5,1,3
7,-0.147425616,-21.1563036,3.448160535,19.5,16.5,1,3
7,-0.144070986,-21.60456977,3.45819398,19.5,16.5,1,3
7,-0.140897732,-22.07684006,3.468227425,19.5,16.5,1,3
7,-0.137905119,-22.57571829,3.47826087,19.5,16.5,1,3
7,-0.135094079,-23.10421512,3.488294314,19.5,16.5,1,3
7,-0.13246324,-23.66589094,3.498327759,19.5,16.5,1,3
7,-0.13001306,-24.26491427,3.508361204,19.5,16.5,1,3
7,-0.127744057,-24.90627027,3.518394649,19.5,16.5,1,3
7,-0.12565625,-25.595901,3.528428094,19.5,16.5,1,3
7,-0.123749307,-26.34091384,3.538461538,19.5,16.5,1,3
7,-0.122023099,-27.14989213,3.548494983,19.5,16.5,1,3
7,-0.12047797,-28.0330896,3.558528428,19.5,16.5,1,3
7,-0.119113336,-29.00254246,3.568561873,19.5,16.5,1,3
7,-0.117929454,-30.07174422,3.578595318,19.5,16.5,1,3
7,-0.11692708,-31.25378729,3.588628763,19.5,16.5,1,3
7,-0.116104815,-32.55570255,3.598662207,19.5,16.5,1,3
7,-0.115462877,-33.96234715,3.608695652,19.5,16.5,1,3
7,-0.115002324,-35.39749703,3.618729097,19.5,16.5,1,3
7,-0.114722058,-36.65558137,3.628762542,19.5,16.5,1,3
7,-0.114622942,-37.37780804,3.638795987,19.5,16.5,1,3
7,-0.11470468,-37.25619933,3.648829431,19.5,16.5,1,3
7,-0.114966102,-36.34716841,3.658862876,19.5,16.5,1,3
7,-0.115408182,-35.00921346,3.668896321,19.5,16.5,1,3
7,-0.11603165,-33.5682301,3.678929766,19.5,16.5,1,3
7,-0.116834988,-32.18685617,3.688963211,19.5,16.5,1,3
7,-0.117819022,-30.91836161,3.698996656,19.5,16.5,1,3
7,-0.118983865,-29.76905751,3.7090301,19.5,16.5,1,3
7,-0.12032866,-28.72924252,3.719063545,19.5,16.5,1,3
7,-0.121854455,-27.78533493,3.72909699,19.5,16.5,1,3
7,-0.123560285,-26.92417882,3.739130435,19.5,16.5,1,3
7,-0.125446465,-26.13421417,3.74916388,19.5,16.5,1,3
7,-0.127513222,-25.40568597,3.759197324,19.5,16.5,1,3
7,-0.129759832,-24.73045327,3.769230769,19.5,16.5,1,3
7,-0.132186686,-24.10172729,3.779264214,19.5,16.5,1,3
7,-0.134793987,-23.5138727,3.789297659,19.5,16.5,1,3
7,-0.137581503,-22.96214354,3.799331104,19.5,16.5,1,3
7,-0.140549236,-22.44255293,3.809364548,19.5,16.5,1,3
7,-0.143696669,-21.95170689,3.819397993,19.5,16.5,1,3
7,-0.147024559,-21.48669548,3.829431438,19.5,16.5,1,3
7,-0.150532213,-21.04503869,3.839464883,19.5,16.5,1,3
7,-0.154219867,-20.62456964,3.849498328,19.5,16.5,1,3
7,-0.158087289,-20.22342062,3.859531773,19.5,16.5,1,3
7,-0.162135252,-19.83994731,3.869565217,19.5,16.5,1,3
7,-0.166363193,-19.47269451,3.879598662,19.5,16.5,1,3
7,-0.170770104,-19.12039846,3.889632107,19.5,16.5,1,3
7,-0.175356837,-18.78191752,3.899665552,19.5,16.5,1,3
7,-0.180123801,-18.45624989,3.909698997,19.5,16.5,1,3
7,-0.185071025,-18.1424875,3.919732441,19.5,16.5,1,3
7,-0.190198023,-17.83981223,3.929765886,19.5,16.5,1,3
7,-0.195503526,-17.54750185,3.939799331,19.5,16.5,1,3
7,-0.200988635,-17.26488991,3.949832776,19.5,16.5,1,3
7,-0.20665345,-16.99137049,3.959866221,19.5,16.5,1,3
7,-0.21249801,-16.72640652,3.969899666,19.5,16.5,1,3
7,-0.218522364,-16.4694891,3.97993311,19.5,16.5,1,3
7,-0.224725426,-16.22017159,3.989966555,19.5,16.5,1,3
7,-0.231108091,-15.97802675,4,19.5,16.5,1,3
8,-7.47787625,-0.963336758,1,20,17,1,3
8,-7.398770331,-0.981447173,1.010033445,20,17,1,3
8,-7.320537714,-0.999738752,1.02006689,20,17,1,3
8,-7.243157969,-1.018216841,1.030100334,20,17,1,3
8,-7.166618392,-1.036882654,1.040133779,20,17,1,3
8,-7.090899138,-1.055738701,1.050167224,20,17,1,3
8,-7.015989466,-1.07478708,1.060200669,20,17,1,3
8,-6.941872578,-1.094031749,1.070234114,20,17,1,3
8,-6.868542516,-1.11347452,1.080267559,20,17,1,3
8,-6.795974632,-1.133118339,1.090301003,20,17,1,3
8,-6.724156454,-1.152963712,1.100334448,20,17,1,3
8,-6.653077189,-1.173015362,1.110367893,20,17,1,3
8,-6.582719448,-1.193273553,1.120401338,20,17,1,3
8,-6.513075417,-1.21374257,1.130434783,20,17,1,3
8,-6.44413012,-1.234423613,1.140468227,20,17,1,3
8,-6.375871403,-1.25532023,1.150501672,20,17,1,3
8,-6.308291387,-1.276434332,1.160535117,20,17,1,3
8,-6.241377422,-1.297769398,1.170568562,20,17,1,3
8,-6.175118767,-1.319326492,1.180602007,20,17,1,3
8,-6.109504709,-1.341109965,1.190635452,20,17,1,3
8,-6.044525645,-1.363120466,1.200668896,20,17,1,3
8,-5.980172101,-1.385362407,1.210702341,20,17,1,3
8,-5.916435367,-1.407837132,1.220735786,20,17,1,3
8,-5.853305575,-1.430546683,1.230769231,20,17,1,3
8,-5.790772984,-1.4534958,1.240802676,20,17,1,3
8,-5.728830268,-1.476686101,1.25083612,20,17,1,3
8,-5.667467312,-1.500119326,1.260869565,20,17,1,3
8,-5.606679107,-1.523796815,1.27090301,20,17,1,3
8,-5.546454934,-1.547724056,1.280936455,20,17,1,3
8,-5.4867888,-1.571902019,1.2909699,20,17,1,3
8,-5.427673206,-1.596332591,1.301003344,20,17,1,3
8,-5.369100024,-1.62101835,1.311036789,20,17,1,3
8,-5.311061299,-1.645962588,1.321070234,20,17,1,3
8,-5.253552598,-1.671165834,1.331103679,20,17,1,3
8,-5.196565159,-1.69663223,1.341137124,20,17,1,3
8,-5.140093837,-1.722363591,1.351170569,20,17,1,3
8,-5.084132526,-1.74836094,1.361204013,20,17,1,3
8,-5.028673217,-1.774628792,1.371237458,20,17,1,3
8,-4.973711108,-1.801167761,1.381270903,20,17,1,3
8,-4.919241117,-1.827979507,1.391304348,20,17,1,3
8,-4.865256476,-1.855067377,1.401337793,20,17,1,3
8,-4.811751629,-1.882433885,1.411371237,20,17,1,3
8,-4.758721967,-1.910079741,1.421404682,20,17,1,3
8,-4.706162059,-1.938007953,1.431438127,20,17,1,3
8,-4.654065988,-1.966219589,1.441471572,20,17,1,3
8,-4.602429363,-1.994717048,1.451505017,20,17,1,3
8,-4.551247603,-2.02350308,1.461538462,20,17,1,3
8,-4.500515221,-2.052579121,1.471571906,20,17,1,3
8,-4.450227688,-2.081947081,1.481605351,20,17,1,3
8,-4.400380979,-2.1116088,1.491638796,20,17,1,3
8,-4.350969769,-2.14156628,1.501672241,20,17,1,3
8,-4.301990276,-2.171821327,1.511705686,20,17,1,3
8,-4.25343771,-2.202375752,1.52173913,20,17,1,3
8,-4.205308831,-2.233230864,1.531772575,20,17,1,3
8,-4.157598406,-2.264388902,1.54180602,20,17,1,3
8,-4.110302771,-2.295852757,1.551839465,20,17,1,3
8,-4.063417979,-2.327623362,1.56187291,20,17,1,3
8,-4.016941057,-2.359701036,1.571906355,20,17,1,3
8,-3.970868211,-2.392089884,1.581939799,20,17,1,3
8,-3.925194353,-2.424790088,1.591973244,20,17,1,3
8,-3.879915918,-2.457804017,1.602006689,20,17,1,3
8,-3.835029641,-2.491133048,1.612040134,20,17,1,3
8,-3.790533754,-2.524780243,1.622073579,20,17,1,3
8,-3.74642298,-2.558746647,1.632107023,20,17,1,3
8,-3.702693321,-2.593032989,1.642140468,20,17,1,3
8,-3.65934267,-2.627641886,1.652173913,20,17,1,3
8,-3.616367241,-2.662575421,1.662207358,20,17,1,3
8,-3.573763982,-2.697834511,1.672240803,20,17,1,3
8,-3.531531045,-2.733421544,1.682274247,20,17,1,3
8,-3.489661796,-2.769339918,1.692307692,20,17,1,3
8,-3.448155939,-2.805588997,1.702341137,20,17,1,3
8,-3.407010102,-2.842171731,1.712374582,20,17,1,3
8,-3.36622046,-2.879090085,1.722408027,20,17,1,3
8,-3.325783982,-2.916346247,1.732441472,20,17,1,3
8,-3.285698598,-2.953942416,1.742474916,20,17,1,3
8,-3.245960579,-2.991879701,1.752508361,20,17,1,3
8,-3.206568513,-3.030160479,1.762541806,20,17,1,3
8,-3.167517023,-3.068788481,1.772575251,20,17,1,3
8,-3.128805416,-3.107764049,1.782608696,20,17,1,3
8,-3.090429981,-3.147090065,1.79264214,20,17,1,3
8,-3.05238889,-3.186768457,1.802675585,20,17,1,3
8,-3.014679579,-3.226804009,1.81270903,20,17,1,3
8,-2.977300325,-3.267200381,1.822742475,20,17,1,3
8,-2.940248901,-3.307958172,1.83277592,20,17,1,3
8,-2.903518904,-3.349079019,1.842809365,20,17,1,3
8,-2.867109801,-3.390564583,1.852842809,20,17,1,3
8,-2.831017763,-3.432420179,1.862876254,20,17,1,3
8,-2.79524197,-3.474645526,1.872909699,20,17,1,3
8,-2.75977824,-3.517247259,1.882943144,20,17,1,3
8,-2.724625036,-3.560226539,1.892976589,20,17,1,3
8,-2.689780313,-3.603584713,1.903010033,20,17,1,3
8,-2.655241028,-3.647329484,1.913043478,20,17,1,3
8,-2.621003312,-3.691459586,1.923076923,20,17,1,3
8,-2.587066653,-3.735982796,1.933110368,20,17,1,3
8,-2.553429488,-3.780898679,1.943143813,20,17,1,3
8,-2.520086998,-3.826214908,1.953177258,20,17,1,3
8,-2.487037723,-3.871934259,1.963210702,20,17,1,3
8,-2.454280943,-3.918058985,1.973244147,20,17,1,3
8,-2.421812046,-3.964593683,1.983277592,20,17,1,3
8,-2.389630145,-4.011543058,1.993311037,20,17,1,3
8,-2.357733525,-4.058912282,2.003344482,20,17,1,3
8,-2.326117984,-4.106705564,2.013377926,20,17,1,3
8,-2.294783795,-4.154926944,2.023411371,20,17,1,3
8,-2.263728,-4.203583657,2.033444816,20,17,1,3
8,-2.232947667,-4.252678621,2.043478261,20,17,1,3
8,-2.202440633,-4.302216894,2.053511706,20,17,1,3
8,-2.172207317,-4.352203863,2.063545151,20,17,1,3
8,-2.142242071,-4.402646024,2.073578595,20,17,1,3
8,-2.112544505,-4.453548571,2.08361204,20,17,1,3
8,-2.083114242,-4.504917816,2.093645485,20,17,1,3
8,-2.053947602,-4.556760757,2.10367893,20,17,1,3
8,-2.025041896,-4.609081921,2.113712375,20,17,1,3
8,-1.996397099,-4.661887737,2.123745819,20,17,1,3
8,-1.968011297,-4.715185696,2.133779264,20,17,1,3
8,-1.939881477,-4.768981975,2.143812709,20,17,1,3
8,-1.912005294,-4.823284506,2.153846154,20,17,1,3
8,-1.884382232,-4.8781001,2.163879599,20,17,1,3
8,-1.857011003,-4.933437077,2.173913043,20,17,1,3
8,-1.829889208,-4.989301813,2.183946488,20,17,1,3
8,-1.803014713,-5.045701865,2.193979933,20,17,1,3
8,-1.7763868,-5.10264817,2.204013378,20,17,1,3
8,-1.750002877,-5.160146852,2.214046823,20,17,1,3
8,-1.723861131,-5.218206073,2.224080268,20,17,1,3
8,-1.697960739,-5.276835202,2.234113712,20,17,1,3
8,-1.672301531,-5.336042572,2.244147157,20,17,1,3
8,-1.646879878,-5.395839018,2.254180602,20,17,1,3
8,-1.621694297,-5.456234661,2.264214047,20,17,1,3
8,-1.596745398,-5.517237593,2.274247492,20,17,1,3
8,-1.572029449,-5.578858497,2.284280936,20,17,1,3
8,-1.547547164,-5.641107384,2.294314381,20,17,1,3
8,-1.523294776,-5.703996536,2.304347826,20,17,1,3
8,-1.499273387,-5.767535269,2.314381271,20,17,1,3
8,-1.475480252,-5.831735281,2.324414716,20,17,1,3
8,-1.451913503,-5.896607887,2.334448161,20,17,1,3
8,-1.428574696,-5.962164996,2.344481605,20,17,1,3
8,-1.405460663,-6.028420403,2.35451505,20,17,1,3
8,-1.382570493,-6.095383179,2.364548495,20,17,1,3
8,-1.359902937,-6.163068194,2.37458194,20,17,1,3
8,-1.337455923,-6.231489231,2.384615385,20,17,1,3
8,-1.31523085,-6.300657588,2.394648829,20,17,1,3
8,-1.293226383,-6.370590004,2.404682274,20,17,1,3
8,-1.271439807,-6.441297701,2.414715719,20,17,1,3
8,-1.249870628,-6.51279602,2.424749164,20,17,1,3
8,-1.228518495,-6.585100955,2.434782609,20,17,1,3
8,-1.207382722,-6.658226933,2.444816054,20,17,1,3
8,-1.186460167,-6.732191254,2.454849498,20,17,1,3
8,-1.165753117,-6.807008392,2.464882943,20,17,1,3
8,-1.145261098,-6.882694781,2.474916388,20,17,1,3
8,-1.124980283,-6.959268898,2.484949833,20,17,1,3
8,-1.104911882,-7.03674665,2.494983278,20,17,1,3
8,-1.08505411,-7.115147397,2.505016722,20,17,1,3
8,-1.065407335,-7.194490596,2.515050167,20,17,1,3
8,-1.045970095,-7.274791768,2.525083612,20,17,1,3
8,-1.02674257,-7.356075225,2.535117057,20,17,1,3
8,-1.007724666,-7.438355053,2.545150502,20,17,1,3
8,-0.988913652,-7.521657649,2.555183946,20,17,1,3
8,-0.970313111,-7.606014264,2.565217391,20,17,1,3
8,-0.951920405,-7.691435844,2.575250836,20,17,1,3
8,-0.933734122,-7.777946293,2.585284281,20,17,1,3
8,-0.915754449,-7.86556433,2.595317726,20,17,1,3
8,-0.897979268,-7.954317934,2.605351171,20,17,1,3
8,-0.880409826,-8.044230128,2.615384615,20,17,1,3
8,-0.863046967,-8.13532661,2.62541806,20,17,1,3
8,-0.845886462,-8.227634727,2.635451505,20,17,1,3
8,-0.828931457,-8.321179284,2.64548495,20,17,1,3
8,-0.812179875,-8.415989199,2.655518395,20,17,1,3
8,-0.795631803,-8.512096436,2.665551839,20,17,1,3
8,-0.779287567,-8.609526203,2.675585284,20,17,1,3
8,-0.763146604,-8.708310973,2.685618729,20,17,1,3
8,-0.747207376,-8.808484862,2.695652174,20,17,1,3
8,-0.731470489,-8.910078679,2.705685619,20,17,1,3
8,-0.715936385,-9.013128558,2.715719064,20,17,1,3
8,-0.700605297,-9.117667016,2.725752508,20,17,1,3
8,-0.685475051,-9.223733647,2.735785953,20,17,1,3
8,-0.670546506,-9.331366968,2.745819398,20,17,1,3
8,-0.655820058,-9.440603217,2.755852843,20,17,1,3
8,-0.641294285,-9.551487129,2.765886288,20,17,1,3
8,-0.626970795,-9.664056562,2.775919732,20,17,1,3
8,-0.612847642,-9.778360514,2.785953177,20,17,1,3
8,-0.598925196,-9.894444611,2.795986622,20,17,1,3
8,-0.585204139,-10.012356,2.806020067,20,17,1,3
8,-0.571683639,-10.13214417,2.816053512,20,17,1,3
8,-0.55836426,-10.25385912,2.826086957,20,17,1,3
8,-0.545244921,-10.37755969,2.836120401,20,17,1,3
8,-0.532326295,-10.5033009,2.846153846,20,17,1,3
8,-0.519608143,-10.63114026,2.856187291,20,17,1,3
8,-0.507089981,-10.76114246,2.866220736,20,17,1,3
8,-0.494772317,-10.89336891,2.876254181,20,17,1,3
8,-0.482654288,-11.02789032,2.886287625,20,17,1,3
8,-0.470736586,-11.16477714,2.89632107,20,17,1,3
8,-0.459019494,-11.30410049,2.906354515,20,17,1,3
8,-0.447502026,-11.44594297,2.91638796,20,17,1,3
8,-0.436184453,-11.59038548,2.926421405,20,17,1,3
8,-0.425066648,-11.73751305,2.936454849,20,17,1,3
8,-0.414148747,-11.88741725,2.946488294,20,17,1,3
8,-0.403430408,-12.04019138,2.956521739,20,17,1,3
8,-0.392911814,-12.19593964,2.966555184,20,17,1,3
8,-0.382592507,-12.35476567,2.976588629,20,17,1,3
8,-0.372472246,-12.51678316,2.986622074,20,17,1,3
8,-0.362552146,-12.68210946,2.996655518,20,17,1,3
8,-0.352831142,-12.85086943,3.006688963,20,17,1,3
8,-0.343309502,-13.0232006,3.016722408,20,17,1,3
8,-0.333987354,-13.19923982,3.026755853,20,17,1,3
8,-0.324863293,-13.37913868,3.036789298,20,17,1,3
8,-0.315938513,-13.56305546,3.046822742,20,17,1,3
8,-0.307213085,-13.75115988,3.056856187,20,17,1,3
8,-0.298685446,-13.94363773,3.066889632,20,17,1,3
8,-0.290357139,-14.14067631,3.076923077,20,17,1,3
8,-0.282227484,-14.34248737,3.086956522,20,17,1,3
8,-0.274295338,-14.54928794,3.096989967,20,17,1,3
8,-0.26656186,-14.7613177,3.107023411,20,17,1,3
8,-0.259025916,-14.97883627,3.117056856,20,17,1,3
8,-0.251688691,-15.20211366,3.127090301,20,17,1,3
8,-0.244548807,-15.43144661,3.137123746,20,17,1,3
8,-0.237607062,-15.66716086,3.147157191,20,17,1,3
8,-0.230862231,-15.90959609,3.157190635,20,17,1,3
8,-0.224314141,-16.15913771,3.16722408,20,17,1,3
8,-0.217963531,-16.41618491,3.177257525,20,17,1,3
8,-0.211810267,-16.68118777,3.18729097,20,17,1,3
8,-0.205853698,-16.95464071,3.197324415,20,17,1,3
8,-0.200093143,-17.23706609,3.20735786,20,17,1,3
8,-0.19452945,-17.52906075,3.217391304,20,17,1,3
8,-0.18916131,-17.83125861,3.227424749,20,17,1,3
8,-0.18398828,-18.14437771,3.237458194,20,17,1,3
8,-0.179011686,-18.46921621,3.247491639,20,17,1,3
8,-0.174230291,-18.80664019,3.257525084,20,17,1,3
8,-0.169643698,-19.15764332,3.267558528,20,17,1,3
8,-0.165252105,-19.52330952,3.277591973,20,17,1,3
8,-0.161055021,-19.90488185,3.287625418,20,17,1,3
8,-0.157052914,-20.30376692,3.297658863,20,17,1,3
8,-0.153246784,-20.72171846,3.307692308,20,17,1,3
8,-0.149633957,-21.16049426,3.317725753,20,17,1,3
8,-0.14621573,-21.62211562,3.327759197,20,17,1,3
8,-0.142991102,-22.10896555,3.337792642,20,17,1,3
8,-0.13995902,-22.62385489,3.347826087,20,17,1,3
8,-0.137119957,-23.1700188,3.357859532,20,17,1,3
8,-0.134473062,-23.75129834,3.367892977,20,17,1,3
8,-0.132017939,-24.37222747,3.377926421,20,17,1,3
8,-0.129754877,-25.03815848,3.387959866,20,17,1,3
8,-0.127683241,-25.75553681,3.397993311,20,17,1,3
8,-0.125804105,-26.53202082,3.408026756,20,17,1,3
8,-0.124115197,-27.3767962,3.418060201,20,17,1,3
8,-0.122617669,-28.3006806,3.428093645,20,17,1,3
8,-0.121309923,-29.31591061,3.43812709,20,17,1,3
8,-0.120192478,-30.43515477,3.448160535,20,17,1,3
8,-0.119265053,-31.66772237,3.45819398,20,17,1,3
8,-0.118527312,-33.00941504,3.468227425,20,17,1,3
8,-0.117979151,-34.41655643,3.47826087,20,17,1,3
8,-0.117620291,-35.75335387,3.488294314,20,17,1,3
8,-0.117450167,-36.73646868,3.498327759,20,17,1,3
8,-0.117468502,-37.01074462,3.508361204,20,17,1,3
8,-0.117675394,-36.44530278,3.518394649,20,17,1,3
8,-0.118070697,-35.28825139,3.528428094,20,17,1,3
8,-0.118653641,-33.90043005,3.538461538,20,17,1,3
8,-0.119423829,-32.50963236,3.548494983,20,17,1,3
8,-0.12038246,-31.20854513,3.558528428,20,17,1,3
8,-0.121528188,-30.02099789,3.568561873,20,17,1,3
8,-0.122860024,-28.94403535,3.578595318,20,17,1,3
8,-0.124378778,-27.96637413,3.588628763,20,17,1,3
8,-0.126084489,-27.07527908,3.598662207,20,17,1,3
8,-0.127976691,-26.25900132,3.608695652,20,17,1,3
8,-0.130055171,-25.50737716,3.618729097,20,17,1,3
8,-0.132319312,-24.81181978,3.628762542,20,17,1,3
8,-0.134769556,-24.16515917,3.638795987,20,17,1,3
8,-0.137405419,-23.56137643,3.648829431,20,17,1,3
8,-0.140226775,-22.99544114,3.658862876,20,17,1,3
8,-0.143233866,-22.4631077,3.668896321,20,17,1,3
8,-0.146426754,-21.96077365,3.678929766,20,17,1,3
8,-0.149804593,-21.48537118,3.688963211,20,17,1,3
8,-0.153367542,-21.03424886,3.698996656,20,17,1,3
8,-0.157115788,-20.6051326,3.7090301,20,17,1,3
8,-0.161049126,-20.19604549,3.719063545,20,17,1,3
8,-0.165167692,-19.80524911,3.72909699,20,17,1,3
8,-0.169470976,-19.43122951,3.739130435,20,17,1,3
8,-0.173959048,-19.07264354,3.74916388,20,17,1,3
8,-0.178631753,-18.72830717,3.759197324,20,17,1,3
8,-0.183489809,-18.39716342,3.769230769,20,17,1,3
8,-0.188532883,-18.07825919,3.779264214,20,17,1,3
8,-0.193760502,-17.77075569,3.789297659,20,17,1,3
8,-0.199173414,-17.47388339,3.799331104,20,17,1,3
8,-0.204771087,-17.18695763,3.809364548,20,17,1,3
8,-0.210553499,-16.90935472,3.819397993,20,17,1,3
8,-0.216521647,-16.64049988,3.829431438,20,17,1,3
8,-0.222674598,-16.37988218,3.839464883,20,17,1,3
8,-0.229012935,-16.12702458,3.849498328,20,17,1,3
8,-0.235536914,-15.88149934,3.859531773,20,17,1,3
8,-0.242246108,-15.64290715,3.869565217,20,17,1,3
8,-0.24914091,-15.4108765,3.879598662,20,17,1,3
8,-0.256221243,-15.18507817,3.889632107,20,17,1,3
8,-0.263488163,-14.96519347,3.899665552,20,17,1,3
8,-0.270940888,-14.75093942,3.909698997,20,17,1,3
8,-0.278579209,-14.54204652,3.919732441,20,17,1,3
8,-0.286404322,-14.33826057,3.929765886,20,17,1,3
8,-0.294415052,-14.13935699,3.939799331,20,17,1,3
8,-0.302613961,-13.94511802,3.949832776,20,17,1,3
8,-0.310999449,-13.75533671,3.959866221,20,17,1,3
8,-0.319571796,-13.56983172,3.969899666,20,17,1,3
8,-0.328331153,-13.38841947,3.97993311,20,17,1,3
8,-0.337278293,-13.21094204,3.989966555,20,17,1,3
8,-0.346413626,-13.03723595,4,20,17,1,3
9,-7.194400305,-1.017643199,1,20.5,17.5,1,3
9,-7.117157929,-1.038277762,1.010033445,20.5,17.5,1,3
9,-7.040803024,-1.059035002,1.02006689,20.5,17.5,1,3
9,-6.965312032,-1.079914696,1.030100334,20.5,17.5,1,3
9,-6.890661967,-1.100917341,1.040133779,20.5,17.5,1,3
9,-6.816828287,-1.122042212,1.050167224,20.5,17.5,1,3
9,-6.743788744,-1.143293535,1.060200669,20.5,17.5,1,3
9,-6.671524737,-1.164671694,1.070234114,20.5,17.5,1,3
9,-6.600019446,-1.186180701,1.080267559,20.5,17.5,1,3
9,-6.52924585,-1.207821201,1.090301003,20.5,17.5,1,3
9,-6.459184217,-1.229597102,1.100334448,20.5,17.5,1,3
9,-6.389816293,-1.251510595,1.110367893,20.5,17.5,1,3
9,-6.321124283,-1.273566706,1.120401338,20.5,17.5,1,3
9,-6.253090752,-1.295768597,1.130434783,20.5,17.5,1,3
9,-6.185700607,-1.318122322,1.140468227,20.5,17.5,1,3
9,-6.118938035,-1.340630917,1.150501672,20.5,17.5,1,3
9,-6.052788806,-1.363300905,1.160535117,20.5,17.5,1,3
9,-5.987236817,-1.386136948,1.170568562,20.5,17.5,1,3
9,-5.92227247,-1.409144437,1.180602007,20.5,17.5,1,3
9,-5.857880703,-1.432329845,1.190635452,20.5,17.5,1,3
9,-5.794050067,-1.455700621,1.200668896,20.5,17.5,1,3
9,-5.730769884,-1.479261022,1.210702341,20.5,17.5,1,3
9,-5.668029214,-1.503018886,1.220735786,20.5,17.5,1,3
9,-5.605819058,-1.526981888,1.230769231,20.5,17.5,1,3
9,-5.544129589,-1.551156645,1.240802676,20.5,17.5,1,3
9,-5.482952142,-1.575549058,1.25083612,20.5,17.5,1,3
9,-5.422279325,-1.600167379,1.260869565,20.5,17.5,1,3
9,-5.362103858,-1.625019103,1.27090301,20.5,17.5,1,3
9,-5.302417763,-1.650111727,1.280936455,20.5,17.5,1,3
9,-5.243216182,-1.675452041,1.2909699,20.5,17.5,1,3
9,-5.184492595,-1.701048044,1.301003344,20.5,17.5,1,3
9,-5.126241892,-1.726907221,1.311036789,20.5,17.5,1,3
9,-5.068458855,-1.753037784,1.321070234,20.5,17.5,1,3
9,-5.011139496,-1.779445899,1.331103679,20.5,17.5,1,3
9,-4.9542805,-1.806139369,1.341137124,20.5,17.5,1,3
9,-4.897877884,-1.833125225,1.351170569,20.5,17.5,1,3
9,-4.841928605,-1.860411961,1.361204013,20.5,17.5,1,3
9,-4.786428863,-1.888006012,1.371237458,20.5,17.5,1,3
9,-4.731377076,-1.915913984,1.381270903,20.5,17.5,1,3
9,-4.676771361,-1.944142501,1.391304348,20.5,17.5,1,3
9,-4.622608753,-1.972699321,1.401337793,20.5,17.5,1,3
9,-4.56888838,-2.001589378,1.411371237,20.5,17.5,1,3
9,-4.515608659,-2.030819941,1.421404682,20.5,17.5,1,3
9,-4.46276747,-2.060397163,1.431438127,20.5,17.5,1,3
9,-4.410365272,-2.090326234,1.441471572,20.5,17.5,1,3
9,-4.358399982,-2.120612807,1.451505017,20.5,17.5,1,3
9,-4.306871453,-2.151262119,1.461538462,20.5,17.5,1,3
9,-4.255779255,-2.182280171,1.471571906,20.5,17.5,1,3
9,-4.205121601,-2.213671651,1.481605351,20.5,17.5,1,3
9,-4.154898691,-2.245440086,1.491638796,20.5,17.5,1,3
9,-4.105110321,-2.277590013,1.501672241,20.5,17.5,1,3
9,-4.055755368,-2.31012609,1.511705686,20.5,17.5,1,3
9,-4.006833467,-2.343051385,1.52173913,20.5,17.5,1,3
9,-3.958344207,-2.376369181,1.531772575,20.5,17.5,1,3
9,-3.91028791,-2.410083178,1.54180602,20.5,17.5,1,3
9,-3.862662707,-2.444197901,1.551839465,20.5,17.5,1,3
9,-3.815469015,-2.478713435,1.56187291,20.5,17.5,1,3
9,-3.76870601,-2.513632228,1.571906355,20.5,17.5,1,3
9,-3.722372789,-2.548956803,1.581939799,20.5,17.5,1,3
9,-3.676468624,-2.584689517,1.591973244,20.5,17.5,1,3
9,-3.630992058,-2.620832742,1.602006689,20.5,17.5,1,3
9,-3.585941287,-2.657385928,1.612040134,20.5,17.5,1,3
9,-3.541318013,-2.694350777,1.622073579,20.5,17.5,1,3
9,-3.497118535,-2.731728535,1.632107023,20.5,17.5,1,3
9,-3.453341632,-2.769519855,1.642140468,20.5,17.5,1,3
9,-3.40998574,-2.807724576,1.652173913,20.5,17.5,1,3
9,-3.367050521,-2.846344263,1.662207358,20.5,17.5,1,3
9,-3.324532866,-2.885377379,1.672240803,20.5,17.5,1,3
9,-3.282429753,-2.924824824,1.682274247,20.5,17.5,1,3
9,-3.240739789,-2.964687366,1.692307692,20.5,17.5,1,3
9,-3.199460663,-3.00496161,1.702341137,20.5,17.5,1,3
9,-3.158589566,-3.045650774,1.712374582,20.5,17.5,1,3
9,-3.118124725,-3.086752059,1.722408027,20.5,17.5,1,3
9,-3.078062264,-3.128265953,1.732441472,20.5,17.5,1,3
9,-3.038398468,-3.170190162,1.742474916,20.5,17.5,1,3
9,-2.999131137,-3.212527784,1.752508361,20.5,17.5,1,3
9,-2.960258922,-3.255274084,1.762541806,20.5,17.5,1,3
9,-2.921775112,-3.29843084,1.772575251,20.5,17.5,1,3
9,-2.883677031,-3.341996434,1.782608696,20.5,17.5,1,3
9,-2.84596039,-3.385971189,1.79264214,20.5,17.5,1,3
9,-2.808622848,-3.430354337,1.802675585,20.5,17.5,1,3
9,-2.771659574,-3.475145536,1.81270903,20.5,17.5,1,3
9,-2.735070345,-3.520350862,1.822742475,20.5,17.5,1,3
9,-2.698847111,-3.565961827,1.83277592,20.5,17.5,1,3
9,-2.662986044,-3.611982746,1.842809365,20.5,17.5,1,3
9,-2.627482241,-3.65841077,1.852842809,20.5,17.5,1,3
9,-2.59232973,-3.705248301,1.862876254,20.5,17.5,1,3
9,-2.557526317,-3.752496352,1.872909699,20.5,17.5,1,3
9,-2.523065231,-3.800154335,1.882943144,20.5,17.5,1,3
9,-2.488943812,-3.848223941,1.892976589,20.5,17.5,1,3
9,-2.45515575,-3.896706984,1.903010033,20.5,17.5,1,3
9,-2.421697033,-3.945606184,1.913043478,20.5,17.5,1,3
9,-2.388563281,-3.994923529,1.923076923,20.5,17.5,1,3
9,-2.355750181,-4.04466135,1.933110368,20.5,17.5,1,3
9,-2.323252019,-4.094822,1.943143813,20.5,17.5,1,3
9,-2.291063416,-4.145410614,1.953177258,20.5,17.5,1,3
9,-2.259181545,-4.196429276,1.963210702,20.5,17.5,1,3
9,-2.227600126,-4.247882276,1.973244147,20.5,17.5,1,3
9,-2.196315051,-4.299774965,1.983277592,20.5,17.5,1,3
9,-2.165323005,-4.352111223,1.993311037,20.5,17.5,1,3
9,-2.134618627,-4.40489798,2.003344482,20.5,17.5,1,3
9,-2.10419657,-4.458139117,2.013377926,20.5,17.5,1,3
9,-2.074054268,-4.511842698,2.023411371,20.5,17.5,1,3
9,-2.044187323,-4.56601627,2.033444816,20.5,17.5,1,3
9,-2.014591484,-4.620664463,2.043478261,20.5,17.5,1,3
9,-1.98526113,-4.675797453,2.053511706,20.5,17.5,1,3
9,-1.956196047,-4.731420772,2.063545151,20.5,17.5,1,3
9,-1.927389196,-4.787545715,2.073578595,20.5,17.5,1,3
9,-1.898837816,-4.844181077,2.08361204,20.5,17.5,1,3
9,-1.870539502,-4.901335463,2.093645485,20.5,17.5,1,3
9,-1.842489193,-4.959020336,2.10367893,20.5,17.5,1,3
9,-1.814685817,-5.017245937,2.113712375,20.5,17.5,1,3
9,-1.787125956,-5.076022446,2.123745819,20.5,17.5,1,3
9,-1.759805168,-5.135362167,2.133779264,20.5,17.5,1,3
9,-1.732723623,-5.195277005,2.143812709,20.5,17.5,1,3
9,-1.705876856,-5.255779951,2.153846154,20.5,17.5,1,3
9,-1.679261693,-5.316883077,2.163879599,20.5,17.5,1,3
9,-1.652878086,-5.378601553,2.173913043,20.5,17.5,1,3
9,-1.626723455,-5.440948226,2.183946488,20.5,17.5,1,3
9,-1.600796125,-5.503936715,2.193979933,20.5,17.5,1,3
9,-1.575094311,-5.567582832,2.204013378,20.5,17.5,1,3
9,-1.549617021,-5.631902358,2.214046823,20.5,17.5,1,3
9,-1.524362206,-5.696909859,2.224080268,20.5,17.5,1,3
9,-1.499327822,-5.762621181,2.234113712,20.5,17.5,1,3
9,-1.474514302,-5.829053452,2.244147157,20.5,17.5,1,3
9,-1.449921071,-5.896224155,2.254180602,20.5,17.5,1,3
9,-1.425548114,-5.96414956,2.264214047,20.5,17.5,1,3
9,-1.401392799,-6.032847651,2.274247492,20.5,17.5,1,3
9,-1.377455704,-6.102337345,2.284280936,20.5,17.5,1,3
9,-1.353737808,-6.172636128,2.294314381,20.5,17.5,1,3
9,-1.330237921,-6.243762179,2.304347826,20.5,17.5,1,3
9,-1.306955135,-6.315735587,2.314381271,20.5,17.5,1,3
9,-1.283892009,-6.388574727,2.324414716,20.5,17.5,1,3
9,-1.261046709,-6.462300356,2.334448161,20.5,17.5,1,3
9,-1.238421104,-6.536933767,2.344481605,20.5,17.5,1,3
9,-1.216015061,-6.612493874,2.35451505,20.5,17.5,1,3
9,-1.193828356,-6.689000891,2.364548495,20.5,17.5,1,3
9,-1.171863168,-6.766477786,2.37458194,20.5,17.5,1,3
9,-1.150119293,-6.844945907,2.384615385,20.5,17.5,1,3
9,-1.128598297,-6.924425612,2.394648829,20.5,17.5,1,3
9,-1.107300426,-7.004941993,2.404682274,20.5,17.5,1,3
9,-1.086226683,-7.086514241,2.414715719,20.5,17.5,1,3
9,-1.065379375,-7.169167147,2.424749164,20.5,17.5,1,3
9,-1.044757998,-7.252924401,2.434782609,20.5,17.5,1,3
9,-1.024363958,-7.33780968,2.444816054,20.5,17.5,1,3
9,-1.004197081,-7.423848197,2.454849498,20.5,17.5,1,3
9,-0.984261608,-7.511061682,2.464882943,20.5,17.5,1,3
9,-0.964555671,-7.599475671,2.474916388,20.5,17.5,1,3
9,-0.945081474,-7.689119517,2.484949833,20.5,17.5,1,3
9,-0.925840338,-7.780015016,2.494983278,20.5,17.5,1,3
9,-0.906833096,-7.872190102,2.505016722,20.5,17.5,1,3
9,-0.888060043,-7.965674628,2.515050167,20.5,17.5,1,3
9,-0.869523388,-8.060491632,2.525083612,20.5,17.5,1,3
9,-0.851223581,-8.156673951,2.535117057,20.5,17.5,1,3
9,-0.833161207,-8.254245529,2.545150502,20.5,17.5,1,3
9,-0.815337134,-8.353238793,2.555183946,20.5,17.5,1,3
9,-0.797755137,-8.453704002,2.565217391,20.5,17.5,1,3
9,-0.780413474,-8.555654194,2.575250836,20.5,17.5,1,3
9,-0.763312609,-8.659123312,2.585284281,20.5,17.5,1,3
9,-0.746454146,-8.76413857,2.595317726,20.5,17.5,1,3
9,-0.729836662,-8.87073804,2.605351171,20.5,17.5,1,3
9,-0.713460787,-8.978958592,2.615384615,20.5,17.5,1,3
9,-0.697327926,-9.088831569,2.62541806,20.5,17.5,1,3
9,-0.681438799,-9.200399647,2.635451505,20.5,17.5,1,3
9,-0.665792288,-9.31369736,2.64548495,20.5,17.5,1,3
9,-0.65038861,-9.428765689,2.655518395,20.5,17.5,1,3
9,-0.635228124,-9.545649461,2.665551839,20.5,17.5,1,3
9,-0.620310555,-9.664388045,2.675585284,20.5,17.5,1,3
9,-0.605636124,-9.785027801,2.685618729,20.5,17.5,1,3
9,-0.591203718,-9.907619531,2.695652174,20.5,17.5,1,3
9,-0.577013712,-10.03220508,2.705685619,20.5,17.5,1,3
9,-0.56306522,-10.1588423,2.715719064,20.5,17.5,1,3
9,-0.549358114,-10.2875787,2.725752508,20.5,17.5,1,3
9,-0.535891054,-10.41847318,2.735785953,20.5,17.5,1,3
9,-0.522664445,-10.55158634,2.745819398,20.5,17.5,1,3
9,-0.509676197,-10.68697396,2.755852843,20.5,17.5,1,3
9,-0.496925445,-10.82470532,2.765886288,20.5,17.5,1,3
9,-0.484412101,-10.96484404,2.775919732,20.5,17.5,1,3
9,-0.472135134,-11.10746353,2.785953177,20.5,17.5,1,3
9,-0.460092198,-11.25264053,2.795986622,20.5,17.5,1,3
9,-0.448283636,-11.40045023,2.806020067,20.5,17.5,1,3
9,-0.436706849,-11.55097868,2.816053512,20.5,17.5,1,3
9,-0.425361008,-11.70431057,2.826086957,20.5,17.5,1,3
9,-0.41424509,-11.86054208,2.836120401,20.5,17.5,1,3
9,-0.403356467,-12.01977201,2.846153846,20.5,17.5,1,3
9,-0.39269502,-12.18210156,2.856187291,20.5,17.5,1,3
9,-0.382259115,-12.3476448,2.866220736,20.5,17.5,1,3
9,-0.372046477,-12.51651606,2.876254181,20.5,17.5,1,3
9,-0.362055195,-12.68884396,2.886287625,20.5,17.5,1,3
9,-0.352284175,-12.86475992,2.89632107,20.5,17.5,1,3
9,-0.342732881,-13.0444034,2.906354515,20.5,17.5,1,3
9,-0.333398254,-13.22792978,2.91638796,20.5,17.5,1,3
9,-0.32427817,-13.41549932,2.926421405,20.5,17.5,1,3
9,-0.315372455,-13.60728406,2.936454849,20.5,17.5,1,3
9,-0.306679013,-13.80346856,2.946488294,20.5,17.5,1,3
9,-0.298195671,-14.0042489,2.956521739,20.5,17.5,1,3
9,-0.289921505,-14.20984281,2.966555184,20.5,17.5,1,3
9,-0.281854172,-14.42047547,2.976588629,20.5,17.5,1,3
9,-0.273992375,-14.63639481,2.986622074,20.5,17.5,1,3
9,-0.266334923,-14.8578642,2.996655518,20.5,17.5,1,3
9,-0.258879966,-15.08516878,3.006688963,20.5,17.5,1,3
9,-0.251626188,-15.31862474,3.016722408,20.5,17.5,1,3
9,-0.244572334,-15.55856306,3.026755853,20.5,17.5,1,3
9,-0.237716799,-15.80535121,3.036789298,20.5,17.5,1,3
9,-0.231058164,-16.05938309,3.046822742,20.5,17.5,1,3
9,-0.224595025,-16.32109125,3.056856187,20.5,17.5,1,3
9,-0.218326587,-16.59095509,3.066889632,20.5,17.5,1,3
9,-0.212251669,-16.8694857,3.076923077,20.5,17.5,1,3
9,-0.206369307,-17.15725757,3.086956522,20.5,17.5,1,3
9,-0.20067884,-17.4548921,3.096989967,20.5,17.5,1,3
9,-0.195179206,-17.76308189,3.107023411,20.5,17.5,1,3
9,-0.189868949,-18.08260191,3.117056856,20.5,17.5,1,3
9,-0.184748147,-18.41429453,3.127090301,20.5,17.5,1,3
9,-0.179815618,-18.75911397,3.137123746,20.5,17.5,1,3
9,-0.175071287,-19.11813183,3.147157191,20.5,17.5,1,3
9,-0.170514492,-19.49253505,3.157190635,20.5,17.5,1,3
9,-0.166144995,-19.88368417,3.16722408,20.5,17.5,1,3
9,-0.161961999,-20.29310191,3.177257525,20.5,17.5,1,3
9,-0.157966092,-20.7225406,3.18729097,20.5,17.5,1,3
9,-0.154156238,-21.17401185,3.197324415,20.5,17.5,1,3
9,-0.150532793,-21.64980698,3.20735786,20.5,17.5,1,3
9,-0.147096863,-22.1526181,3.217391304,20.5,17.5,1,3
9,-0.143847427,-22.68554567,3.227424749,20.5,17.5,1,3
9,-0.140784518,-23.25226385,3.237458194,20.5,17.5,1,3
9,-0.137909367,-23.85711928,3.247491639,20.5,17.5,1,3
9,-0.135221802,-24.50524436,3.257525084,20.5,17.5,1,3
9,-0.132722242,-25.2028413,3.267558528,20.5,17.5,1,3
9,-0.130410919,-25.95732077,3.277591973,20.5,17.5,1,3
9,-0.128289925,-26.77767529,3.287625418,20.5,17.5,1,3
9,-0.126358463,-27.67473294,3.297658863,20.5,17.5,1,3
9,-0.124619372,-28.66220688,3.307692308,20.5,17.5,1,3
9,-0.123073139,-29.75446087,3.317725753,20.5,17.5,1,3
9,-0.121719109,-30.96559052,3.327759197,20.5,17.5,1,3
9,-0.120557504,-32.30364296,3.337792642,20.5,17.5,1,3
9,-0.119591612,-33.7526015,3.347826087,20.5,17.5,1,3
9,-0.118819269,-35.22730491,3.357859532,20.5,17.5,1,3
9,-0.118244017,-36.49264419,3.367892977,20.5,17.5,1,3
9,-0.117865468,-37.13636906,3.377926421,20.5,17.5,1,3
9,-0.117686343,-36.83920595,3.387959866,20.5,17.5,1,3
9,-0.117705737,-35.75535928,3.397993311,20.5,17.5,1,3
9,-0.117926059,-34.31844227,3.408026756,20.5,17.5,1,3
9,-0.118347632,-32.84057605,3.418060201,20.5,17.5,1,3
9,-0.118971905,-31.45270461,3.428093645,20.5,17.5,1,3
9,-0.119800669,-30.18964293,3.43812709,20.5,17.5,1,3
9,-0.120834474,-29.04949317,3.448160535,20.5,17.5,1,3
9,-0.122073779,-28.01934182,3.45819398,20.5,17.5,1,3
9,-0.12352043,-27.08442519,3.468227425,20.5,17.5,1,3
9,-0.12517614,-26.23120993,3.47826087,20.5,17.5,1,3
9,-0.12704015,-25.44813016,3.488294314,20.5,17.5,1,3
9,-0.129115195,-24.7254933,3.498327759,20.5,17.5,1,3
9,-0.131400743,-24.05530153,3.508361204,20.5,17.5,1,3
9,-0.133898895,-23.43088932,3.518394649,20.5,17.5,1,3
9,-0.136610148,-22.84671998,3.528428094,20.5,17.5,1,3
9,-0.139535015,-22.29817183,3.538461538,20.5,17.5,1,3
9,-0.142674588,-21.78132079,3.548494983,20.5,17.5,1,3
9,-0.146030172,-21.29284941,3.558528428,20.5,17.5,1,3
9,-0.149601212,-20.82992829,3.568561873,20.5,17.5,1,3
9,-0.153389842,-20.39011112,3.578595318,20.5,17.5,1,3
9,-0.157395164,-19.97129594,3.588628763,20.5,17.5,1,3
9,-0.161618003,-19.57163285,3.598662207,20.5,17.5,1,3
9,-0.166059378,-19.18951584,3.608695652,20.5,17.5,1,3
9,-0.170719441,-18.82353231,3.618729097,20.5,17.5,1,3
9,-0.175598544,-18.47242838,3.628762542,20.5,17.5,1,3
9,-0.180695844,-18.13509834,3.638795987,20.5,17.5,1,3
9,-0.186012232,-17.81054233,3.648829431,20.5,17.5,1,3
9,-0.191548216,-17.49787663,3.658862876,20.5,17.5,1,3
9,-0.197303051,-17.19630362,3.668896321,20.5,17.5,1,3
9,-0.203276929,-16.90510344,3.678929766,20.5,17.5,1,3
9,-0.209469803,-16.62362856,3.688963211,20.5,17.5,1,3
9,-0.21588174,-16.35128049,3.698996656,20.5,17.5,1,3
9,-0.222511483,-16.08752477,3.7090301,20.5,17.5,1,3
9,-0.229358598,-15.83187193,3.719063545,20.5,17.5,1,3
9,-0.236423261,-15.58386605,3.72909699,20.5,17.5,1,3
9,-0.243705213,-15.34309755,3.739130435,20.5,17.5,1,3
9,-0.251203367,-15.10918378,3.74916388,20.5,17.5,1,3
9,-0.258916468,-14.88177666,3.759197324,20.5,17.5,1,3
9,-0.266844423,-14.66055299,3.769230769,20.5,17.5,1,3
9,-0.274986506,-14.44520583,3.779264214,20.5,17.5,1,3
9,-0.283341332,-14.23546145,3.789297659,20.5,17.5,1,3
9,-0.291908638,-14.03105765,3.799331104,20.5,17.5,1,3
9,-0.300686878,-13.8317549,3.809364548,20.5,17.5,1,3
9,-0.309675141,-13.63732791,3.819397993,20.5,17.5,1,3
9,-0.31887266,-13.44756034,3.829431438,20.5,17.5,1,3
9,-0.328278351,-13.26225951,3.839464883,20.5,17.5,1,3
9,-0.337890861,-13.08123611,3.849498328,20.5,17.5,1,3
9,-0.347708262,-12.9043192,3.859531773,20.5,17.5,1,3
9,-0.357730576,-12.73134337,3.869565217,20.5,17.5,1,3
9,-0.367956856,-12.56215127,3.879598662,20.5,17.5,1,3
9,-0.37838442,-12.39660089,3.889632107,20.5,17.5,1,3
9,-0.389012453,-12.23455011,3.899665552,20.5,17.5,1,3
9,-0.399840614,-12.07587388,3.909698997,20.5,17.5,1,3
9,-0.410866804,-11.92044563,3.919732441,20.5,17.5,1,3
9,-0.42209017,-11.7681442,3.929765886,20.5,17.5,1,3
9,-0.433508687,-11.61886502,3.939799331,20.5,17.5,1,3
9,-0.445121877,-11.47250085,3.949832776,20.5,17.5,1,3
9,-0.456928645,-11.32894668,3.959866221,20.5,17.5,1,3
9,-0.468926903,-11.18811244,3.969899666,20.5,17.5,1,3
9,-0.481117224,-11.04990094,3.97993311,20.5,17.5,1,3
9,-0.493497113,-10.91423218,3.989966555,20.5,17.5,1,3
9,-0.506065681,-10.78101666,4,20.5,17.5,1,3
10,-6.976624062,-1.078940317,1,21,18,1,3
10,-6.898659876,-1.098820751,1.010033445,21,18,1,3
10,-6.82139062,-1.118876498,1.02006689,21,18,1,3
10,-6.744802542,-1.139122148,1.030100334,21,18,1,3
10,-6.66887922,-1.159568744,1.040133779,21,18,1,3
10,-6.593608732,-1.180229008,1.050167224,21,18,1,3
10,-6.518980995,-1.201116575,1.060200669,21,18,1,3
10,-6.444987432,-1.22224617,1.070234114,21,18,1,3
10,-6.371627695,-1.243631189,1.080267559,21,18,1,3
10,-6.298884663,-1.265282627,1.090301003,21,18,1,3
10,-6.226754182,-1.287213349,1.100334448,21,18,1,3
10,-6.155232262,-1.309436208,1.110367893,21,18,1,3
10,-6.08431597,-1.331962676,1.120401338,21,18,1,3
10,-6.014001857,-1.354803535,1.130434783,21,18,1,3
10,-5.944289232,-1.377970967,1.140468227,21,18,1,3
10,-5.875176727,-1.401475325,1.150501672,21,18,1,3
10,-5.806663943,-1.425328843,1.160535117,21,18,1,3
10,-5.738751662,-1.449538888,1.170568562,21,18,1,3
10,-5.671442457,-1.474114025,1.180602007,21,18,1,3
10,-5.604735657,-1.499064839,1.190635452,21,18,1,3
10,-5.538632705,-1.524396658,1.200668896,21,18,1,3
10,-5.473135826,-1.550118872,1.210702341,21,18,1,3
10,-5.408248037,-1.576235733,1.220735786,21,18,1,3
10,-5.343971543,-1.602753963,1.230769231,21,18,1,3
10,-5.280306667,-1.629677686,1.240802676,21,18,1,3
10,-5.21725622,-1.657011263,1.25083612,21,18,1,3
10,-5.154824028,-1.684757599,1.260869565,21,18,1,3
10,-5.09301118,-1.71291899,1.27090301,21,18,1,3
10,-5.031818602,-1.741497641,1.280936455,21,18,1,3
10,-4.971246647,-1.770494435,1.2909699,21,18,1,3
10,-4.91129776,-1.799908393,1.301003344,21,18,1,3
10,-4.85197342,-1.829739705,1.311036789,21,18,1,3
10,-4.793271944,-1.859987329,1.321070234,21,18,1,3
10,-4.735192879,-1.890649209,1.331103679,21,18,1,3
10,-4.677736644,-1.921722311,1.341137124,21,18,1,3
10,-4.620902488,-1.953203892,1.351170569,21,18,1,3
10,-4.564687961,-1.9850901,1.361204013,21,18,1,3
10,-4.509089852,-2.017375865,1.371237458,21,18,1,3
10,-4.454106058,-2.050057719,1.381270903,21,18,1,3
10,-4.399733637,-2.083129479,1.391304348,21,18,1,3
10,-4.34596889,-2.116585782,1.401337793,21,18,1,3
10,-4.292805337,-2.150421268,1.411371237,21,18,1,3
10,-4.240239626,-2.18462908,1.421404682,21,18,1,3
10,-4.188266652,-2.219202799,1.431438127,21,18,1,3
10,-4.136878941,-2.254136125,1.441471572,21,18,1,3
10,-4.086069161,-2.28942227,1.451505017,21,18,1,3
10,-4.035831304,-2.325054307,1.461538462,21,18,1,3
10,-3.986158192,-2.361025897,1.471571906,21,18,1,3
10,-3.937040594,-2.397330565,1.481605351,21,18,1,3
10,-3.888470244,-2.433960922,1.491638796,21,18,1,3
10,-3.84043845,-2.470911881,1.501672241,21,18,1,3
10,-3.792935272,-2.50817721,1.511705686,21,18,1,3
10,-3.745952274,-2.545750815,1.52173913,21,18,1,3
10,-3.699478966,-2.583627203,1.531772575,21,18,1,3
10,-3.653504965,-2.621802541,1.54180602,21,18,1,3
10,-3.608019507,-2.660272267,1.551839465,21,18,1,3
10,-3.563012726,-2.699032198,1.56187291,21,18,1,3
10,-3.518473527,-2.73807966,1.571906355,21,18,1,3
10,-3.474392132,-2.777411363,1.581939799,21,18,1,3
10,-3.430756073,-2.817025718,1.591973244,21,18,1,3
10,-3.387555345,-2.856920651,1.602006689,21,18,1,3
10,-3.344780069,-2.897097692,1.612040134,21,18,1,3
10,-3.302419726,-2.93755552,1.622073579,21,18,1,3
10,-3.26046047,-2.978295938,1.632107023,21,18,1,3
10,-3.218894543,-3.019320915,1.642140468,21,18,1,3
10,-3.177711719,-3.060632709,1.652173913,21,18,1,3
10,-3.136902474,-3.102234642,1.662207358,21,18,1,3
10,-3.096455592,-3.14413189,1.672240803,21,18,1,3
10,-3.056361127,-3.186329143,1.682274247,21,18,1,3
10,-3.016612723,-3.228833456,1.692307692,21,18,1,3
10,-2.977199421,-3.271650003,1.702341137,21,18,1,3
10,-2.938113151,-3.314787025,1.712374582,21,18,1,3
10,-2.899346619,-3.358255045,1.722408027,21,18,1,3
10,-2.86089156,-3.402060464,1.732441472,21,18,1,3
10,-2.822742091,-3.446214242,1.742474916,21,18,1,3
10,-2.784890625,-3.490727693,1.752508361,21,18,1,3
10,-2.747332874,-3.535610373,1.762541806,21,18,1,3
10,-2.710060808,-3.580876656,1.772575251,21,18,1,3
10,-2.673069415,-3.626537888,1.782608696,21,18,1,3
10,-2.636355886,-3.672607257,1.79264214,21,18,1,3
10,-2.599915828,-3.719099543,1.802675585,21,18,1,3
10,-2.563744865,-3.766027041,1.81270903,21,18,1,3
10,-2.527843674,-3.813411393,1.822742475,21,18,1,3
10,-2.492207055,-3.861261077,1.83277592,21,18,1,3
10,-2.456831879,-3.909591553,1.842809365,21,18,1,3
10,-2.421718045,-3.958418226,1.852842809,21,18,1,3
10,-2.386862948,-4.007757319,1.862876254,21,18,1,3
10,-2.352266986,-4.057625111,1.872909699,21,18,1,3
10,-2.31792936,-4.108035639,1.882943144,21,18,1,3
10,-2.283851497,-4.159006493,1.892976589,21,18,1,3
10,-2.250031121,-4.210551229,1.903010033,21,18,1,3
10,-2.216472023,-4.262689692,1.913043478,21,18,1,3
10,-2.183174837,-4.315432944,1.923076923,21,18,1,3
10,-2.150141778,-4.368798576,1.933110368,21,18,1,3
10,-2.11737322,-4.422803878,1.943143813,21,18,1,3
10,-2.084870411,-4.477461161,1.953177258,21,18,1,3
10,-2.052638798,-4.53278654,1.963210702,21,18,1,3
10,-2.020679125,-4.588795292,1.973244147,21,18,1,3
10,-1.988994143,-4.645498865,1.983277592,21,18,1,3
10,-1.957586334,-4.702914293,1.993311037,21,18,1,3
10,-1.926458909,-4.761054289,2.003344482,21,18,1,3
10,-1.895615901,-4.819929148,2.013377926,21,18,1,3
10,-1.865058921,-4.879553397,2.023411371,21,18,1,3
10,-1.834791559,-4.939940514,2.033444816,21,18,1,3
10,-1.804816854,-5.001099134,2.043478261,21,18,1,3
10,-1.775136541,-5.063043779,2.053511706,21,18,1,3
10,-1.74575559,-5.125782891,2.063545151,21,18,1,3
10,-1.716674122,-5.189327458,2.073578595,21,18,1,3
10,-1.6878953,-5.253686136,2.08361204,21,18,1,3
10,-1.65942407,-5.318868706,2.093645485,21,18,1,3
10,-1.63126072,-5.38488554,2.10367893,21,18,1,3
10,-1.60340563,-5.451744709,2.113712375,21,18,1,3
10,-1.575863069,-5.519453178,2.123745819,21,18,1,3
10,-1.548633927,-5.588018486,2.133779264,21,18,1,3
10,-1.521718968,-5.657447623,2.143812709,21,18,1,3
10,-1.495120502,-5.727749337,2.153846154,21,18,1,3
10,-1.46883687,-5.798930015,2.163879599,21,18,1,3
10,-1.442870632,-5.8709964,2.173913043,21,18,1,3
10,-1.417221799,-5.943953934,2.183946488,21,18,1,3
10,-1.391890268,-6.017808727,2.193979933,21,18,1,3
10,-1.366874503,-6.092570121,2.204013378,21,18,1,3
10,-1.342174345,-6.16824196,2.214046823,21,18,1,3
10,-1.317789141,-6.244830921,2.224080268,21,18,1,3
10,-1.29371801,-6.322343359,2.234113712,21,18,1,3
10,-1.269959689,-6.40078572,2.244147157,21,18,1,3
10,-1.246510817,-6.4801673,2.254180602,21,18,1,3
10,-1.223368963,-6.560493722,2.264214047,21,18,1,3
10,-1.200533099,-6.641772518,2.274247492,21,18,1,3
10,-1.178000972,-6.724013414,2.284280936,21,18,1,3
10,-1.155769122,-6.807224191,2.294314381,21,18,1,3
10,-1.133834392,-6.891415759,2.304347826,21,18,1,3
10,-1.112193369,-6.976596576,2.314381271,21,18,1,3
10,-1.090843805,-7.062779121,2.324414716,21,18,1,3
10,-1.069780332,-7.149976071,2.334448161,21,18,1,3
10,-1.048999193,-7.238199115,2.344481605,21,18,1,3
10,-1.028497755,-7.327464667,2.35451505,21,18,1,3
10,-1.008272454,-7.417784898,2.364548495,21,18,1,3
10,-0.988317678,-7.509178289,2.37458194,21,18,1,3
10,-0.968629649,-7.601664733,2.384615385,21,18,1,3
10,-0.949205431,-7.695260463,2.394648829,21,18,1,3
10,-0.930038443,-7.789990116,2.404682274,21,18,1,3
10,-0.91112683,-7.885871813,2.414715719,21,18,1,3
10,-0.892466322,-7.982932299,2.424749164,21,18,1,3
10,-0.874049653,-8.081199296,2.434782609,21,18,1,3
10,-0.855876147,-8.180697103,2.444816054,21,18,1,3
10,-0.83794037,-8.281459759,2.454849498,21,18,1,3
10,-0.820239826,-8.383514308,2.464882943,21,18,1,3
10,-0.802768613,-8.48689546,2.474916388,21,18,1,3
10,-0.785525267,-8.591643398,2.484949833,21,18,1,3
10,-0.768504442,-8.697791831,2.494983278,21,18,1,3
10,-0.751703984,-8.805382013,2.505016722,21,18,1,3
10,-0.735120209,-8.914460706,2.515050167,21,18,1,3
10,-0.71875097,-9.025066804,2.525083612,21,18,1,3
10,-0.702593546,-9.137254448,2.535117057,21,18,1,3
10,-0.686643478,-9.251068476,2.545150502,21,18,1,3
10,-0.670901845,-9.366564159,2.555183946,21,18,1,3
10,-0.655366896,-9.483821632,2.565217391,21,18,1,3
10,-0.640034948,-9.60287636,2.575250836,21,18,1,3
10,-0.624905751,-9.723795795,2.585284281,21,18,1,3
10,-0.609976211,-9.84663628,2.595317726,21,18,1,3
10,-0.595246063,-9.97146903,2.605351171,21,18,1,3
10,-0.580714755,-10.09836848,2.615384615,21,18,1,3
10,-0.566382113,-10.22740317,2.62541806,21,18,1,3
10,-0.55224754,-10.35865809,2.635451505,21,18,1,3
10,-0.538310941,-10.49220651,2.64548495,21,18,1,3
10,-0.524573886,-10.62814077,2.655518395,21,18,1,3
10,-0.511034964,-10.76654953,2.665551839,21,18,1,3
10,-0.497696538,-10.90752142,2.675585284,21,18,1,3
10,-0.48455902,-11.05115998,2.685618729,21,18,1,3
10,-0.471623277,-11.19756628,2.695652174,21,18,1,3
10,-0.458890507,-11.34684696,2.705685619,21,18,1,3
10,-0.446363099,-11.49911712,2.715719064,21,18,1,3
10,-0.434042075,-11.65449023,2.725752508,21,18,1,3
10,-0.421930122,-11.81309416,2.735785953,21,18,1,3
10,-0.410028784,-11.97506053,2.745819398,21,18,1,3
10,-0.398340004,-12.14052182,2.755852843,21,18,1,3
10,-0.386865559,-12.30962618,2.765886288,21,18,1,3
10,-0.37560881,-12.48252,2.775919732,21,18,1,3
10,-0.364571316,-12.65936935,2.785953177,21,18,1,3
10,-0.353755041,-12.84034212,2.795986622,21,18,1,3
10,-0.343163727,-13.02561438,2.806020067,21,18,1,3
10,-0.332798115,-13.21538014,2.816053512,21,18,1,3
10,-0.322662852,-13.40983515,2.826086957,21,18,1,3
10,-0.31275813,-13.60919945,2.836120401,21,18,1,3
10,-0.303086566,-13.81369827,2.846153846,21,18,1,3
10,-0.29365122,-14.02357383,2.856187291,21,18,1,3
10,-0.284454189,-14.23908827,2.866220736,21,18,1,3
10,-0.27549705,-14.46051624,2.876254181,21,18,1,3
10,-0.266781728,-14.68816138,2.886287625,21,18,1,3
10,-0.258311119,-14.92234511,2.89632107,21,18,1,3
10,-0.250086435,-15.16341124,2.906354515,21,18,1,3
10,-0.242108742,-15.41174031,2.91638796,21,18,1,3
10,-0.234379943,-15.66773751,2.926421405,21,18,1,3
10,-0.226900345,-15.93184573,2.936454849,21,18,1,3
10,-0.219672134,-16.20454769,2.946488294,21,18,1,3
10,-0.212696003,-16.4863668,2.956521739,21,18,1,3
10,-0.205972404,-16.77788994,2.966555184,21,18,1,3
10,-0.199502391,-17.07974896,2.976588629,21,18,1,3
10,-0.193285593,-17.39264787,2.986622074,21,18,1,3
10,-0.187322405,-17.71736398,2.996655518,21,18,1,3
10,-0.181612898,-18.05475999,3.006688963,21,18,1,3
10,-0.176156698,-18.40580977,3.016722408,21,18,1,3
10,-0.170953058,-18.77158789,3.026755853,21,18,1,3
10,-0.166002257,-19.1533175,3.036789298,21,18,1,3
10,-0.161302579,-19.55236974,3.046822742,21,18,1,3
10,-0.156853196,-19.970307,3.056856187,21,18,1,3
10,-0.152652618,-20.4089279,3.066889632,21,18,1,3
10,-0.148700221,-20.87027078,3.076923077,21,18,1,3
10,-0.144993755,-21.35671484,3.086956522,21,18,1,3
10,-0.14153186,-21.87100431,3.096989967,21,18,1,3
10,-0.138312086,-22.41636198,3.107023411,21,18,1,3
10,-0.13533292,-22.99659808,3.117056856,21,18,1,3
10,-0.132592872,-23.61619978,3.127090301,21,18,1,3
10,-0.130090441,-24.28055311,3.137123746,21,18,1,3
10,-0.127820313,-24.99615058,3.147157191,21,18,1,3
10,-0.125782061,-25.77080631,3.157190635,21,18,1,3
10,-0.123973521,-26.61405143,3.16722408,21,18,1,3
10,-0.122391996,-27.537372,3.177257525,21,18,1,3
10,-0.12103452,-28.55449325,3.18729097,21,18,1,3
10,-0.119898278,-29.68106654,3.197324415,21,18,1,3
10,-0.118981462,-30.9326293,3.20735786,21,18,1,3
10,-0.118281288,-32.31798811,3.217391304,21,18,1,3
10,-0.117795868,-33.81901296,3.227424749,21,18,1,3
10,-0.117520642,-35.33902882,3.237458194,21,18,1,3
10,-0.117455432,-36.60681321,3.247491639,21,18,1,3
10,-0.117597462,-37.15664741,3.257525084,21,18,1,3
10,-0.117944359,-36.69312162,3.267558528,21,18,1,3
10,-0.118492637,-35.47316707,3.277591973,21,18,1,3
10,-0.11924239,-33.96742232,3.287625418,21,18,1,3
10,-0.120189519,-32.4670021,3.297658863,21,18,1,3
10,-0.121335185,-31.08084068,3.307692308,21,18,1,3
10,-0.122676491,-29.82967013,3.317725753,21,18,1,3
10,-0.124211638,-28.70457407,3.327759197,21,18,1,3
10,-0.125937894,-27.68995556,3.337792642,21,18,1,3
10,-0.127855517,-26.76997209,3.347826087,21,18,1,3
10,-0.129962171,-25.93075465,3.357859532,21,18,1,3
10,-0.1322585,-25.1606025,3.367892977,21,18,1,3
10,-0.134743138,-24.44985024,3.377926421,21,18,1,3
10,-0.137414924,-23.79056896,3.387959866,21,18,1,3
10,-0.140273553,-23.17616084,3.397993311,21,18,1,3
10,-0.143319326,-22.60118423,3.408026756,21,18,1,3
10,-0.146553337,-22.06105257,3.418060201,21,18,1,3
10,-0.149974323,-21.55190766,3.428093645,21,18,1,3
10,-0.153583163,-21.07049674,3.43812709,21,18,1,3
10,-0.157379692,-20.614011,3.448160535,21,18,1,3
10,-0.161366175,-20.18006501,3.45819398,21,18,1,3
10,-0.165542519,-19.7665674,3.468227425,21,18,1,3
10,-0.169911013,-19.37170707,3.47826087,21,18,1,3
10,-0.174471053,-18.99391096,3.488294314,21,18,1,3
10,-0.179224989,-18.63177919,3.498327759,21,18,1,3
10,-0.18417391,-18.28409164,3.508361204,21,18,1,3
10,-0.189319403,-17.94974847,3.518394649,21,18,1,3
10,-0.194663839,-17.62777837,3.528428094,21,18,1,3
10,-0.200209306,-17.31732001,3.538461538,21,18,1,3
10,-0.205956383,-17.01758557,3.548494983,21,18,1,3
10,-0.211907355,-16.72787416,3.558528428,21,18,1,3
10,-0.218064688,-16.44755584,3.568561873,21,18,1,3
10,-0.224429876,-16.17605195,3.578595318,21,18,1,3
10,-0.231005231,-15.91284711,3.588628763,21,18,1,3
10,-0.237793256,-15.65746029,3.598662207,21,18,1,3
10,-0.244794766,-15.4094585,3.608695652,21,18,1,3
10,-0.252013215,-15.16844813,3.618729097,21,18,1,3
10,-0.259450219,-14.93406261,3.628762542,21,18,1,3
10,-0.267107302,-14.70597264,3.638795987,21,18,1,3
10,-0.274986207,-14.48386361,3.648829431,21,18,1,3
10,-0.283088806,-14.26745448,3.658862876,21,18,1,3
10,-0.291416937,-14.05648315,3.668896321,21,18,1,3
10,-0.299972656,-13.85070501,3.678929766,21,18,1,3
10,-0.308757351,-13.64989701,3.688963211,21,18,1,3
10,-0.317772446,-13.45384421,3.698996656,21,18,1,3
10,-0.327018978,-13.26235464,3.7090301,21,18,1,3
10,-0.336498188,-13.07524589,3.719063545,21,18,1,3
10,-0.34621099,-12.89234435,3.72909699,21,18,1,3
10,-0.356158063,-12.71349265,3.739130435,21,18,1,3
10,-0.366340346,-12.53854038,3.74916388,21,18,1,3
10,-0.376758243,-12.36734815,3.759197324,21,18,1,3
10,-0.387411783,-12.19978315,3.769230769,21,18,1,3
10,-0.398301337,-12.03571672,3.779264214,21,18,1,3
10,-0.409427027,-11.87503453,3.789297659,21,18,1,3
10,-0.420788834,-11.71762351,3.799331104,21,18,1,3
10,-0.432385548,-11.56337976,3.809364548,21,18,1,3
10,-0.444217043,-11.41220239,3.819397993,21,18,1,3
10,-0.456282723,-11.26399051,3.829431438,21,18,1,3
10,-0.468581913,-11.11866031,3.839464883,21,18,1,3
10,-0.481113195,-10.97612009,3.849498328,21,18,1,3
10,-0.493875254,-10.83629005,3.859531773,21,18,1,3
10,-0.506866518,-10.69909019,3.869565217,21,18,1,3
10,-0.520085485,-10.56444099,3.879598662,21,18,1,3
10,-0.53353075,-10.4322731,3.889632107,21,18,1,3
10,-0.547200714,-10.30251297,3.899665552,21,18,1,3
10,-0.561092976,-10.17509656,3.909698997,21,18,1,3
10,-0.575204865,-10.04995697,3.919732441,21,18,1,3
10,-0.589535189,-9.927028108,3.929765886,21,18,1,3
10,-0.604082038,-9.806254182,3.939799331,21,18,1,3
10,-0.618842062,-9.687573731,3.949832776,21,18,1,3
10,-0.633814364,-9.570926822,3.959866221,21,18,1,3
10,-0.648995312,-9.456263262,3.969899666,21,18,1,3
10,-0.664382806,-9.343525358,3.97993311,21,18,1,3
10,-0.679973495,-9.232663426,3.989966555,21,18,1,3
10,-0.695767159,-9.123624442,4,21,18,1,3
